ISO-10303-21;
HEADER;
/* Generated by software containing ST-Developer
 * from STEP Tools, Inc. (www.steptools.com) 
 */

FILE_DESCRIPTION(
/* description */ (''),
/* implementation_level */ '2;1');

FILE_NAME(
/* name */ 'Body.step',
/* time_stamp */ '2026-09-25T13:29:55-04:00',
/* author */ (''),
/* organization */ (''),
/* preprocessor_version */ 'ST-DEVELOPER v20.2',
/* originating_system */ 'Autodesk Translation Framework v15.15.0.0',
/* authorisation */ '');

FILE_SCHEMA (('AUTOMOTIVE_DESIGN { 1 0 10303 214 3 1 1 }'));
ENDSEC;

DATA;
#10=MECHANICAL_DESIGN_GEOMETRIC_PRESENTATION_REPRESENTATION('',(#14,#15,
#16,#17,#18,#19),#6762);
#11=SHAPE_REPRESENTATION_RELATIONSHIP('SRR','None',#6769,#12);
#12=ADVANCED_BREP_SHAPE_REPRESENTATION('',(#13),#6761);
#13=MANIFOLD_SOLID_BREP('Body',#3507);
#14=STYLED_ITEM('',(#6780),#3458);
#15=STYLED_ITEM('',(#6780),#3461);
#16=STYLED_ITEM('',(#6780),#3488);
#17=STYLED_ITEM('',(#6780),#3491);
#18=STYLED_ITEM('',(#6780),#3506);
#19=STYLED_ITEM('',(#6779),#13);
#20=ELLIPSE('',#3681,5.44472221513642,3.85);
#21=ELLIPSE('',#3683,5.44472221513642,3.85);
#22=ELLIPSE('',#3708,5.44472221513642,3.84999999999999);
#23=ELLIPSE('',#3710,5.44472221513642,3.84999999999999);
#24=(
BOUNDED_CURVE()
B_SPLINE_CURVE(5,(#5731,#5732,#5733,#5734,#5735,#5736,#5737,#5738,#5739,
#5740),.UNSPECIFIED.,.F.,.F.)
B_SPLINE_CURVE_WITH_KNOTS((6,1,1,1,1,6),(0.0506629990333784,0.2,0.4,0.6,
0.8,0.950969452525737),.UNSPECIFIED.)
CURVE()
GEOMETRIC_REPRESENTATION_ITEM()
RATIONAL_B_SPLINE_CURVE((1.,1.,1.,1.,1.,1.,1.,1.,1.,1.))
REPRESENTATION_ITEM('')
);
#25=(
BOUNDED_CURVE()
B_SPLINE_CURVE(5,(#6115,#6116,#6117,#6118,#6119,#6120,#6121,#6122,#6123,
#6124),.UNSPECIFIED.,.F.,.F.)
B_SPLINE_CURVE_WITH_KNOTS((6,1,1,1,1,6),(0.,0.2,0.4,0.6,0.8,1.),
 .UNSPECIFIED.)
CURVE()
GEOMETRIC_REPRESENTATION_ITEM()
RATIONAL_B_SPLINE_CURVE((1.,1.,1.,1.,1.,1.,1.,1.,1.,1.))
REPRESENTATION_ITEM('')
);
#26=(
BOUNDED_CURVE()
B_SPLINE_CURVE(5,(#6181,#6182,#6183,#6184,#6185,#6186,#6187,#6188,#6189,
#6190),.UNSPECIFIED.,.F.,.F.)
B_SPLINE_CURVE_WITH_KNOTS((6,1,1,1,1,6),(-0.955823088124984,-0.8,-0.6,-0.4,
-0.2,-0.0450483934901227),.UNSPECIFIED.)
CURVE()
GEOMETRIC_REPRESENTATION_ITEM()
RATIONAL_B_SPLINE_CURVE((1.,1.,1.,1.,1.,1.,1.,1.,1.,1.))
REPRESENTATION_ITEM('')
);
#27=(
BOUNDED_CURVE()
B_SPLINE_CURVE(5,(#6624,#6625,#6626,#6627,#6628,#6629,#6630,#6631,#6632,
#6633),.UNSPECIFIED.,.F.,.F.)
B_SPLINE_CURVE_WITH_KNOTS((6,1,1,1,1,6),(0.,0.2,0.4,0.6,0.8,1.),
 .UNSPECIFIED.)
CURVE()
GEOMETRIC_REPRESENTATION_ITEM()
RATIONAL_B_SPLINE_CURVE((1.,1.,1.,1.,1.,1.,1.,1.,1.,1.))
REPRESENTATION_ITEM('')
);
#28=B_SPLINE_SURFACE_WITH_KNOTS('',3,3,((#5278,#5279,#5280,#5281,#5282,
#5283),(#5284,#5285,#5286,#5287,#5288,#5289),(#5290,#5291,#5292,#5293,#5294,
#5295),(#5296,#5297,#5298,#5299,#5300,#5301),(#5302,#5303,#5304,#5305,#5306,
#5307)),.UNSPECIFIED.,.F.,.F.,.F.,(4,1,4),(4,1,1,4),(0.,0.571428571428571,
1.),(3.25297523578804E-15,0.236293669855643,0.393822783092736,0.551351896329829),
 .UNSPECIFIED.);
#29=B_SPLINE_SURFACE_WITH_KNOTS('',3,3,((#5329,#5330,#5331,#5332,#5333,
#5334),(#5335,#5336,#5337,#5338,#5339,#5340),(#5341,#5342,#5343,#5344,#5345,
#5346),(#5347,#5348,#5349,#5350,#5351,#5352),(#5353,#5354,#5355,#5356,#5357,
#5358)),.UNSPECIFIED.,.F.,.F.,.F.,(4,1,4),(4,1,1,4),(0.,0.571428571428571,
1.),(2.8158039041897E-15,0.23534713312987,0.392245221883115,0.54914331063636),
 .UNSPECIFIED.);
#30=B_SPLINE_SURFACE_WITH_KNOTS('',3,3,((#5380,#5381,#5382,#5383,#5384,
#5385),(#5386,#5387,#5388,#5389,#5390,#5391),(#5392,#5393,#5394,#5395,#5396,
#5397),(#5398,#5399,#5400,#5401,#5402,#5403),(#5404,#5405,#5406,#5407,#5408,
#5409)),.UNSPECIFIED.,.F.,.F.,.F.,(4,1,4),(4,1,1,4),(0.,0.571428571428571,
1.),(2.47040627677301E-15,0.235467760080683,0.392446266801136,0.549424773521589),
 .UNSPECIFIED.);
#31=B_SPLINE_SURFACE_WITH_KNOTS('',3,3,((#5431,#5432,#5433,#5434,#5435,
#5436),(#5437,#5438,#5439,#5440,#5441,#5442),(#5443,#5444,#5445,#5446,#5447,
#5448),(#5449,#5450,#5451,#5452,#5453,#5454),(#5455,#5456,#5457,#5458,#5459,
#5460)),.UNSPECIFIED.,.F.,.F.,.F.,(4,1,4),(4,1,1,4),(0.,0.571428571428571,
1.),(2.03453482908127E-15,0.235467989206277,0.392446648677127,0.549425308147977),
 .UNSPECIFIED.);
#32=B_SPLINE_SURFACE_WITH_KNOTS('',3,1,((#5473,#5474),(#5475,#5476),(#5477,
#5478),(#5479,#5480),(#5481,#5482),(#5483,#5484),(#5485,#5486),(#5487,#5488),
(#5489,#5490),(#5491,#5492)),.UNSPECIFIED.,.F.,.F.,.F.,(4,3,3,4),(2,2),
(-1.,-0.823559859898816,-0.382284519166036,0.),(0.,0.4),.UNSPECIFIED.);
#33=B_SPLINE_SURFACE_WITH_KNOTS('',3,1,((#5512,#5513),(#5514,#5515),(#5516,
#5517),(#5518,#5519),(#5520,#5521),(#5522,#5523),(#5524,#5525),(#5526,#5527),
(#5528,#5529),(#5530,#5531)),.UNSPECIFIED.,.F.,.F.,.F.,(4,3,3,4),(2,2),
(-1.,-0.880120751942704,-0.485638393102348,0.),(0.,0.4),.UNSPECIFIED.);
#34=B_SPLINE_SURFACE_WITH_KNOTS('',3,1,((#5557,#5558),(#5559,#5560),(#5561,
#5562),(#5563,#5564),(#5565,#5566),(#5567,#5568),(#5569,#5570),(#5571,#5572),
(#5573,#5574),(#5575,#5576)),.UNSPECIFIED.,.F.,.F.,.F.,(4,3,3,4),(2,2),
(-1.,-0.836806728749129,-0.387194616363699,0.),(0.,0.4),.UNSPECIFIED.);
#35=B_SPLINE_SURFACE_WITH_KNOTS('',3,1,((#5580,#5581),(#5582,#5583),(#5584,
#5585),(#5586,#5587),(#5588,#5589),(#5590,#5591),(#5592,#5593),(#5594,#5595),
(#5596,#5597),(#5598,#5599)),.UNSPECIFIED.,.F.,.F.,.F.,(4,3,3,4),(2,2),
(0.,0.387198842731758,0.836811117559007,1.),(0.,0.4),.UNSPECIFIED.);
#36=B_SPLINE_SURFACE_WITH_KNOTS('',3,3,((#5777,#5778,#5779,#5780,#5781,
#5782,#5783,#5784,#5785,#5786),(#5787,#5788,#5789,#5790,#5791,#5792,#5793,
#5794,#5795,#5796),(#5797,#5798,#5799,#5800,#5801,#5802,#5803,#5804,#5805,
#5806),(#5807,#5808,#5809,#5810,#5811,#5812,#5813,#5814,#5815,#5816)),
 .UNSPECIFIED.,.F.,.F.,.F.,(4,4),(4,1,1,1,1,1,1,4),(0.,1.),(-5.01289305029181,
-3.58063789306558,-3.22257410375902,-2.86451031445246,-2.5064465251459,
-2.14838273583935,-0.716127578613115,9.28635951826628E-16),
 .UNSPECIFIED.);
#37=B_SPLINE_SURFACE_WITH_KNOTS('',3,3,((#5860,#5861,#5862,#5863,#5864,
#5865,#5866,#5867,#5868),(#5869,#5870,#5871,#5872,#5873,#5874,#5875,#5876,
#5877),(#5878,#5879,#5880,#5881,#5882,#5883,#5884,#5885,#5886),(#5887,#5888,
#5889,#5890,#5891,#5892,#5893,#5894,#5895)),.UNSPECIFIED.,.F.,.F.,.F.,(4,
4),(4,1,1,1,1,1,4),(0.,1.),(-5.2248763921674,-2.98938819856192,-2.616806832961,
-2.24422546736009,-2.05793478455963,-1.49906273615826,-0.00873727375460565),
 .UNSPECIFIED.);
#38=B_SPLINE_SURFACE_WITH_KNOTS('',3,1,((#5930,#5931),(#5932,#5933),(#5934,
#5935),(#5936,#5937),(#5938,#5939),(#5940,#5941),(#5942,#5943),(#5944,#5945),
(#5946,#5947),(#5948,#5949),(#5950,#5951),(#5952,#5953),(#5954,#5955),(#5956,
#5957),(#5958,#5959),(#5960,#5961)),.UNSPECIFIED.,.F.,.F.,.F.,(4,3,3,3,
3,4),(2,2),(-1.01,-1.,-0.769410066608611,-0.361798497423479,0.,0.01),(0.0999999999999997,
0.45),.UNSPECIFIED.);
#39=B_SPLINE_SURFACE_WITH_KNOTS('',3,1,((#6130,#6131),(#6132,#6133),(#6134,
#6135),(#6136,#6137),(#6138,#6139),(#6140,#6141),(#6142,#6143),(#6144,#6145),
(#6146,#6147),(#6148,#6149)),.UNSPECIFIED.,.F.,.F.,.F.,(4,3,3,4),(2,2),
(-1.,-0.733655880862181,-0.340361627530064,0.),(0.,0.55),.UNSPECIFIED.);
#40=B_SPLINE_SURFACE_WITH_KNOTS('',3,3,((#6233,#6234,#6235,#6236,#6237,
#6238,#6239,#6240,#6241,#6242,#6243,#6244,#6245,#6246,#6247,#6248),(#6249,
#6250,#6251,#6252,#6253,#6254,#6255,#6256,#6257,#6258,#6259,#6260,#6261,
#6262,#6263,#6264),(#6265,#6266,#6267,#6268,#6269,#6270,#6271,#6272,#6273,
#6274,#6275,#6276,#6277,#6278,#6279,#6280),(#6281,#6282,#6283,#6284,#6285,
#6286,#6287,#6288,#6289,#6290,#6291,#6292,#6293,#6294,#6295,#6296)),
 .UNSPECIFIED.,.F.,.F.,.F.,(4,4),(4,1,1,1,1,1,1,1,1,1,1,1,1,4),(0.,1.),
(-3.38600712431124,-2.41857651736517,-2.17671886562866,-2.0557900397604,
-1.93486121389214,-1.81393238802388,-1.69300356215562,-1.4511459104191,
-1.39068149748497,-1.33021708455084,-1.20928825868259,-0.967430606946068,
-0.483715303473033,2.3543765934354E-15),.UNSPECIFIED.);
#41=B_SPLINE_SURFACE_WITH_KNOTS('',3,3,((#6354,#6355,#6356,#6357,#6358,
#6359,#6360,#6361,#6362,#6363,#6364,#6365,#6366,#6367,#6368,#6369,#6370),
(#6371,#6372,#6373,#6374,#6375,#6376,#6377,#6378,#6379,#6380,#6381,#6382,
#6383,#6384,#6385,#6386,#6387),(#6388,#6389,#6390,#6391,#6392,#6393,#6394,
#6395,#6396,#6397,#6398,#6399,#6400,#6401,#6402,#6403,#6404),(#6405,#6406,
#6407,#6408,#6409,#6410,#6411,#6412,#6413,#6414,#6415,#6416,#6417,#6418,
#6419,#6420,#6421)),.UNSPECIFIED.,.F.,.F.,.F.,(4,4),(4,1,1,1,1,1,1,1,1,
1,1,1,1,1,4),(0.,1.),(-3.41873232668431,-2.93158664267022,-2.44444095865613,
-2.20086811664909,-2.07908169564556,-2.0181884851438,-1.95729527464204,
-1.713722432635,-1.59193601163147,-1.47014959062795,-1.34836316962443,-1.2265767486209,
-0.983003906613859,-0.495858222599768,-0.008712538585677),.UNSPECIFIED.);
#42=B_SPLINE_SURFACE_WITH_KNOTS('',3,1,((#6464,#6465),(#6466,#6467),(#6468,
#6469),(#6470,#6471),(#6472,#6473),(#6474,#6475),(#6476,#6477),(#6478,#6479),
(#6480,#6481),(#6482,#6483),(#6484,#6485),(#6486,#6487),(#6488,#6489)),
 .UNSPECIFIED.,.F.,.F.,.F.,(4,3,3,3,4),(2,2),(-0.01,0.,0.5,1.,1.01),(0.0999999999999997,
0.45),.UNSPECIFIED.);
#43=B_SPLINE_SURFACE_WITH_KNOTS('',3,1,((#6660,#6661),(#6662,#6663),(#6664,
#6665),(#6666,#6667),(#6668,#6669),(#6670,#6671),(#6672,#6673)),
 .UNSPECIFIED.,.F.,.F.,.F.,(4,3,4),(2,2),(0.,0.5,1.),(0.,0.55),
 .UNSPECIFIED.);
#44=FACE_BOUND('',#373,.T.);
#45=FACE_BOUND('',#400,.T.);
#46=FACE_BOUND('',#407,.T.);
#47=FACE_BOUND('',#408,.T.);
#48=FACE_BOUND('',#409,.T.);
#49=FACE_BOUND('',#424,.T.);
#50=FACE_BOUND('',#430,.T.);
#51=FACE_BOUND('',#436,.T.);
#52=FACE_BOUND('',#438,.T.);
#53=FACE_BOUND('',#439,.T.);
#54=FACE_BOUND('',#440,.T.);
#55=FACE_BOUND('',#507,.T.);
#56=CYLINDRICAL_SURFACE('',#3569,2.35);
#57=CYLINDRICAL_SURFACE('',#3576,2.35);
#58=CYLINDRICAL_SURFACE('',#3584,2.35);
#59=CYLINDRICAL_SURFACE('',#3594,2.35);
#60=CYLINDRICAL_SURFACE('',#3625,1.);
#61=CYLINDRICAL_SURFACE('',#3629,1.);
#62=CYLINDRICAL_SURFACE('',#3632,1.);
#63=CYLINDRICAL_SURFACE('',#3635,1.);
#64=CYLINDRICAL_SURFACE('',#3650,2.35);
#65=CYLINDRICAL_SURFACE('',#3653,2.35);
#66=CYLINDRICAL_SURFACE('',#3656,2.35);
#67=CYLINDRICAL_SURFACE('',#3684,3.85);
#68=CYLINDRICAL_SURFACE('',#3686,3.85);
#69=CYLINDRICAL_SURFACE('',#3692,2.35);
#70=CYLINDRICAL_SURFACE('',#3694,2.35);
#71=CYLINDRICAL_SURFACE('',#3711,3.84999999999999);
#72=CYLINDRICAL_SURFACE('',#3713,3.84999999999999);
#73=CYLINDRICAL_SURFACE('',#3719,2.34999999999999);
#74=CYLINDRICAL_SURFACE('',#3722,2.34999999999999);
#75=CIRCLE('',#3527,2.35);
#76=CIRCLE('',#3529,2.34999999999999);
#77=CIRCLE('',#3531,2.35);
#78=CIRCLE('',#3532,2.35);
#79=CIRCLE('',#3533,2.35);
#80=CIRCLE('',#3535,2.35);
#81=CIRCLE('',#3537,2.34999999999999);
#82=CIRCLE('',#3539,2.34999999999999);
#83=CIRCLE('',#3540,2.35);
#84=CIRCLE('',#3541,2.35);
#85=CIRCLE('',#3543,2.35);
#86=CIRCLE('',#3544,2.35);
#87=CIRCLE('',#3545,2.35);
#88=CIRCLE('',#3546,2.35);
#89=CIRCLE('',#3547,2.35);
#90=CIRCLE('',#3548,2.34999999999999);
#91=CIRCLE('',#3557,2.34999999999999);
#92=CIRCLE('',#3558,2.35);
#93=CIRCLE('',#3559,2.35);
#94=CIRCLE('',#3560,2.35);
#95=CIRCLE('',#3561,2.35);
#96=CIRCLE('',#3563,2.35);
#97=CIRCLE('',#3564,2.35);
#98=CIRCLE('',#3565,2.35);
#99=CIRCLE('',#3567,2.35);
#100=CIRCLE('',#3568,2.35);
#101=CIRCLE('',#3570,2.35);
#102=CIRCLE('',#3572,2.35);
#103=CIRCLE('',#3574,2.35);
#104=CIRCLE('',#3575,2.35);
#105=CIRCLE('',#3577,2.35);
#106=CIRCLE('',#3579,2.34999999999999);
#107=CIRCLE('',#3580,2.34999999999999);
#108=CIRCLE('',#3582,2.35);
#109=CIRCLE('',#3583,2.35);
#110=CIRCLE('',#3585,2.35);
#111=CIRCLE('',#3587,2.34999999999999);
#112=CIRCLE('',#3588,2.34999999999999);
#113=CIRCLE('',#3590,2.35);
#114=CIRCLE('',#3592,2.35);
#115=CIRCLE('',#3593,2.35);
#116=CIRCLE('',#3595,2.35);
#117=CIRCLE('',#3596,2.35);
#118=CIRCLE('',#3602,2.34999999999999);
#119=CIRCLE('',#3606,2.35);
#120=CIRCLE('',#3607,2.35);
#121=CIRCLE('',#3608,2.35);
#122=CIRCLE('',#3609,2.35);
#123=CIRCLE('',#3610,2.34999999999999);
#124=CIRCLE('',#3611,2.34999999999999);
#125=CIRCLE('',#3626,1.);
#126=CIRCLE('',#3627,1.);
#127=CIRCLE('',#3628,0.999999999999999);
#128=CIRCLE('',#3630,1.);
#129=CIRCLE('',#3631,0.999999999999996);
#130=CIRCLE('',#3633,0.999999999999996);
#131=CIRCLE('',#3634,1.);
#132=CIRCLE('',#3636,1.);
#133=CIRCLE('',#3651,2.35);
#134=CIRCLE('',#3652,2.35);
#135=CIRCLE('',#3654,2.35);
#136=CIRCLE('',#3655,2.35);
#137=CIRCLE('',#3657,2.35);
#138=CIRCLE('',#3658,2.35);
#139=CIRCLE('',#3685,3.85);
#140=CIRCLE('',#3687,3.85);
#141=CIRCLE('',#3693,2.35);
#142=CIRCLE('',#3695,2.35);
#143=CIRCLE('',#3712,3.84999999999999);
#144=CIRCLE('',#3714,3.84999999999999);
#145=CIRCLE('',#3720,2.34999999999999);
#146=CIRCLE('',#3721,2.34999999999999);
#147=CIRCLE('',#3723,2.34999999999999);
#148=CIRCLE('',#3724,2.34999999999999);
#149=(
BOUNDED_SURFACE()
B_SPLINE_SURFACE(5,1,((#4633,#4634),(#4635,#4636),(#4637,#4638),(#4639,
#4640),(#4641,#4642),(#4643,#4644),(#4645,#4646),(#4647,#4648),(#4649,#4650),
(#4651,#4652)),.UNSPECIFIED.,.F.,.F.,.F.)
B_SPLINE_SURFACE_WITH_KNOTS((6,1,1,1,1,6),(2,2),(0.,0.2,0.4,0.6,0.8,1.),
(-0.0499999999999998,0.55),.UNSPECIFIED.)
GEOMETRIC_REPRESENTATION_ITEM()
RATIONAL_B_SPLINE_SURFACE(((1.,1.),(1.,1.),(1.,1.),(1.,1.),(1.,1.),(1.,
1.),(1.,1.),(1.,1.),(1.,1.),(1.,1.)))
REPRESENTATION_ITEM('')
SURFACE()
);
#150=(
BOUNDED_SURFACE()
B_SPLINE_SURFACE(5,1,((#4812,#4813),(#4814,#4815),(#4816,#4817),(#4818,
#4819),(#4820,#4821),(#4822,#4823),(#4824,#4825),(#4826,#4827),(#4828,#4829),
(#4830,#4831)),.UNSPECIFIED.,.F.,.F.,.F.)
B_SPLINE_SURFACE_WITH_KNOTS((6,1,1,1,1,6),(2,2),(-1.,-0.8,-0.6,-0.4,-0.2,
0.),(-0.0499999999999998,0.55),.UNSPECIFIED.)
GEOMETRIC_REPRESENTATION_ITEM()
RATIONAL_B_SPLINE_SURFACE(((1.,1.),(1.,1.),(1.,1.),(1.,1.),(1.,1.),(1.,
1.),(1.,1.),(1.,1.),(1.,1.),(1.,1.)))
REPRESENTATION_ITEM('')
SURFACE()
);
#151=(
BOUNDED_SURFACE()
B_SPLINE_SURFACE(5,1,((#4853,#4854),(#4855,#4856),(#4857,#4858),(#4859,
#4860),(#4861,#4862),(#4863,#4864),(#4865,#4866),(#4867,#4868),(#4869,#4870),
(#4871,#4872)),.UNSPECIFIED.,.F.,.F.,.F.)
B_SPLINE_SURFACE_WITH_KNOTS((6,1,1,1,1,6),(2,2),(-1.,-0.8,-0.6,-0.4,-0.2,
0.),(-0.0499999999999998,0.55),.UNSPECIFIED.)
GEOMETRIC_REPRESENTATION_ITEM()
RATIONAL_B_SPLINE_SURFACE(((1.,1.),(1.,1.),(1.,1.),(1.,1.),(1.,1.),(1.,
1.),(1.,1.),(1.,1.),(1.,1.),(1.,1.)))
REPRESENTATION_ITEM('')
SURFACE()
);
#152=(
BOUNDED_SURFACE()
B_SPLINE_SURFACE(5,1,((#4894,#4895),(#4896,#4897),(#4898,#4899),(#4900,
#4901),(#4902,#4903),(#4904,#4905),(#4906,#4907),(#4908,#4909),(#4910,#4911),
(#4912,#4913)),.UNSPECIFIED.,.F.,.F.,.F.)
B_SPLINE_SURFACE_WITH_KNOTS((6,1,1,1,1,6),(2,2),(0.,0.2,0.4,0.6,0.8,1.),
(-0.0499999999999994,0.550000000000001),.UNSPECIFIED.)
GEOMETRIC_REPRESENTATION_ITEM()
RATIONAL_B_SPLINE_SURFACE(((1.,1.),(1.,1.),(1.,1.),(1.,1.),(1.,1.),(1.,
1.),(1.,1.),(1.,1.),(1.,1.),(1.,1.)))
REPRESENTATION_ITEM('')
SURFACE()
);
#153=(
BOUNDED_SURFACE()
B_SPLINE_SURFACE(5,1,((#5741,#5742),(#5743,#5744),(#5745,#5746),(#5747,
#5748),(#5749,#5750),(#5751,#5752),(#5753,#5754),(#5755,#5756),(#5757,#5758),
(#5759,#5760)),.UNSPECIFIED.,.F.,.F.,.F.)
B_SPLINE_SURFACE_WITH_KNOTS((6,1,1,1,1,6),(2,2),(0.,0.2,0.4,0.6,0.8,1.),
(0.,0.55),.UNSPECIFIED.)
GEOMETRIC_REPRESENTATION_ITEM()
RATIONAL_B_SPLINE_SURFACE(((1.,1.),(1.,1.),(1.,1.),(1.,1.),(1.,1.),(1.,
1.),(1.,1.),(1.,1.),(1.,1.),(1.,1.)))
REPRESENTATION_ITEM('')
SURFACE()
);
#154=(
BOUNDED_SURFACE()
B_SPLINE_SURFACE(5,1,((#6154,#6155),(#6156,#6157),(#6158,#6159),(#6160,
#6161),(#6162,#6163),(#6164,#6165),(#6166,#6167),(#6168,#6169),(#6170,#6171),
(#6172,#6173)),.UNSPECIFIED.,.F.,.F.,.F.)
B_SPLINE_SURFACE_WITH_KNOTS((6,1,1,1,1,6),(2,2),(0.,0.2,0.4,0.6,0.8,1.),
(0.,0.55),.UNSPECIFIED.)
GEOMETRIC_REPRESENTATION_ITEM()
RATIONAL_B_SPLINE_SURFACE(((1.,1.),(1.,1.),(1.,1.),(1.,1.),(1.,1.),(1.,
1.),(1.,1.),(1.,1.),(1.,1.),(1.,1.)))
REPRESENTATION_ITEM('')
SURFACE()
);
#155=(
BOUNDED_SURFACE()
B_SPLINE_SURFACE(5,1,((#6191,#6192),(#6193,#6194),(#6195,#6196),(#6197,
#6198),(#6199,#6200),(#6201,#6202),(#6203,#6204),(#6205,#6206),(#6207,#6208),
(#6209,#6210)),.UNSPECIFIED.,.F.,.F.,.F.)
B_SPLINE_SURFACE_WITH_KNOTS((6,1,1,1,1,6),(2,2),(-1.,-0.8,-0.6,-0.4,-0.2,
0.),(0.,0.55),.UNSPECIFIED.)
GEOMETRIC_REPRESENTATION_ITEM()
RATIONAL_B_SPLINE_SURFACE(((1.,1.),(1.,1.),(1.,1.),(1.,1.),(1.,1.),(1.,
1.),(1.,1.),(1.,1.),(1.,1.),(1.,1.)))
REPRESENTATION_ITEM('')
SURFACE()
);
#156=(
BOUNDED_SURFACE()
B_SPLINE_SURFACE(5,1,((#6602,#6603),(#6604,#6605),(#6606,#6607),(#6608,
#6609),(#6610,#6611),(#6612,#6613),(#6614,#6615),(#6616,#6617),(#6618,#6619),
(#6620,#6621)),.UNSPECIFIED.,.F.,.F.,.F.)
B_SPLINE_SURFACE_WITH_KNOTS((6,1,1,1,1,6),(2,2),(-1.,-0.8,-0.6,-0.4,-0.2,
0.),(0.,0.55),.UNSPECIFIED.)
GEOMETRIC_REPRESENTATION_ITEM()
RATIONAL_B_SPLINE_SURFACE(((1.,1.),(1.,1.),(1.,1.),(1.,1.),(1.,1.),(1.,
1.),(1.,1.),(1.,1.),(1.,1.),(1.,1.)))
REPRESENTATION_ITEM('')
SURFACE()
);
#157=FACE_OUTER_BOUND('',#328,.T.);
#158=FACE_OUTER_BOUND('',#329,.T.);
#159=FACE_OUTER_BOUND('',#330,.T.);
#160=FACE_OUTER_BOUND('',#331,.T.);
#161=FACE_OUTER_BOUND('',#332,.T.);
#162=FACE_OUTER_BOUND('',#333,.T.);
#163=FACE_OUTER_BOUND('',#334,.T.);
#164=FACE_OUTER_BOUND('',#335,.T.);
#165=FACE_OUTER_BOUND('',#336,.T.);
#166=FACE_OUTER_BOUND('',#337,.T.);
#167=FACE_OUTER_BOUND('',#338,.T.);
#168=FACE_OUTER_BOUND('',#339,.T.);
#169=FACE_OUTER_BOUND('',#340,.T.);
#170=FACE_OUTER_BOUND('',#341,.T.);
#171=FACE_OUTER_BOUND('',#342,.T.);
#172=FACE_OUTER_BOUND('',#343,.T.);
#173=FACE_OUTER_BOUND('',#344,.T.);
#174=FACE_OUTER_BOUND('',#345,.T.);
#175=FACE_OUTER_BOUND('',#346,.T.);
#176=FACE_OUTER_BOUND('',#347,.T.);
#177=FACE_OUTER_BOUND('',#348,.T.);
#178=FACE_OUTER_BOUND('',#349,.T.);
#179=FACE_OUTER_BOUND('',#350,.T.);
#180=FACE_OUTER_BOUND('',#351,.T.);
#181=FACE_OUTER_BOUND('',#352,.T.);
#182=FACE_OUTER_BOUND('',#353,.T.);
#183=FACE_OUTER_BOUND('',#354,.T.);
#184=FACE_OUTER_BOUND('',#355,.T.);
#185=FACE_OUTER_BOUND('',#356,.T.);
#186=FACE_OUTER_BOUND('',#357,.T.);
#187=FACE_OUTER_BOUND('',#358,.T.);
#188=FACE_OUTER_BOUND('',#359,.T.);
#189=FACE_OUTER_BOUND('',#360,.T.);
#190=FACE_OUTER_BOUND('',#361,.T.);
#191=FACE_OUTER_BOUND('',#362,.T.);
#192=FACE_OUTER_BOUND('',#363,.T.);
#193=FACE_OUTER_BOUND('',#364,.T.);
#194=FACE_OUTER_BOUND('',#365,.T.);
#195=FACE_OUTER_BOUND('',#366,.T.);
#196=FACE_OUTER_BOUND('',#367,.T.);
#197=FACE_OUTER_BOUND('',#368,.T.);
#198=FACE_OUTER_BOUND('',#369,.T.);
#199=FACE_OUTER_BOUND('',#370,.T.);
#200=FACE_OUTER_BOUND('',#371,.T.);
#201=FACE_OUTER_BOUND('',#372,.T.);
#202=FACE_OUTER_BOUND('',#374,.T.);
#203=FACE_OUTER_BOUND('',#375,.T.);
#204=FACE_OUTER_BOUND('',#376,.T.);
#205=FACE_OUTER_BOUND('',#377,.T.);
#206=FACE_OUTER_BOUND('',#378,.T.);
#207=FACE_OUTER_BOUND('',#379,.T.);
#208=FACE_OUTER_BOUND('',#380,.T.);
#209=FACE_OUTER_BOUND('',#381,.T.);
#210=FACE_OUTER_BOUND('',#382,.T.);
#211=FACE_OUTER_BOUND('',#383,.T.);
#212=FACE_OUTER_BOUND('',#384,.T.);
#213=FACE_OUTER_BOUND('',#385,.T.);
#214=FACE_OUTER_BOUND('',#386,.T.);
#215=FACE_OUTER_BOUND('',#387,.T.);
#216=FACE_OUTER_BOUND('',#388,.T.);
#217=FACE_OUTER_BOUND('',#389,.T.);
#218=FACE_OUTER_BOUND('',#390,.T.);
#219=FACE_OUTER_BOUND('',#391,.T.);
#220=FACE_OUTER_BOUND('',#392,.T.);
#221=FACE_OUTER_BOUND('',#393,.T.);
#222=FACE_OUTER_BOUND('',#394,.T.);
#223=FACE_OUTER_BOUND('',#395,.T.);
#224=FACE_OUTER_BOUND('',#396,.T.);
#225=FACE_OUTER_BOUND('',#397,.T.);
#226=FACE_OUTER_BOUND('',#398,.T.);
#227=FACE_OUTER_BOUND('',#399,.T.);
#228=FACE_OUTER_BOUND('',#401,.T.);
#229=FACE_OUTER_BOUND('',#402,.T.);
#230=FACE_OUTER_BOUND('',#403,.T.);
#231=FACE_OUTER_BOUND('',#404,.T.);
#232=FACE_OUTER_BOUND('',#405,.T.);
#233=FACE_OUTER_BOUND('',#406,.T.);
#234=FACE_OUTER_BOUND('',#410,.T.);
#235=FACE_OUTER_BOUND('',#411,.T.);
#236=FACE_OUTER_BOUND('',#412,.T.);
#237=FACE_OUTER_BOUND('',#413,.T.);
#238=FACE_OUTER_BOUND('',#414,.T.);
#239=FACE_OUTER_BOUND('',#415,.T.);
#240=FACE_OUTER_BOUND('',#416,.T.);
#241=FACE_OUTER_BOUND('',#417,.T.);
#242=FACE_OUTER_BOUND('',#418,.T.);
#243=FACE_OUTER_BOUND('',#419,.T.);
#244=FACE_OUTER_BOUND('',#420,.T.);
#245=FACE_OUTER_BOUND('',#421,.T.);
#246=FACE_OUTER_BOUND('',#422,.T.);
#247=FACE_OUTER_BOUND('',#423,.T.);
#248=FACE_OUTER_BOUND('',#425,.T.);
#249=FACE_OUTER_BOUND('',#426,.T.);
#250=FACE_OUTER_BOUND('',#427,.T.);
#251=FACE_OUTER_BOUND('',#428,.T.);
#252=FACE_OUTER_BOUND('',#429,.T.);
#253=FACE_OUTER_BOUND('',#431,.T.);
#254=FACE_OUTER_BOUND('',#432,.T.);
#255=FACE_OUTER_BOUND('',#433,.T.);
#256=FACE_OUTER_BOUND('',#434,.T.);
#257=FACE_OUTER_BOUND('',#435,.T.);
#258=FACE_OUTER_BOUND('',#437,.T.);
#259=FACE_OUTER_BOUND('',#441,.T.);
#260=FACE_OUTER_BOUND('',#442,.T.);
#261=FACE_OUTER_BOUND('',#443,.T.);
#262=FACE_OUTER_BOUND('',#444,.T.);
#263=FACE_OUTER_BOUND('',#445,.T.);
#264=FACE_OUTER_BOUND('',#446,.T.);
#265=FACE_OUTER_BOUND('',#447,.T.);
#266=FACE_OUTER_BOUND('',#448,.T.);
#267=FACE_OUTER_BOUND('',#449,.T.);
#268=FACE_OUTER_BOUND('',#450,.T.);
#269=FACE_OUTER_BOUND('',#451,.T.);
#270=FACE_OUTER_BOUND('',#452,.T.);
#271=FACE_OUTER_BOUND('',#453,.T.);
#272=FACE_OUTER_BOUND('',#454,.T.);
#273=FACE_OUTER_BOUND('',#455,.T.);
#274=FACE_OUTER_BOUND('',#456,.T.);
#275=FACE_OUTER_BOUND('',#457,.T.);
#276=FACE_OUTER_BOUND('',#458,.T.);
#277=FACE_OUTER_BOUND('',#459,.T.);
#278=FACE_OUTER_BOUND('',#460,.T.);
#279=FACE_OUTER_BOUND('',#461,.T.);
#280=FACE_OUTER_BOUND('',#462,.T.);
#281=FACE_OUTER_BOUND('',#463,.T.);
#282=FACE_OUTER_BOUND('',#464,.T.);
#283=FACE_OUTER_BOUND('',#465,.T.);
#284=FACE_OUTER_BOUND('',#466,.T.);
#285=FACE_OUTER_BOUND('',#467,.T.);
#286=FACE_OUTER_BOUND('',#468,.T.);
#287=FACE_OUTER_BOUND('',#469,.T.);
#288=FACE_OUTER_BOUND('',#470,.T.);
#289=FACE_OUTER_BOUND('',#471,.T.);
#290=FACE_OUTER_BOUND('',#472,.T.);
#291=FACE_OUTER_BOUND('',#473,.T.);
#292=FACE_OUTER_BOUND('',#474,.T.);
#293=FACE_OUTER_BOUND('',#475,.T.);
#294=FACE_OUTER_BOUND('',#476,.T.);
#295=FACE_OUTER_BOUND('',#477,.T.);
#296=FACE_OUTER_BOUND('',#478,.T.);
#297=FACE_OUTER_BOUND('',#479,.T.);
#298=FACE_OUTER_BOUND('',#480,.T.);
#299=FACE_OUTER_BOUND('',#481,.T.);
#300=FACE_OUTER_BOUND('',#482,.T.);
#301=FACE_OUTER_BOUND('',#483,.T.);
#302=FACE_OUTER_BOUND('',#484,.T.);
#303=FACE_OUTER_BOUND('',#485,.T.);
#304=FACE_OUTER_BOUND('',#486,.T.);
#305=FACE_OUTER_BOUND('',#487,.T.);
#306=FACE_OUTER_BOUND('',#488,.T.);
#307=FACE_OUTER_BOUND('',#489,.T.);
#308=FACE_OUTER_BOUND('',#490,.T.);
#309=FACE_OUTER_BOUND('',#491,.T.);
#310=FACE_OUTER_BOUND('',#492,.T.);
#311=FACE_OUTER_BOUND('',#493,.T.);
#312=FACE_OUTER_BOUND('',#494,.T.);
#313=FACE_OUTER_BOUND('',#495,.T.);
#314=FACE_OUTER_BOUND('',#496,.T.);
#315=FACE_OUTER_BOUND('',#497,.T.);
#316=FACE_OUTER_BOUND('',#498,.T.);
#317=FACE_OUTER_BOUND('',#499,.T.);
#318=FACE_OUTER_BOUND('',#500,.T.);
#319=FACE_OUTER_BOUND('',#501,.T.);
#320=FACE_OUTER_BOUND('',#502,.T.);
#321=FACE_OUTER_BOUND('',#503,.T.);
#322=FACE_OUTER_BOUND('',#504,.T.);
#323=FACE_OUTER_BOUND('',#505,.T.);
#324=FACE_OUTER_BOUND('',#506,.T.);
#325=FACE_OUTER_BOUND('',#508,.T.);
#326=FACE_OUTER_BOUND('',#509,.T.);
#327=FACE_OUTER_BOUND('',#510,.T.);
#328=EDGE_LOOP('',(#2174,#2175,#2176,#2177));
#329=EDGE_LOOP('',(#2178,#2179,#2180,#2181,#2182,#2183));
#330=EDGE_LOOP('',(#2184,#2185,#2186,#2187));
#331=EDGE_LOOP('',(#2188,#2189,#2190,#2191,#2192,#2193));
#332=EDGE_LOOP('',(#2194,#2195,#2196,#2197,#2198));
#333=EDGE_LOOP('',(#2199,#2200,#2201,#2202,#2203,#2204,#2205,#2206,#2207,
#2208,#2209,#2210));
#334=EDGE_LOOP('',(#2211,#2212,#2213,#2214));
#335=EDGE_LOOP('',(#2215,#2216,#2217,#2218));
#336=EDGE_LOOP('',(#2219,#2220,#2221,#2222,#2223,#2224,#2225,#2226,#2227));
#337=EDGE_LOOP('',(#2228,#2229,#2230,#2231));
#338=EDGE_LOOP('',(#2232,#2233,#2234,#2235));
#339=EDGE_LOOP('',(#2236,#2237,#2238,#2239,#2240,#2241,#2242,#2243,#2244));
#340=EDGE_LOOP('',(#2245,#2246,#2247,#2248,#2249,#2250,#2251,#2252,#2253,
#2254,#2255,#2256,#2257,#2258));
#341=EDGE_LOOP('',(#2259,#2260,#2261,#2262,#2263));
#342=EDGE_LOOP('',(#2264,#2265,#2266,#2267,#2268,#2269));
#343=EDGE_LOOP('',(#2270,#2271,#2272,#2273,#2274));
#344=EDGE_LOOP('',(#2275,#2276,#2277,#2278,#2279,#2280));
#345=EDGE_LOOP('',(#2281,#2282,#2283,#2284,#2285));
#346=EDGE_LOOP('',(#2286,#2287,#2288,#2289));
#347=EDGE_LOOP('',(#2290,#2291,#2292,#2293));
#348=EDGE_LOOP('',(#2294,#2295,#2296,#2297));
#349=EDGE_LOOP('',(#2298,#2299,#2300,#2301));
#350=EDGE_LOOP('',(#2302,#2303,#2304,#2305));
#351=EDGE_LOOP('',(#2306,#2307,#2308,#2309,#2310,#2311,#2312,#2313,#2314,
#2315,#2316,#2317,#2318,#2319,#2320,#2321,#2322,#2323,#2324));
#352=EDGE_LOOP('',(#2325,#2326,#2327,#2328,#2329,#2330,#2331,#2332,#2333,
#2334,#2335,#2336));
#353=EDGE_LOOP('',(#2337,#2338,#2339,#2340));
#354=EDGE_LOOP('',(#2341,#2342,#2343,#2344,#2345,#2346,#2347,#2348,#2349,
#2350,#2351,#2352));
#355=EDGE_LOOP('',(#2353,#2354,#2355));
#356=EDGE_LOOP('',(#2356,#2357,#2358,#2359));
#357=EDGE_LOOP('',(#2360,#2361,#2362,#2363,#2364,#2365,#2366,#2367,#2368,
#2369,#2370,#2371));
#358=EDGE_LOOP('',(#2372,#2373,#2374,#2375));
#359=EDGE_LOOP('',(#2376,#2377,#2378,#2379));
#360=EDGE_LOOP('',(#2380,#2381,#2382,#2383,#2384,#2385,#2386,#2387,#2388,
#2389,#2390,#2391));
#361=EDGE_LOOP('',(#2392,#2393,#2394,#2395));
#362=EDGE_LOOP('',(#2396,#2397,#2398));
#363=EDGE_LOOP('',(#2399,#2400,#2401,#2402));
#364=EDGE_LOOP('',(#2403,#2404,#2405,#2406,#2407,#2408,#2409,#2410,#2411,
#2412,#2413,#2414));
#365=EDGE_LOOP('',(#2415,#2416,#2417,#2418));
#366=EDGE_LOOP('',(#2419,#2420,#2421,#2422,#2423,#2424,#2425,#2426));
#367=EDGE_LOOP('',(#2427,#2428,#2429,#2430));
#368=EDGE_LOOP('',(#2431,#2432,#2433,#2434,#2435,#2436,#2437,#2438));
#369=EDGE_LOOP('',(#2439,#2440,#2441,#2442,#2443,#2444,#2445,#2446,#2447,
#2448,#2449));
#370=EDGE_LOOP('',(#2450,#2451,#2452,#2453));
#371=EDGE_LOOP('',(#2454,#2455,#2456,#2457,#2458,#2459,#2460,#2461));
#372=EDGE_LOOP('',(#2462,#2463,#2464,#2465,#2466,#2467,#2468,#2469,#2470,
#2471,#2472,#2473,#2474,#2475,#2476,#2477,#2478,#2479));
#373=EDGE_LOOP('',(#2480,#2481,#2482,#2483,#2484,#2485,#2486,#2487));
#374=EDGE_LOOP('',(#2488,#2489,#2490,#2491));
#375=EDGE_LOOP('',(#2492,#2493,#2494,#2495));
#376=EDGE_LOOP('',(#2496,#2497,#2498,#2499));
#377=EDGE_LOOP('',(#2500,#2501,#2502,#2503,#2504,#2505,#2506,#2507));
#378=EDGE_LOOP('',(#2508,#2509,#2510,#2511));
#379=EDGE_LOOP('',(#2512,#2513,#2514,#2515,#2516,#2517,#2518,#2519,#2520,
#2521,#2522,#2523));
#380=EDGE_LOOP('',(#2524,#2525,#2526,#2527));
#381=EDGE_LOOP('',(#2528,#2529,#2530,#2531));
#382=EDGE_LOOP('',(#2532,#2533,#2534,#2535));
#383=EDGE_LOOP('',(#2536,#2537,#2538,#2539));
#384=EDGE_LOOP('',(#2540,#2541,#2542,#2543,#2544,#2545,#2546,#2547));
#385=EDGE_LOOP('',(#2548,#2549,#2550,#2551,#2552,#2553,#2554,#2555));
#386=EDGE_LOOP('',(#2556,#2557,#2558,#2559,#2560,#2561,#2562,#2563,#2564,
#2565,#2566,#2567,#2568,#2569,#2570,#2571));
#387=EDGE_LOOP('',(#2572,#2573,#2574,#2575));
#388=EDGE_LOOP('',(#2576,#2577,#2578,#2579));
#389=EDGE_LOOP('',(#2580,#2581,#2582,#2583));
#390=EDGE_LOOP('',(#2584,#2585,#2586,#2587));
#391=EDGE_LOOP('',(#2588,#2589,#2590,#2591));
#392=EDGE_LOOP('',(#2592,#2593,#2594,#2595));
#393=EDGE_LOOP('',(#2596,#2597,#2598,#2599));
#394=EDGE_LOOP('',(#2600,#2601,#2602,#2603));
#395=EDGE_LOOP('',(#2604,#2605,#2606,#2607,#2608,#2609));
#396=EDGE_LOOP('',(#2610,#2611,#2612,#2613));
#397=EDGE_LOOP('',(#2614,#2615,#2616,#2617,#2618,#2619));
#398=EDGE_LOOP('',(#2620,#2621,#2622,#2623));
#399=EDGE_LOOP('',(#2624,#2625,#2626,#2627));
#400=EDGE_LOOP('',(#2628,#2629,#2630,#2631,#2632,#2633,#2634,#2635));
#401=EDGE_LOOP('',(#2636,#2637,#2638,#2639));
#402=EDGE_LOOP('',(#2640,#2641,#2642,#2643));
#403=EDGE_LOOP('',(#2644,#2645,#2646,#2647));
#404=EDGE_LOOP('',(#2648,#2649,#2650,#2651));
#405=EDGE_LOOP('',(#2652,#2653,#2654,#2655));
#406=EDGE_LOOP('',(#2656,#2657,#2658,#2659,#2660,#2661,#2662,#2663,#2664,
#2665,#2666,#2667));
#407=EDGE_LOOP('',(#2668,#2669,#2670,#2671));
#408=EDGE_LOOP('',(#2672,#2673,#2674,#2675));
#409=EDGE_LOOP('',(#2676,#2677,#2678,#2679));
#410=EDGE_LOOP('',(#2680,#2681,#2682,#2683,#2684,#2685,#2686,#2687));
#411=EDGE_LOOP('',(#2688,#2689,#2690,#2691,#2692,#2693,#2694,#2695));
#412=EDGE_LOOP('',(#2696,#2697,#2698,#2699));
#413=EDGE_LOOP('',(#2700,#2701,#2702,#2703));
#414=EDGE_LOOP('',(#2704,#2705,#2706,#2707));
#415=EDGE_LOOP('',(#2708,#2709,#2710,#2711));
#416=EDGE_LOOP('',(#2712,#2713,#2714,#2715));
#417=EDGE_LOOP('',(#2716,#2717,#2718,#2719));
#418=EDGE_LOOP('',(#2720,#2721,#2722,#2723));
#419=EDGE_LOOP('',(#2724,#2725,#2726,#2727));
#420=EDGE_LOOP('',(#2728,#2729,#2730,#2731));
#421=EDGE_LOOP('',(#2732,#2733,#2734,#2735));
#422=EDGE_LOOP('',(#2736,#2737,#2738,#2739));
#423=EDGE_LOOP('',(#2740,#2741,#2742,#2743));
#424=EDGE_LOOP('',(#2744));
#425=EDGE_LOOP('',(#2745,#2746,#2747,#2748));
#426=EDGE_LOOP('',(#2749,#2750,#2751,#2752));
#427=EDGE_LOOP('',(#2753,#2754,#2755,#2756));
#428=EDGE_LOOP('',(#2757,#2758,#2759,#2760));
#429=EDGE_LOOP('',(#2761,#2762,#2763,#2764));
#430=EDGE_LOOP('',(#2765));
#431=EDGE_LOOP('',(#2766,#2767,#2768,#2769));
#432=EDGE_LOOP('',(#2770,#2771,#2772,#2773));
#433=EDGE_LOOP('',(#2774,#2775,#2776,#2777));
#434=EDGE_LOOP('',(#2778,#2779,#2780,#2781));
#435=EDGE_LOOP('',(#2782,#2783,#2784,#2785));
#436=EDGE_LOOP('',(#2786));
#437=EDGE_LOOP('',(#2787,#2788,#2789,#2790,#2791,#2792,#2793,#2794));
#438=EDGE_LOOP('',(#2795));
#439=EDGE_LOOP('',(#2796));
#440=EDGE_LOOP('',(#2797));
#441=EDGE_LOOP('',(#2798,#2799,#2800,#2801));
#442=EDGE_LOOP('',(#2802,#2803));
#443=EDGE_LOOP('',(#2804,#2805,#2806,#2807));
#444=EDGE_LOOP('',(#2808,#2809,#2810,#2811));
#445=EDGE_LOOP('',(#2812,#2813,#2814,#2815,#2816,#2817));
#446=EDGE_LOOP('',(#2818,#2819,#2820,#2821));
#447=EDGE_LOOP('',(#2822,#2823,#2824,#2825,#2826,#2827));
#448=EDGE_LOOP('',(#2828,#2829,#2830,#2831,#2832,#2833,#2834));
#449=EDGE_LOOP('',(#2835,#2836,#2837,#2838));
#450=EDGE_LOOP('',(#2839,#2840,#2841,#2842,#2843,#2844,#2845));
#451=EDGE_LOOP('',(#2846,#2847,#2848,#2849));
#452=EDGE_LOOP('',(#2850,#2851,#2852,#2853));
#453=EDGE_LOOP('',(#2854,#2855,#2856,#2857));
#454=EDGE_LOOP('',(#2858,#2859,#2860,#2861,#2862,#2863,#2864,#2865));
#455=EDGE_LOOP('',(#2866,#2867,#2868,#2869));
#456=EDGE_LOOP('',(#2870,#2871,#2872,#2873));
#457=EDGE_LOOP('',(#2874,#2875,#2876,#2877,#2878,#2879,#2880));
#458=EDGE_LOOP('',(#2881,#2882,#2883,#2884,#2885,#2886,#2887,#2888,#2889,
#2890,#2891,#2892,#2893,#2894,#2895,#2896));
#459=EDGE_LOOP('',(#2897,#2898,#2899,#2900,#2901,#2902,#2903,#2904,#2905,
#2906,#2907,#2908,#2909,#2910,#2911,#2912));
#460=EDGE_LOOP('',(#2913,#2914,#2915,#2916));
#461=EDGE_LOOP('',(#2917,#2918,#2919,#2920,#2921,#2922,#2923,#2924,#2925,
#2926,#2927,#2928));
#462=EDGE_LOOP('',(#2929,#2930,#2931,#2932,#2933,#2934,#2935));
#463=EDGE_LOOP('',(#2936,#2937,#2938,#2939));
#464=EDGE_LOOP('',(#2940,#2941,#2942,#2943));
#465=EDGE_LOOP('',(#2944,#2945,#2946,#2947));
#466=EDGE_LOOP('',(#2948,#2949,#2950,#2951,#2952,#2953,#2954,#2955,#2956,
#2957));
#467=EDGE_LOOP('',(#2958,#2959,#2960,#2961));
#468=EDGE_LOOP('',(#2962,#2963,#2964,#2965));
#469=EDGE_LOOP('',(#2966,#2967));
#470=EDGE_LOOP('',(#2968,#2969,#2970,#2971));
#471=EDGE_LOOP('',(#2972,#2973,#2974,#2975));
#472=EDGE_LOOP('',(#2976,#2977,#2978,#2979,#2980,#2981));
#473=EDGE_LOOP('',(#2982,#2983,#2984,#2985));
#474=EDGE_LOOP('',(#2986,#2987,#2988,#2989,#2990,#2991));
#475=EDGE_LOOP('',(#2992,#2993,#2994,#2995,#2996,#2997,#2998));
#476=EDGE_LOOP('',(#2999,#3000,#3001,#3002));
#477=EDGE_LOOP('',(#3003,#3004,#3005,#3006,#3007,#3008,#3009));
#478=EDGE_LOOP('',(#3010,#3011,#3012,#3013));
#479=EDGE_LOOP('',(#3014,#3015,#3016,#3017));
#480=EDGE_LOOP('',(#3018,#3019,#3020,#3021));
#481=EDGE_LOOP('',(#3022,#3023,#3024,#3025));
#482=EDGE_LOOP('',(#3026,#3027,#3028,#3029));
#483=EDGE_LOOP('',(#3030,#3031,#3032,#3033,#3034,#3035,#3036,#3037));
#484=EDGE_LOOP('',(#3038,#3039,#3040,#3041,#3042,#3043,#3044));
#485=EDGE_LOOP('',(#3045,#3046,#3047,#3048));
#486=EDGE_LOOP('',(#3049,#3050,#3051,#3052,#3053,#3054,#3055,#3056,#3057,
#3058,#3059,#3060,#3061,#3062,#3063,#3064));
#487=EDGE_LOOP('',(#3065,#3066,#3067,#3068,#3069,#3070,#3071,#3072,#3073,
#3074,#3075,#3076,#3077,#3078,#3079,#3080));
#488=EDGE_LOOP('',(#3081,#3082,#3083,#3084,#3085,#3086,#3087));
#489=EDGE_LOOP('',(#3088,#3089,#3090,#3091));
#490=EDGE_LOOP('',(#3092,#3093,#3094,#3095));
#491=EDGE_LOOP('',(#3096,#3097,#3098,#3099));
#492=EDGE_LOOP('',(#3100,#3101,#3102,#3103));
#493=EDGE_LOOP('',(#3104,#3105,#3106,#3107,#3108,#3109,#3110,#3111,#3112,
#3113));
#494=EDGE_LOOP('',(#3114,#3115,#3116,#3117,#3118,#3119,#3120,#3121,#3122,
#3123,#3124,#3125,#3126,#3127));
#495=EDGE_LOOP('',(#3128,#3129,#3130,#3131,#3132,#3133,#3134,#3135));
#496=EDGE_LOOP('',(#3136,#3137,#3138,#3139));
#497=EDGE_LOOP('',(#3140,#3141,#3142,#3143));
#498=EDGE_LOOP('',(#3144,#3145,#3146,#3147));
#499=EDGE_LOOP('',(#3148,#3149,#3150,#3151));
#500=EDGE_LOOP('',(#3152,#3153,#3154,#3155));
#501=EDGE_LOOP('',(#3156,#3157,#3158,#3159,#3160,#3161));
#502=EDGE_LOOP('',(#3162,#3163,#3164,#3165,#3166));
#503=EDGE_LOOP('',(#3167,#3168,#3169,#3170));
#504=EDGE_LOOP('',(#3171,#3172,#3173,#3174,#3175));
#505=EDGE_LOOP('',(#3176,#3177,#3178,#3179));
#506=EDGE_LOOP('',(#3180,#3181,#3182,#3183));
#507=EDGE_LOOP('',(#3184,#3185,#3186,#3187));
#508=EDGE_LOOP('',(#3188,#3189,#3190,#3191,#3192,#3193,#3194,#3195));
#509=EDGE_LOOP('',(#3196,#3197,#3198,#3199,#3200,#3201,#3202,#3203));
#510=EDGE_LOOP('',(#3204,#3205,#3206,#3207));
#511=B_SPLINE_CURVE_WITH_KNOTS('',3,(#4579,#4580,#4581,#4582,#4583,#4584,
#4585),.UNSPECIFIED.,.F.,.F.,(4,3,4),(0.,0.5,1.),.UNSPECIFIED.);
#512=B_SPLINE_CURVE_WITH_KNOTS('',3,(#4607,#4608,#4609,#4610,#4611,#4612,
#4613,#4614,#4615,#4616),.UNSPECIFIED.,.F.,.F.,(4,3,3,4),(-1.,-0.733655880862181,
-0.340361627530064,0.),.UNSPECIFIED.);
#513=B_SPLINE_CURVE_WITH_KNOTS('',3,(#4654,#4655,#4656,#4657),
 .UNSPECIFIED.,.F.,.F.,(4,4),(4.79886661670409,5.01289305029181),
 .UNSPECIFIED.);
#514=B_SPLINE_CURVE_WITH_KNOTS('',3,(#4659,#4660,#4661,#4662),
 .UNSPECIFIED.,.F.,.F.,(4,4),(0.25,0.35),.UNSPECIFIED.);
#515=B_SPLINE_CURVE_WITH_KNOTS('',3,(#4664,#4665,#4666,#4667),
 .UNSPECIFIED.,.F.,.F.,(4,4),(0.0500000000000001,0.25),.UNSPECIFIED.);
#516=B_SPLINE_CURVE_WITH_KNOTS('',3,(#4668,#4669,#4670,#4671),
 .UNSPECIFIED.,.F.,.F.,(4,4),(0.,0.232894705228932),.UNSPECIFIED.);
#517=B_SPLINE_CURVE_WITH_KNOTS('',3,(#4675,#4676,#4677,#4678),
 .UNSPECIFIED.,.F.,.F.,(4,4),(0.250000000000001,0.350000000000001),
 .UNSPECIFIED.);
#518=B_SPLINE_CURVE_WITH_KNOTS('',3,(#4680,#4681,#4682,#4683),
 .UNSPECIFIED.,.F.,.F.,(4,4),(-0.150000000000001,-0.100000000000001),
 .UNSPECIFIED.);
#519=B_SPLINE_CURVE_WITH_KNOTS('',3,(#4687,#4688,#4689,#4690),
 .UNSPECIFIED.,.F.,.F.,(4,4),(-0.05,0.),.UNSPECIFIED.);
#520=B_SPLINE_CURVE_WITH_KNOTS('',3,(#4692,#4693,#4694,#4695),
 .UNSPECIFIED.,.F.,.F.,(4,4),(0.0499999999999994,0.15),.UNSPECIFIED.);
#521=B_SPLINE_CURVE_WITH_KNOTS('',3,(#4697,#4698,#4699,#4700),
 .UNSPECIFIED.,.F.,.F.,(4,4),(0.,0.2),.UNSPECIFIED.);
#522=B_SPLINE_CURVE_WITH_KNOTS('',3,(#4711,#4712,#4713,#4714),
 .UNSPECIFIED.,.F.,.F.,(4,4),(0.0500000000000001,0.25),.UNSPECIFIED.);
#523=B_SPLINE_CURVE_WITH_KNOTS('',3,(#4833,#4834,#4835,#4836),
 .UNSPECIFIED.,.F.,.F.,(4,4),(-2.3543765934354E-15,0.215506654994991),
 .UNSPECIFIED.);
#524=B_SPLINE_CURVE_WITH_KNOTS('',3,(#4839,#4840,#4841,#4842,#4843,#4844,
#4845),.UNSPECIFIED.,.F.,.F.,(4,3,4),(3.32438112258299,3.49011633576231,
3.55033833134755),.UNSPECIFIED.);
#525=B_SPLINE_CURVE_WITH_KNOTS('',3,(#4873,#4874,#4875,#4876),
 .UNSPECIFIED.,.F.,.F.,(4,4),(3.1786824365486,3.38600712431124),
 .UNSPECIFIED.);
#526=B_SPLINE_CURVE_WITH_KNOTS('',3,(#4877,#4878,#4879,#4880,#4881,#4882,
#4883),.UNSPECIFIED.,.F.,.F.,(4,3,4),(0.,0.158677199966951,0.217374098915719),
 .UNSPECIFIED.);
#527=B_SPLINE_CURVE_WITH_KNOTS('',3,(#4915,#4916,#4917,#4918),
 .UNSPECIFIED.,.F.,.F.,(4,4),(-9.28635951826628E-16,0.233059169764961),
 .UNSPECIFIED.);
#528=B_SPLINE_CURVE_WITH_KNOTS('',3,(#4920,#4921,#4922,#4923),
 .UNSPECIFIED.,.F.,.F.,(4,4),(5.20038560311741,5.45390618458991),
 .UNSPECIFIED.);
#529=B_SPLINE_CURVE_WITH_KNOTS('',3,(#4925,#4926,#4927,#4928),
 .UNSPECIFIED.,.F.,.F.,(4,4),(0.,0.199999999999999),.UNSPECIFIED.);
#530=B_SPLINE_CURVE_WITH_KNOTS('',3,(#4929,#4930,#4931,#4932),
 .UNSPECIFIED.,.F.,.F.,(4,4),(0.0500000000000005,0.150000000000001),
 .UNSPECIFIED.);
#531=B_SPLINE_CURVE_WITH_KNOTS('',3,(#5191,#5192,#5193,#5194),
 .UNSPECIFIED.,.F.,.F.,(4,4),(-0.05,0.),.UNSPECIFIED.);
#532=B_SPLINE_CURVE_WITH_KNOTS('',3,(#5197,#5198,#5199,#5200),
 .UNSPECIFIED.,.F.,.F.,(4,4),(-0.150000000000001,-0.100000000000001),
 .UNSPECIFIED.);
#533=B_SPLINE_CURVE_WITH_KNOTS('',3,(#5224,#5225,#5226,#5227,#5228,#5229,
#5230,#5231),.UNSPECIFIED.,.F.,.F.,(4,2,2,4),(0.0750553763830203,0.0962180214248439,
0.171370950467896,0.246279540810393),.UNSPECIFIED.);
#534=B_SPLINE_CURVE_WITH_KNOTS('',3,(#5235,#5236,#5237,#5238,#5239,#5240,
#5241,#5242,#5243,#5244),.UNSPECIFIED.,.F.,.F.,(4,3,3,4),(0.,0.222193269158529,
0.480205082552008,0.573854231872425),.UNSPECIFIED.);
#535=B_SPLINE_CURVE_WITH_KNOTS('',3,(#5248,#5249,#5250,#5251,#5252,#5253,
#5254,#5255,#5256,#5257),.UNSPECIFIED.,.F.,.F.,(4,3,3,4),(0.,0.0645379424758898,
0.242350613873693,0.395480019904089),.UNSPECIFIED.);
#536=B_SPLINE_CURVE_WITH_KNOTS('',3,(#5261,#5262,#5263,#5264,#5265,#5266,
#5267),.UNSPECIFIED.,.F.,.F.,(4,3,4),(0.,0.153605282907814,0.173856737844793),
 .UNSPECIFIED.);
#537=B_SPLINE_CURVE_WITH_KNOTS('',3,(#5311,#5312,#5313,#5314,#5315,#5316),
 .UNSPECIFIED.,.F.,.F.,(4,1,1,4),(-0.551351896329829,-0.393822783092736,
-0.236293669855643,-3.25297523578804E-15),.UNSPECIFIED.);
#538=B_SPLINE_CURVE_WITH_KNOTS('',3,(#5317,#5318,#5319,#5320,#5321,#5322),
 .UNSPECIFIED.,.F.,.F.,(4,1,1,4),(3.25297523578804E-15,0.236293669855643,
0.393822783092736,0.551351896329829),.UNSPECIFIED.);
#539=B_SPLINE_CURVE_WITH_KNOTS('',3,(#5362,#5363,#5364,#5365,#5366,#5367),
 .UNSPECIFIED.,.F.,.F.,(4,1,1,4),(-0.54914331063636,-0.392245221883115,
-0.23534713312987,-2.8158039041897E-15),.UNSPECIFIED.);
#540=B_SPLINE_CURVE_WITH_KNOTS('',3,(#5368,#5369,#5370,#5371,#5372,#5373),
 .UNSPECIFIED.,.F.,.F.,(4,1,1,4),(2.8158039041897E-15,0.23534713312987,
0.392245221883115,0.54914331063636),.UNSPECIFIED.);
#541=B_SPLINE_CURVE_WITH_KNOTS('',3,(#5413,#5414,#5415,#5416,#5417,#5418),
 .UNSPECIFIED.,.F.,.F.,(4,1,1,4),(-0.549424773521589,-0.392446266801136,
-0.235467760080683,-2.47040627677301E-15),.UNSPECIFIED.);
#542=B_SPLINE_CURVE_WITH_KNOTS('',3,(#5419,#5420,#5421,#5422,#5423,#5424),
 .UNSPECIFIED.,.F.,.F.,(4,1,1,4),(2.47040627677301E-15,0.235467760080683,
0.392446266801136,0.549424773521589),.UNSPECIFIED.);
#543=B_SPLINE_CURVE_WITH_KNOTS('',3,(#5461,#5462,#5463,#5464,#5465,#5466),
 .UNSPECIFIED.,.F.,.F.,(4,1,1,4),(-0.549425308147977,-0.392446648677127,
-0.235467989206277,-2.03453482908127E-15),.UNSPECIFIED.);
#544=B_SPLINE_CURVE_WITH_KNOTS('',3,(#5467,#5468,#5469,#5470,#5471,#5472),
 .UNSPECIFIED.,.F.,.F.,(4,1,1,4),(2.03453482908127E-15,0.235467989206277,
0.392446648677127,0.549425308147977),.UNSPECIFIED.);
#545=B_SPLINE_CURVE_WITH_KNOTS('',3,(#5496,#5497,#5498,#5499,#5500,#5501,
#5502),.UNSPECIFIED.,.F.,.F.,(4,3,4),(-1.,-0.823559859898816,-0.432685227578385),
 .UNSPECIFIED.);
#546=B_SPLINE_CURVE_WITH_KNOTS('',3,(#5503,#5504,#5505,#5506),
 .UNSPECIFIED.,.F.,.F.,(4,4),(0.0500000000000018,0.150000000000001),
 .UNSPECIFIED.);
#547=B_SPLINE_CURVE_WITH_KNOTS('',3,(#5534,#5535,#5536,#5537),
 .UNSPECIFIED.,.F.,.F.,(4,4),(0.,0.1),.UNSPECIFIED.);
#548=B_SPLINE_CURVE_WITH_KNOTS('',3,(#5538,#5539,#5540,#5541,#5542,#5543,
#5544),.UNSPECIFIED.,.F.,.F.,(4,3,4),(-0.591898535168304,-0.485638393102348,
0.),.UNSPECIFIED.);
#549=B_SPLINE_CURVE_WITH_KNOTS('',3,(#5761,#5762,#5763,#5764,#5765,#5766,
#5767,#5768,#5769,#5770),.UNSPECIFIED.,.F.,.F.,(4,1,1,1,1,1,1,4),(0.233059169764961,
0.716127578613115,2.14838273583935,2.5064465251459,2.86451031445246,3.22257410375902,
3.58063789306558,4.79886661670409),.UNSPECIFIED.);
#550=B_SPLINE_CURVE_WITH_KNOTS('',3,(#5819,#5820,#5821,#5822,#5823,#5824,
#5825,#5826,#5827,#5828),.UNSPECIFIED.,.F.,.F.,(4,1,1,1,1,1,1,4),(-5.01289305029181,
-3.58063789306558,-3.22257410375902,-2.86451031445246,-2.5064465251459,
-2.14838273583935,-0.716127578613115,9.28635951826628E-16),
 .UNSPECIFIED.);
#551=B_SPLINE_CURVE_WITH_KNOTS('',3,(#5837,#5838,#5839,#5840,#5841,#5842,
#5843,#5844,#5845),.UNSPECIFIED.,.F.,.F.,(4,1,1,1,1,1,4),(-5.20787451018695,
-2.98938819856192,-2.616806832961,-2.24422546736009,-2.05793478455963,-1.49906273615826,
-0.0242953178297197),.UNSPECIFIED.);
#552=B_SPLINE_CURVE_WITH_KNOTS('',3,(#5854,#5855,#5856,#5857,#5858,#5859),
 .UNSPECIFIED.,.F.,.F.,(4,2,4),(0.,0.00889344874761379,0.14228533535649),
 .UNSPECIFIED.);
#553=B_SPLINE_CURVE_WITH_KNOTS('',3,(#5897,#5898,#5899,#5900,#5901,#5902,
#5903,#5904,#5905),.UNSPECIFIED.,.F.,.F.,(4,1,1,1,1,1,4),(0.00873727375460565,
1.49906273615826,2.05793478455963,2.24422546736009,2.616806832961,2.98938819856192,
5.2248763921674),.UNSPECIFIED.);
#554=B_SPLINE_CURVE_WITH_KNOTS('',3,(#5906,#5907,#5908,#5909,#5910,#5911),
 .UNSPECIFIED.,.F.,.F.,(4,2,4),(-0.142288544529442,-0.0711419311331284,
0.),.UNSPECIFIED.);
#555=B_SPLINE_CURVE_WITH_KNOTS('',3,(#5963,#5964,#5965,#5966,#5967,#5968),
 .UNSPECIFIED.,.F.,.F.,(4,2,4),(-0.2,-0.175,-0.0500000000000042),
 .UNSPECIFIED.);
#556=B_SPLINE_CURVE_WITH_KNOTS('',3,(#5970,#5971,#5972,#5973,#5974,#5975,
#5976,#5977,#5978,#5979),.UNSPECIFIED.,.F.,.F.,(4,3,3,4),(-4.78656501139589,
-3.06074773142318,-1.10549905178907,-0.00873751913119492),.UNSPECIFIED.);
#557=B_SPLINE_CURVE_WITH_KNOTS('',3,(#5980,#5981,#5982,#5983,#5984,#5985),
 .UNSPECIFIED.,.F.,.F.,(4,2,4),(-0.3,-0.175,-0.15),.UNSPECIFIED.);
#558=B_SPLINE_CURVE_WITH_KNOTS('',3,(#5991,#5992,#5993,#5994,#5995,#5996,
#5997,#5998,#5999,#6000,#6001,#6002,#6003,#6004,#6005,#6006,#6007,#6008,
#6009,#6010,#6011,#6012,#6013,#6014,#6015,#6016,#6017,#6018,#6019,#6020,
#6021,#6022,#6023,#6024,#6025,#6026,#6027,#6028,#6029,#6030,#6031,#6032,
#6033,#6034,#6035,#6036,#6037,#6038,#6039,#6040,#6041,#6042,#6043,#6044,
#6045,#6046,#6047,#6048,#6049,#6050,#6051,#6052,#6053,#6054,#6055,#6056,
#6057,#6058,#6059,#6060,#6061,#6062,#6063,#6064,#6065,#6066,#6067,#6068,
#6069),.UNSPECIFIED.,.F.,.F.,(4,3,3,3,3,3,3,3,3,3,3,3,3,3,3,3,3,3,3,3,3,
3,3,3,3,3,4),(-5.45390618458991,-5.27757225679115,-5.09387637438747,-4.90074633541158,
-4.69496925979794,-4.47170746389964,-4.23019816480529,-3.98282966591415,
-3.73390281179452,-3.50053388605736,-3.277978833872,-3.05717488608526,-2.83623489384443,
-2.61536619605408,-2.39477441125325,-2.17438752141766,-1.9485065887945,
-1.70494326519519,-1.4599190140853,-1.21482901130988,-0.977006503314151,
-0.75735505790176,-0.559728615951482,-0.370648154724223,-0.185324077362111,
-0.010550737256765,0.),.UNSPECIFIED.);
#559=B_SPLINE_CURVE_WITH_KNOTS('',3,(#6100,#6101,#6102,#6103,#6104,#6105,
#6106,#6107,#6108,#6109),.UNSPECIFIED.,.F.,.F.,(4,3,3,4),(0.,0.340361627530064,
0.733655880862181,1.),.UNSPECIFIED.);
#560=B_SPLINE_CURVE_WITH_KNOTS('',3,(#6211,#6212,#6213,#6214,#6215,#6216,
#6217,#6218,#6219,#6220,#6221,#6222,#6223,#6224,#6225,#6226),
 .UNSPECIFIED.,.F.,.F.,(4,1,1,1,1,1,1,1,1,1,1,1,1,4),(0.215506654994991,
0.483715303473033,0.967430606946068,1.20928825868259,1.33021708455084,1.39068149748497,
1.4511459104191,1.69300356215562,1.81393238802388,1.93486121389214,2.0557900397604,
2.17671886562866,2.41857651736517,3.1786824365486),.UNSPECIFIED.);
#561=B_SPLINE_CURVE_WITH_KNOTS('',3,(#6299,#6300,#6301,#6302,#6303,#6304,
#6305,#6306,#6307,#6308,#6309,#6310,#6311,#6312,#6313,#6314),
 .UNSPECIFIED.,.F.,.F.,(4,1,1,1,1,1,1,1,1,1,1,1,1,4),(-3.38600712431124,
-2.41857651736517,-2.17671886562866,-2.0557900397604,-1.93486121389214,
-1.81393238802388,-1.69300356215562,-1.4511459104191,-1.39068149748497,
-1.33021708455084,-1.20928825868259,-0.967430606946068,-0.483715303473033,
2.3543765934354E-15),.UNSPECIFIED.);
#562=B_SPLINE_CURVE_WITH_KNOTS('',3,(#6323,#6324,#6325,#6326,#6327,#6328,
#6329,#6330,#6331,#6332,#6333,#6334,#6335,#6336,#6337,#6338,#6339),
 .UNSPECIFIED.,.F.,.F.,(4,1,1,1,1,1,1,1,1,1,1,1,1,1,4),(-3.40235853748941,
-2.93158664267022,-2.44444095865613,-2.20086811664909,-2.07908169564556,
-2.0181884851438,-1.95729527464204,-1.713722432635,-1.59193601163147,-1.47014959062795,
-1.34836316962443,-1.2265767486209,-0.983003906613859,-0.495858222599768,
-0.0242355130141489),.UNSPECIFIED.);
#563=B_SPLINE_CURVE_WITH_KNOTS('',3,(#6348,#6349,#6350,#6351,#6352,#6353),
 .UNSPECIFIED.,.F.,.F.,(4,2,4),(0.,0.00889383910596398,0.14230470349404),
 .UNSPECIFIED.);
#564=B_SPLINE_CURVE_WITH_KNOTS('',3,(#6423,#6424,#6425,#6426,#6427,#6428,
#6429,#6430,#6431,#6432,#6433,#6434,#6435,#6436,#6437,#6438,#6439),
 .UNSPECIFIED.,.F.,.F.,(4,1,1,1,1,1,1,1,1,1,1,1,1,1,4),(0.008712538585677,
0.495858222599768,0.983003906613859,1.2265767486209,1.34836316962443,1.47014959062795,
1.59193601163147,1.713722432635,1.95729527464204,2.0181884851438,2.07908169564556,
2.20086811664909,2.44444095865613,2.93158664267022,3.41873232668431),
 .UNSPECIFIED.);
#565=B_SPLINE_CURVE_WITH_KNOTS('',3,(#6440,#6441,#6442,#6443,#6444,#6445),
 .UNSPECIFIED.,.F.,.F.,(4,2,4),(-0.14229361882767,-0.0711446545521261,0.),
 .UNSPECIFIED.);
#566=B_SPLINE_CURVE_WITH_KNOTS('',3,(#6491,#6492,#6493,#6494,#6495,#6496),
 .UNSPECIFIED.,.F.,.F.,(4,2,4),(-0.2,-0.175,-0.0500000000000019),
 .UNSPECIFIED.);
#567=B_SPLINE_CURVE_WITH_KNOTS('',3,(#6498,#6499,#6500,#6501,#6502,#6503,
#6504),.UNSPECIFIED.,.F.,.F.,(4,3,4),(0.0087084360827383,1.62182566701039,
3.23505822515008),.UNSPECIFIED.);
#568=B_SPLINE_CURVE_WITH_KNOTS('',3,(#6505,#6506,#6507,#6508,#6509,#6510),
 .UNSPECIFIED.,.F.,.F.,(4,2,4),(-0.3,-0.175,-0.149999999999998),
 .UNSPECIFIED.);
#569=B_SPLINE_CURVE_WITH_KNOTS('',3,(#6519,#6520,#6521,#6522,#6523,#6524,
#6525,#6526,#6527,#6528,#6529,#6530,#6531,#6532,#6533,#6534,#6535,#6536,
#6537,#6538,#6539,#6540,#6541,#6542,#6543,#6544,#6545,#6546,#6547,#6548,
#6549,#6550,#6551,#6552,#6553,#6554,#6555,#6556,#6557,#6558,#6559,#6560,
#6561,#6562,#6563,#6564,#6565,#6566,#6567,#6568,#6569,#6570,#6571,#6572,
#6573,#6574,#6575,#6576,#6577,#6578,#6579,#6580,#6581,#6582,#6583,#6584,
#6585,#6586,#6587,#6588,#6589,#6590,#6591,#6592,#6593,#6594),
 .UNSPECIFIED.,.F.,.F.,(4,3,3,3,3,3,3,3,3,3,3,3,3,3,3,3,3,3,3,3,3,3,3,3,
3,4),(-3.55033833134755,-3.43164057511644,-3.30700585823198,-3.17430480958211,
-3.0297868904313,-2.86754092430785,-2.68831961653861,-2.52029964050494,
-2.36278091297338,-2.21510710591255,-2.07512551722242,-1.93521791484739,
-1.79513097668937,-1.65491113620147,-1.51460624847304,-1.37342749281013,
-1.22634215614015,-1.06564334924034,-0.895663595191203,-0.721505038257549,
-0.559872634353151,-0.419904475764863,-0.292924787742813,-0.171731464643214,
-0.056929886455386,0.),.UNSPECIFIED.);
#570=B_SPLINE_CURVE_WITH_KNOTS('',3,(#6675,#6676,#6677,#6678,#6679,#6680,
#6681),.UNSPECIFIED.,.F.,.F.,(4,3,4),(0.,0.5,1.),.UNSPECIFIED.);
#571=LINE('',#4577,#946);
#572=LINE('',#4587,#947);
#573=LINE('',#4588,#948);
#574=LINE('',#4592,#949);
#575=LINE('',#4594,#950);
#576=LINE('',#4596,#951);
#577=LINE('',#4598,#952);
#578=LINE('',#4600,#953);
#579=LINE('',#4601,#954);
#580=LINE('',#4605,#955);
#581=LINE('',#4618,#956);
#582=LINE('',#4619,#957);
#583=LINE('',#4623,#958);
#584=LINE('',#4625,#959);
#585=LINE('',#4627,#960);
#586=LINE('',#4629,#961);
#587=LINE('',#4631,#962);
#588=LINE('',#4632,#963);
#589=LINE('',#4685,#964);
#590=LINE('',#4702,#965);
#591=LINE('',#4704,#966);
#592=LINE('',#4706,#967);
#593=LINE('',#4708,#968);
#594=LINE('',#4710,#969);
#595=LINE('',#4717,#970);
#596=LINE('',#4719,#971);
#597=LINE('',#4723,#972);
#598=LINE('',#4725,#973);
#599=LINE('',#4730,#974);
#600=LINE('',#4732,#975);
#601=LINE('',#4734,#976);
#602=LINE('',#4736,#977);
#603=LINE('',#4738,#978);
#604=LINE('',#4744,#979);
#605=LINE('',#4749,#980);
#606=LINE('',#4751,#981);
#607=LINE('',#4754,#982);
#608=LINE('',#4758,#983);
#609=LINE('',#4760,#984);
#610=LINE('',#4763,#985);
#611=LINE('',#4767,#986);
#612=LINE('',#4771,#987);
#613=LINE('',#4777,#988);
#614=LINE('',#4779,#989);
#615=LINE('',#4781,#990);
#616=LINE('',#4782,#991);
#617=LINE('',#4786,#992);
#618=LINE('',#4788,#993);
#619=LINE('',#4790,#994);
#620=LINE('',#4792,#995);
#621=LINE('',#4794,#996);
#622=LINE('',#4798,#997);
#623=LINE('',#4804,#998);
#624=LINE('',#4810,#999);
#625=LINE('',#4838,#1000);
#626=LINE('',#4848,#1001);
#627=LINE('',#4850,#1002);
#628=LINE('',#4851,#1003);
#629=LINE('',#4852,#1004);
#630=LINE('',#4886,#1005);
#631=LINE('',#4888,#1006);
#632=LINE('',#4890,#1007);
#633=LINE('',#4892,#1008);
#634=LINE('',#4893,#1009);
#635=LINE('',#4935,#1010);
#636=LINE('',#4936,#1011);
#637=LINE('',#4939,#1012);
#638=LINE('',#4940,#1013);
#639=LINE('',#4943,#1014);
#640=LINE('',#4944,#1015);
#641=LINE('',#4947,#1016);
#642=LINE('',#4949,#1017);
#643=LINE('',#4950,#1018);
#644=LINE('',#4953,#1019);
#645=LINE('',#4955,#1020);
#646=LINE('',#4956,#1021);
#647=LINE('',#4961,#1022);
#648=LINE('',#4965,#1023);
#649=LINE('',#4969,#1024);
#650=LINE('',#4974,#1025);
#651=LINE('',#4976,#1026);
#652=LINE('',#4978,#1027);
#653=LINE('',#4979,#1028);
#654=LINE('',#4986,#1029);
#655=LINE('',#4989,#1030);
#656=LINE('',#4991,#1031);
#657=LINE('',#4993,#1032);
#658=LINE('',#4994,#1033);
#659=LINE('',#4998,#1034);
#660=LINE('',#5003,#1035);
#661=LINE('',#5005,#1036);
#662=LINE('',#5006,#1037);
#663=LINE('',#5008,#1038);
#664=LINE('',#5011,#1039);
#665=LINE('',#5015,#1040);
#666=LINE('',#5018,#1041);
#667=LINE('',#5022,#1042);
#668=LINE('',#5027,#1043);
#669=LINE('',#5029,#1044);
#670=LINE('',#5030,#1045);
#671=LINE('',#5032,#1046);
#672=LINE('',#5035,#1047);
#673=LINE('',#5036,#1048);
#674=LINE('',#5040,#1049);
#675=LINE('',#5045,#1050);
#676=LINE('',#5049,#1051);
#677=LINE('',#5054,#1052);
#678=LINE('',#5056,#1053);
#679=LINE('',#5057,#1054);
#680=LINE('',#5059,#1055);
#681=LINE('',#5062,#1056);
#682=LINE('',#5063,#1057);
#683=LINE('',#5067,#1058);
#684=LINE('',#5072,#1059);
#685=LINE('',#5076,#1060);
#686=LINE('',#5079,#1061);
#687=LINE('',#5083,#1062);
#688=LINE('',#5088,#1063);
#689=LINE('',#5091,#1064);
#690=LINE('',#5093,#1065);
#691=LINE('',#5095,#1066);
#692=LINE('',#5098,#1067);
#693=LINE('',#5102,#1068);
#694=LINE('',#5103,#1069);
#695=LINE('',#5105,#1070);
#696=LINE('',#5107,#1071);
#697=LINE('',#5108,#1072);
#698=LINE('',#5111,#1073);
#699=LINE('',#5112,#1074);
#700=LINE('',#5115,#1075);
#701=LINE('',#5117,#1076);
#702=LINE('',#5118,#1077);
#703=LINE('',#5120,#1078);
#704=LINE('',#5122,#1079);
#705=LINE('',#5123,#1080);
#706=LINE('',#5126,#1081);
#707=LINE('',#5128,#1082);
#708=LINE('',#5129,#1083);
#709=LINE('',#5131,#1084);
#710=LINE('',#5134,#1085);
#711=LINE('',#5136,#1086);
#712=LINE('',#5138,#1087);
#713=LINE('',#5140,#1088);
#714=LINE('',#5141,#1089);
#715=LINE('',#5144,#1090);
#716=LINE('',#5152,#1091);
#717=LINE('',#5153,#1092);
#718=LINE('',#5157,#1093);
#719=LINE('',#5160,#1094);
#720=LINE('',#5162,#1095);
#721=LINE('',#5164,#1096);
#722=LINE('',#5166,#1097);
#723=LINE('',#5168,#1098);
#724=LINE('',#5170,#1099);
#725=LINE('',#5172,#1100);
#726=LINE('',#5173,#1101);
#727=LINE('',#5175,#1102);
#728=LINE('',#5177,#1103);
#729=LINE('',#5179,#1104);
#730=LINE('',#5182,#1105);
#731=LINE('',#5183,#1106);
#732=LINE('',#5185,#1107);
#733=LINE('',#5186,#1108);
#734=LINE('',#5188,#1109);
#735=LINE('',#5195,#1110);
#736=LINE('',#5201,#1111);
#737=LINE('',#5203,#1112);
#738=LINE('',#5206,#1113);
#739=LINE('',#5208,#1114);
#740=LINE('',#5211,#1115);
#741=LINE('',#5212,#1116);
#742=LINE('',#5213,#1117);
#743=LINE('',#5215,#1118);
#744=LINE('',#5216,#1119);
#745=LINE('',#5217,#1120);
#746=LINE('',#5220,#1121);
#747=LINE('',#5222,#1122);
#748=LINE('',#5233,#1123);
#749=LINE('',#5246,#1124);
#750=LINE('',#5259,#1125);
#751=LINE('',#5268,#1126);
#752=LINE('',#5274,#1127);
#753=LINE('',#5277,#1128);
#754=LINE('',#5327,#1129);
#755=LINE('',#5328,#1130);
#756=LINE('',#5378,#1131);
#757=LINE('',#5379,#1132);
#758=LINE('',#5429,#1133);
#759=LINE('',#5430,#1134);
#760=LINE('',#5494,#1135);
#761=LINE('',#5507,#1136);
#762=LINE('',#5510,#1137);
#763=LINE('',#5511,#1138);
#764=LINE('',#5532,#1139);
#765=LINE('',#5546,#1140);
#766=LINE('',#5550,#1141);
#767=LINE('',#5551,#1142);
#768=LINE('',#5552,#1143);
#769=LINE('',#5554,#1144);
#770=LINE('',#5556,#1145);
#771=LINE('',#5577,#1146);
#772=LINE('',#5579,#1147);
#773=LINE('',#5601,#1148);
#774=LINE('',#5602,#1149);
#775=LINE('',#5605,#1150);
#776=LINE('',#5607,#1151);
#777=LINE('',#5609,#1152);
#778=LINE('',#5610,#1153);
#779=LINE('',#5613,#1154);
#780=LINE('',#5615,#1155);
#781=LINE('',#5617,#1156);
#782=LINE('',#5618,#1157);
#783=LINE('',#5621,#1158);
#784=LINE('',#5623,#1159);
#785=LINE('',#5625,#1160);
#786=LINE('',#5626,#1161);
#787=LINE('',#5628,#1162);
#788=LINE('',#5630,#1163);
#789=LINE('',#5633,#1164);
#790=LINE('',#5634,#1165);
#791=LINE('',#5638,#1166);
#792=LINE('',#5639,#1167);
#793=LINE('',#5640,#1168);
#794=LINE('',#5644,#1169);
#795=LINE('',#5645,#1170);
#796=LINE('',#5646,#1171);
#797=LINE('',#5649,#1172);
#798=LINE('',#5650,#1173);
#799=LINE('',#5655,#1174);
#800=LINE('',#5661,#1175);
#801=LINE('',#5667,#1176);
#802=LINE('',#5671,#1177);
#803=LINE('',#5673,#1178);
#804=LINE('',#5674,#1179);
#805=LINE('',#5677,#1180);
#806=LINE('',#5678,#1181);
#807=LINE('',#5681,#1182);
#808=LINE('',#5682,#1183);
#809=LINE('',#5684,#1184);
#810=LINE('',#5688,#1185);
#811=LINE('',#5690,#1186);
#812=LINE('',#5691,#1187);
#813=LINE('',#5694,#1188);
#814=LINE('',#5695,#1189);
#815=LINE('',#5698,#1190);
#816=LINE('',#5699,#1191);
#817=LINE('',#5701,#1192);
#818=LINE('',#5705,#1193);
#819=LINE('',#5707,#1194);
#820=LINE('',#5708,#1195);
#821=LINE('',#5711,#1196);
#822=LINE('',#5712,#1197);
#823=LINE('',#5715,#1198);
#824=LINE('',#5716,#1199);
#825=LINE('',#5718,#1200);
#826=LINE('',#5721,#1201);
#827=LINE('',#5722,#1202);
#828=LINE('',#5723,#1203);
#829=LINE('',#5726,#1204);
#830=LINE('',#5728,#1205);
#831=LINE('',#5729,#1206);
#832=LINE('',#5773,#1207);
#833=LINE('',#5775,#1208);
#834=LINE('',#5776,#1209);
#835=LINE('',#5818,#1210);
#836=LINE('',#5831,#1211);
#837=LINE('',#5832,#1212);
#838=LINE('',#5835,#1213);
#839=LINE('',#5846,#1214);
#840=LINE('',#5849,#1215);
#841=LINE('',#5853,#1216);
#842=LINE('',#5914,#1217);
#843=LINE('',#5917,#1218);
#844=LINE('',#5920,#1219);
#845=LINE('',#5923,#1220);
#846=LINE('',#5926,#1221);
#847=LINE('',#5929,#1222);
#848=LINE('',#5987,#1223);
#849=LINE('',#5989,#1224);
#850=LINE('',#6070,#1225);
#851=LINE('',#6071,#1226);
#852=LINE('',#6076,#1227);
#853=LINE('',#6078,#1228);
#854=LINE('',#6079,#1229);
#855=LINE('',#6081,#1230);
#856=LINE('',#6083,#1231);
#857=LINE('',#6086,#1232);
#858=LINE('',#6088,#1233);
#859=LINE('',#6092,#1234);
#860=LINE('',#6093,#1235);
#861=LINE('',#6096,#1236);
#862=LINE('',#6098,#1237);
#863=LINE('',#6111,#1238);
#864=LINE('',#6112,#1239);
#865=LINE('',#6114,#1240);
#866=LINE('',#6126,#1241);
#867=LINE('',#6128,#1242);
#868=LINE('',#6129,#1243);
#869=LINE('',#6150,#1244);
#870=LINE('',#6152,#1245);
#871=LINE('',#6176,#1246);
#872=LINE('',#6178,#1247);
#873=LINE('',#6179,#1248);
#874=LINE('',#6229,#1249);
#875=LINE('',#6231,#1250);
#876=LINE('',#6232,#1251);
#877=LINE('',#6298,#1252);
#878=LINE('',#6317,#1253);
#879=LINE('',#6318,#1254);
#880=LINE('',#6321,#1255);
#881=LINE('',#6340,#1256);
#882=LINE('',#6343,#1257);
#883=LINE('',#6347,#1258);
#884=LINE('',#6448,#1259);
#885=LINE('',#6451,#1260);
#886=LINE('',#6454,#1261);
#887=LINE('',#6457,#1262);
#888=LINE('',#6460,#1263);
#889=LINE('',#6463,#1264);
#890=LINE('',#6512,#1265);
#891=LINE('',#6514,#1266);
#892=LINE('',#6517,#1267);
#893=LINE('',#6595,#1268);
#894=LINE('',#6598,#1269);
#895=LINE('',#6600,#1270);
#896=LINE('',#6601,#1271);
#897=LINE('',#6623,#1272);
#898=LINE('',#6636,#1273);
#899=LINE('',#6641,#1274);
#900=LINE('',#6644,#1275);
#901=LINE('',#6646,#1276);
#902=LINE('',#6649,#1277);
#903=LINE('',#6652,#1278);
#904=LINE('',#6653,#1279);
#905=LINE('',#6657,#1280);
#906=LINE('',#6658,#1281);
#907=LINE('',#6659,#1282);
#908=LINE('',#6682,#1283);
#909=LINE('',#6685,#1284);
#910=LINE('',#6686,#1285);
#911=LINE('',#6688,#1286);
#912=LINE('',#6689,#1287);
#913=LINE('',#6693,#1288);
#914=LINE('',#6695,#1289);
#915=LINE('',#6697,#1290);
#916=LINE('',#6698,#1291);
#917=LINE('',#6701,#1292);
#918=LINE('',#6702,#1293);
#919=LINE('',#6706,#1294);
#920=LINE('',#6708,#1295);
#921=LINE('',#6710,#1296);
#922=LINE('',#6711,#1297);
#923=LINE('',#6714,#1298);
#924=LINE('',#6716,#1299);
#925=LINE('',#6717,#1300);
#926=LINE('',#6720,#1301);
#927=LINE('',#6722,#1302);
#928=LINE('',#6723,#1303);
#929=LINE('',#6725,#1304);
#930=LINE('',#6728,#1305);
#931=LINE('',#6730,#1306);
#932=LINE('',#6731,#1307);
#933=LINE('',#6734,#1308);
#934=LINE('',#6736,#1309);
#935=LINE('',#6737,#1310);
#936=LINE('',#6740,#1311);
#937=LINE('',#6741,#1312);
#938=LINE('',#6744,#1313);
#939=LINE('',#6745,#1314);
#940=LINE('',#6747,#1315);
#941=LINE('',#6750,#1316);
#942=LINE('',#6751,#1317);
#943=LINE('',#6754,#1318);
#944=LINE('',#6755,#1319);
#945=LINE('',#6757,#1320);
#946=VECTOR('',#3750,10.);
#947=VECTOR('',#3751,10.);
#948=VECTOR('',#3752,10.);
#949=VECTOR('',#3755,10.);
#950=VECTOR('',#3756,10.);
#951=VECTOR('',#3757,10.);
#952=VECTOR('',#3758,10.);
#953=VECTOR('',#3759,10.);
#954=VECTOR('',#3760,10.);
#955=VECTOR('',#3763,10.);
#956=VECTOR('',#3764,10.);
#957=VECTOR('',#3765,10.);
#958=VECTOR('',#3768,10.);
#959=VECTOR('',#3769,10.);
#960=VECTOR('',#3770,10.);
#961=VECTOR('',#3771,10.);
#962=VECTOR('',#3772,10.);
#963=VECTOR('',#3773,10.);
#964=VECTOR('',#3776,10.);
#965=VECTOR('',#3777,10.);
#966=VECTOR('',#3778,10.);
#967=VECTOR('',#3779,10.);
#968=VECTOR('',#3780,10.);
#969=VECTOR('',#3781,10.);
#970=VECTOR('',#3784,10.);
#971=VECTOR('',#3785,10.);
#972=VECTOR('',#3790,10.);
#973=VECTOR('',#3791,10.);
#974=VECTOR('',#3796,10.);
#975=VECTOR('',#3797,10.);
#976=VECTOR('',#3798,10.);
#977=VECTOR('',#3799,10.);
#978=VECTOR('',#3800,10.);
#979=VECTOR('',#3805,10.);
#980=VECTOR('',#3810,10.);
#981=VECTOR('',#3811,10.);
#982=VECTOR('',#3814,10.);
#983=VECTOR('',#3817,10.);
#984=VECTOR('',#3818,10.);
#985=VECTOR('',#3821,10.);
#986=VECTOR('',#3824,10.);
#987=VECTOR('',#3827,10.);
#988=VECTOR('',#3832,10.);
#989=VECTOR('',#3833,10.);
#990=VECTOR('',#3834,10.);
#991=VECTOR('',#3835,10.);
#992=VECTOR('',#3838,10.);
#993=VECTOR('',#3839,10.);
#994=VECTOR('',#3840,10.);
#995=VECTOR('',#3841,10.);
#996=VECTOR('',#3842,10.);
#997=VECTOR('',#3845,10.);
#998=VECTOR('',#3850,10.);
#999=VECTOR('',#3855,10.);
#1000=VECTOR('',#3858,10.);
#1001=VECTOR('',#3861,10.);
#1002=VECTOR('',#3862,10.);
#1003=VECTOR('',#3863,10.);
#1004=VECTOR('',#3864,10.);
#1005=VECTOR('',#3867,10.);
#1006=VECTOR('',#3868,10.);
#1007=VECTOR('',#3869,10.);
#1008=VECTOR('',#3870,10.);
#1009=VECTOR('',#3871,10.);
#1010=VECTOR('',#3874,10.);
#1011=VECTOR('',#3875,10.);
#1012=VECTOR('',#3878,10.);
#1013=VECTOR('',#3879,10.);
#1014=VECTOR('',#3882,10.);
#1015=VECTOR('',#3883,10.);
#1016=VECTOR('',#3886,10.);
#1017=VECTOR('',#3887,10.);
#1018=VECTOR('',#3888,10.);
#1019=VECTOR('',#3891,10.);
#1020=VECTOR('',#3892,10.);
#1021=VECTOR('',#3893,10.);
#1022=VECTOR('',#3898,10.);
#1023=VECTOR('',#3901,10.);
#1024=VECTOR('',#3904,10.);
#1025=VECTOR('',#3909,10.);
#1026=VECTOR('',#3910,10.);
#1027=VECTOR('',#3911,10.);
#1028=VECTOR('',#3912,10.);
#1029=VECTOR('',#3919,10.);
#1030=VECTOR('',#3922,10.);
#1031=VECTOR('',#3923,10.);
#1032=VECTOR('',#3924,10.);
#1033=VECTOR('',#3925,10.);
#1034=VECTOR('',#3928,10.);
#1035=VECTOR('',#3933,10.);
#1036=VECTOR('',#3936,10.);
#1037=VECTOR('',#3937,2.35);
#1038=VECTOR('',#3938,10.);
#1039=VECTOR('',#3941,10.);
#1040=VECTOR('',#3944,10.);
#1041=VECTOR('',#3947,10.);
#1042=VECTOR('',#3950,10.);
#1043=VECTOR('',#3955,10.);
#1044=VECTOR('',#3958,10.);
#1045=VECTOR('',#3959,2.35);
#1046=VECTOR('',#3960,10.);
#1047=VECTOR('',#3963,10.);
#1048=VECTOR('',#3964,10.);
#1049=VECTOR('',#3967,10.);
#1050=VECTOR('',#3972,10.);
#1051=VECTOR('',#3975,10.);
#1052=VECTOR('',#3980,10.);
#1053=VECTOR('',#3983,10.);
#1054=VECTOR('',#3984,2.35);
#1055=VECTOR('',#3985,10.);
#1056=VECTOR('',#3988,10.);
#1057=VECTOR('',#3989,10.);
#1058=VECTOR('',#3992,10.);
#1059=VECTOR('',#3997,10.);
#1060=VECTOR('',#4000,10.);
#1061=VECTOR('',#4003,10.);
#1062=VECTOR('',#4006,10.);
#1063=VECTOR('',#4011,10.);
#1064=VECTOR('',#4014,10.);
#1065=VECTOR('',#4017,2.35);
#1066=VECTOR('',#4018,10.);
#1067=VECTOR('',#4021,10.);
#1068=VECTOR('',#4026,10.);
#1069=VECTOR('',#4027,10.);
#1070=VECTOR('',#4028,10.);
#1071=VECTOR('',#4029,10.);
#1072=VECTOR('',#4030,10.);
#1073=VECTOR('',#4033,10.);
#1074=VECTOR('',#4034,10.);
#1075=VECTOR('',#4037,10.);
#1076=VECTOR('',#4038,10.);
#1077=VECTOR('',#4039,10.);
#1078=VECTOR('',#4040,10.);
#1079=VECTOR('',#4041,10.);
#1080=VECTOR('',#4042,10.);
#1081=VECTOR('',#4045,10.);
#1082=VECTOR('',#4046,10.);
#1083=VECTOR('',#4047,10.);
#1084=VECTOR('',#4048,10.);
#1085=VECTOR('',#4053,10.);
#1086=VECTOR('',#4056,10.);
#1087=VECTOR('',#4057,10.);
#1088=VECTOR('',#4058,10.);
#1089=VECTOR('',#4059,10.);
#1090=VECTOR('',#4062,10.);
#1091=VECTOR('',#4071,10.);
#1092=VECTOR('',#4072,10.);
#1093=VECTOR('',#4075,10.);
#1094=VECTOR('',#4078,10.);
#1095=VECTOR('',#4079,10.);
#1096=VECTOR('',#4080,10.);
#1097=VECTOR('',#4081,10.);
#1098=VECTOR('',#4082,10.);
#1099=VECTOR('',#4083,10.);
#1100=VECTOR('',#4084,10.);
#1101=VECTOR('',#4085,10.);
#1102=VECTOR('',#4088,10.);
#1103=VECTOR('',#4091,10.);
#1104=VECTOR('',#4094,10.);
#1105=VECTOR('',#4097,10.);
#1106=VECTOR('',#4098,10.);
#1107=VECTOR('',#4099,10.);
#1108=VECTOR('',#4100,10.);
#1109=VECTOR('',#4103,10.);
#1110=VECTOR('',#4106,10.);
#1111=VECTOR('',#4107,10.);
#1112=VECTOR('',#4110,10.);
#1113=VECTOR('',#4115,10.);
#1114=VECTOR('',#4118,10.);
#1115=VECTOR('',#4121,10.);
#1116=VECTOR('',#4122,10.);
#1117=VECTOR('',#4123,10.);
#1118=VECTOR('',#4126,10.);
#1119=VECTOR('',#4127,10.);
#1120=VECTOR('',#4128,10.);
#1121=VECTOR('',#4131,10.);
#1122=VECTOR('',#4132,10.);
#1123=VECTOR('',#4133,10.);
#1124=VECTOR('',#4134,10.);
#1125=VECTOR('',#4135,10.);
#1126=VECTOR('',#4136,10.);
#1127=VECTOR('',#4141,10.);
#1128=VECTOR('',#4144,10.);
#1129=VECTOR('',#4151,10.);
#1130=VECTOR('',#4152,10.);
#1131=VECTOR('',#4159,10.);
#1132=VECTOR('',#4160,10.);
#1133=VECTOR('',#4167,10.);
#1134=VECTOR('',#4168,10.);
#1135=VECTOR('',#4169,10.);
#1136=VECTOR('',#4170,10.);
#1137=VECTOR('',#4173,10.);
#1138=VECTOR('',#4174,10.);
#1139=VECTOR('',#4175,10.);
#1140=VECTOR('',#4178,10.);
#1141=VECTOR('',#4181,10.);
#1142=VECTOR('',#4182,10.);
#1143=VECTOR('',#4183,10.);
#1144=VECTOR('',#4186,10.);
#1145=VECTOR('',#4189,10.);
#1146=VECTOR('',#4190,10.);
#1147=VECTOR('',#4193,10.);
#1148=VECTOR('',#4196,10.);
#1149=VECTOR('',#4197,10.);
#1150=VECTOR('',#4198,10.);
#1151=VECTOR('',#4199,10.);
#1152=VECTOR('',#4200,10.);
#1153=VECTOR('',#4201,10.);
#1154=VECTOR('',#4202,10.);
#1155=VECTOR('',#4203,10.);
#1156=VECTOR('',#4204,10.);
#1157=VECTOR('',#4205,10.);
#1158=VECTOR('',#4206,10.);
#1159=VECTOR('',#4207,10.);
#1160=VECTOR('',#4208,10.);
#1161=VECTOR('',#4209,10.);
#1162=VECTOR('',#4212,10.);
#1163=VECTOR('',#4215,10.);
#1164=VECTOR('',#4218,10.);
#1165=VECTOR('',#4219,10.);
#1166=VECTOR('',#4222,10.);
#1167=VECTOR('',#4223,10.);
#1168=VECTOR('',#4224,10.);
#1169=VECTOR('',#4227,10.);
#1170=VECTOR('',#4228,10.);
#1171=VECTOR('',#4229,10.);
#1172=VECTOR('',#4232,10.);
#1173=VECTOR('',#4233,10.);
#1174=VECTOR('',#4238,2.35);
#1175=VECTOR('',#4245,2.35);
#1176=VECTOR('',#4252,2.35);
#1177=VECTOR('',#4257,10.);
#1178=VECTOR('',#4258,10.);
#1179=VECTOR('',#4259,10.);
#1180=VECTOR('',#4262,10.);
#1181=VECTOR('',#4263,10.);
#1182=VECTOR('',#4266,10.);
#1183=VECTOR('',#4267,10.);
#1184=VECTOR('',#4270,10.);
#1185=VECTOR('',#4275,10.);
#1186=VECTOR('',#4276,10.);
#1187=VECTOR('',#4277,10.);
#1188=VECTOR('',#4280,10.);
#1189=VECTOR('',#4281,10.);
#1190=VECTOR('',#4284,10.);
#1191=VECTOR('',#4285,10.);
#1192=VECTOR('',#4288,10.);
#1193=VECTOR('',#4293,10.);
#1194=VECTOR('',#4294,10.);
#1195=VECTOR('',#4295,10.);
#1196=VECTOR('',#4298,10.);
#1197=VECTOR('',#4299,10.);
#1198=VECTOR('',#4302,10.);
#1199=VECTOR('',#4303,10.);
#1200=VECTOR('',#4306,10.);
#1201=VECTOR('',#4311,10.);
#1202=VECTOR('',#4312,10.);
#1203=VECTOR('',#4313,10.);
#1204=VECTOR('',#4316,10.);
#1205=VECTOR('',#4317,10.);
#1206=VECTOR('',#4318,10.);
#1207=VECTOR('',#4323,10.);
#1208=VECTOR('',#4324,10.);
#1209=VECTOR('',#4325,10.);
#1210=VECTOR('',#4326,10.);
#1211=VECTOR('',#4329,10.);
#1212=VECTOR('',#4330,10.);
#1213=VECTOR('',#4333,10.);
#1214=VECTOR('',#4334,10.);
#1215=VECTOR('',#4337,10.);
#1216=VECTOR('',#4340,10.);
#1217=VECTOR('',#4343,10.);
#1218=VECTOR('',#4346,10.);
#1219=VECTOR('',#4349,10.);
#1220=VECTOR('',#4352,10.);
#1221=VECTOR('',#4355,10.);
#1222=VECTOR('',#4358,10.);
#1223=VECTOR('',#4361,10.);
#1224=VECTOR('',#4362,10.);
#1225=VECTOR('',#4363,10.);
#1226=VECTOR('',#4364,10.);
#1227=VECTOR('',#4371,10.);
#1228=VECTOR('',#4372,10.);
#1229=VECTOR('',#4373,10.);
#1230=VECTOR('',#4376,2.35);
#1231=VECTOR('',#4377,10.);
#1232=VECTOR('',#4382,2.35);
#1233=VECTOR('',#4383,10.);
#1234=VECTOR('',#4388,10.);
#1235=VECTOR('',#4389,10.);
#1236=VECTOR('',#4392,10.);
#1237=VECTOR('',#4393,10.);
#1238=VECTOR('',#4394,10.);
#1239=VECTOR('',#4395,10.);
#1240=VECTOR('',#4396,10.);
#1241=VECTOR('',#4399,10.);
#1242=VECTOR('',#4402,10.);
#1243=VECTOR('',#4403,10.);
#1244=VECTOR('',#4404,10.);
#1245=VECTOR('',#4407,10.);
#1246=VECTOR('',#4412,10.);
#1247=VECTOR('',#4413,10.);
#1248=VECTOR('',#4414,10.);
#1249=VECTOR('',#4419,10.);
#1250=VECTOR('',#4420,10.);
#1251=VECTOR('',#4421,10.);
#1252=VECTOR('',#4422,10.);
#1253=VECTOR('',#4425,10.);
#1254=VECTOR('',#4426,10.);
#1255=VECTOR('',#4429,10.);
#1256=VECTOR('',#4430,10.);
#1257=VECTOR('',#4433,10.);
#1258=VECTOR('',#4436,10.);
#1259=VECTOR('',#4439,10.);
#1260=VECTOR('',#4442,10.);
#1261=VECTOR('',#4445,10.);
#1262=VECTOR('',#4448,10.);
#1263=VECTOR('',#4451,10.);
#1264=VECTOR('',#4454,10.);
#1265=VECTOR('',#4457,10.);
#1266=VECTOR('',#4460,10.);
#1267=VECTOR('',#4463,10.);
#1268=VECTOR('',#4464,10.);
#1269=VECTOR('',#4467,10.);
#1270=VECTOR('',#4468,10.);
#1271=VECTOR('',#4469,10.);
#1272=VECTOR('',#4470,10.);
#1273=VECTOR('',#4473,2.34999999999999);
#1274=VECTOR('',#4480,2.34999999999999);
#1275=VECTOR('',#4483,10.);
#1276=VECTOR('',#4484,10.);
#1277=VECTOR('',#4489,10.);
#1278=VECTOR('',#4492,10.);
#1279=VECTOR('',#4493,10.);
#1280=VECTOR('',#4496,10.);
#1281=VECTOR('',#4497,10.);
#1282=VECTOR('',#4498,10.);
#1283=VECTOR('',#4499,10.);
#1284=VECTOR('',#4502,10.);
#1285=VECTOR('',#4503,10.);
#1286=VECTOR('',#4506,10.);
#1287=VECTOR('',#4507,10.);
#1288=VECTOR('',#4512,10.);
#1289=VECTOR('',#4513,10.);
#1290=VECTOR('',#4514,10.);
#1291=VECTOR('',#4515,10.);
#1292=VECTOR('',#4518,10.);
#1293=VECTOR('',#4519,10.);
#1294=VECTOR('',#4522,10.);
#1295=VECTOR('',#4523,10.);
#1296=VECTOR('',#4524,10.);
#1297=VECTOR('',#4525,10.);
#1298=VECTOR('',#4528,10.);
#1299=VECTOR('',#4529,10.);
#1300=VECTOR('',#4530,10.);
#1301=VECTOR('',#4533,10.);
#1302=VECTOR('',#4534,10.);
#1303=VECTOR('',#4535,10.);
#1304=VECTOR('',#4538,10.);
#1305=VECTOR('',#4541,10.);
#1306=VECTOR('',#4542,10.);
#1307=VECTOR('',#4543,10.);
#1308=VECTOR('',#4546,10.);
#1309=VECTOR('',#4547,10.);
#1310=VECTOR('',#4548,10.);
#1311=VECTOR('',#4551,10.);
#1312=VECTOR('',#4552,10.);
#1313=VECTOR('',#4555,10.);
#1314=VECTOR('',#4556,10.);
#1315=VECTOR('',#4559,10.);
#1316=VECTOR('',#4562,10.);
#1317=VECTOR('',#4563,10.);
#1318=VECTOR('',#4566,10.);
#1319=VECTOR('',#4567,10.);
#1320=VECTOR('',#4570,10.);
#1321=VERTEX_POINT('',#4575);
#1322=VERTEX_POINT('',#4576);
#1323=VERTEX_POINT('',#4578);
#1324=VERTEX_POINT('',#4586);
#1325=VERTEX_POINT('',#4590);
#1326=VERTEX_POINT('',#4591);
#1327=VERTEX_POINT('',#4593);
#1328=VERTEX_POINT('',#4595);
#1329=VERTEX_POINT('',#4597);
#1330=VERTEX_POINT('',#4599);
#1331=VERTEX_POINT('',#4603);
#1332=VERTEX_POINT('',#4604);
#1333=VERTEX_POINT('',#4606);
#1334=VERTEX_POINT('',#4617);
#1335=VERTEX_POINT('',#4621);
#1336=VERTEX_POINT('',#4622);
#1337=VERTEX_POINT('',#4624);
#1338=VERTEX_POINT('',#4626);
#1339=VERTEX_POINT('',#4628);
#1340=VERTEX_POINT('',#4630);
#1341=VERTEX_POINT('',#4653);
#1342=VERTEX_POINT('',#4658);
#1343=VERTEX_POINT('',#4663);
#1344=VERTEX_POINT('',#4673);
#1345=VERTEX_POINT('',#4674);
#1346=VERTEX_POINT('',#4679);
#1347=VERTEX_POINT('',#4684);
#1348=VERTEX_POINT('',#4686);
#1349=VERTEX_POINT('',#4691);
#1350=VERTEX_POINT('',#4696);
#1351=VERTEX_POINT('',#4701);
#1352=VERTEX_POINT('',#4703);
#1353=VERTEX_POINT('',#4705);
#1354=VERTEX_POINT('',#4707);
#1355=VERTEX_POINT('',#4709);
#1356=VERTEX_POINT('',#4716);
#1357=VERTEX_POINT('',#4718);
#1358=VERTEX_POINT('',#4722);
#1359=VERTEX_POINT('',#4724);
#1360=VERTEX_POINT('',#4728);
#1361=VERTEX_POINT('',#4729);
#1362=VERTEX_POINT('',#4731);
#1363=VERTEX_POINT('',#4733);
#1364=VERTEX_POINT('',#4735);
#1365=VERTEX_POINT('',#4737);
#1366=VERTEX_POINT('',#4739);
#1367=VERTEX_POINT('',#4741);
#1368=VERTEX_POINT('',#4743);
#1369=VERTEX_POINT('',#4747);
#1370=VERTEX_POINT('',#4748);
#1371=VERTEX_POINT('',#4750);
#1372=VERTEX_POINT('',#4752);
#1373=VERTEX_POINT('',#4756);
#1374=VERTEX_POINT('',#4757);
#1375=VERTEX_POINT('',#4759);
#1376=VERTEX_POINT('',#4761);
#1377=VERTEX_POINT('',#4765);
#1378=VERTEX_POINT('',#4766);
#1379=VERTEX_POINT('',#4768);
#1380=VERTEX_POINT('',#4770);
#1381=VERTEX_POINT('',#4772);
#1382=VERTEX_POINT('',#4774);
#1383=VERTEX_POINT('',#4776);
#1384=VERTEX_POINT('',#4778);
#1385=VERTEX_POINT('',#4780);
#1386=VERTEX_POINT('',#4784);
#1387=VERTEX_POINT('',#4785);
#1388=VERTEX_POINT('',#4787);
#1389=VERTEX_POINT('',#4789);
#1390=VERTEX_POINT('',#4791);
#1391=VERTEX_POINT('',#4793);
#1392=VERTEX_POINT('',#4795);
#1393=VERTEX_POINT('',#4797);
#1394=VERTEX_POINT('',#4799);
#1395=VERTEX_POINT('',#4801);
#1396=VERTEX_POINT('',#4803);
#1397=VERTEX_POINT('',#4805);
#1398=VERTEX_POINT('',#4807);
#1399=VERTEX_POINT('',#4809);
#1400=VERTEX_POINT('',#4832);
#1401=VERTEX_POINT('',#4837);
#1402=VERTEX_POINT('',#4847);
#1403=VERTEX_POINT('',#4849);
#1404=VERTEX_POINT('',#4885);
#1405=VERTEX_POINT('',#4887);
#1406=VERTEX_POINT('',#4889);
#1407=VERTEX_POINT('',#4891);
#1408=VERTEX_POINT('',#4914);
#1409=VERTEX_POINT('',#4919);
#1410=VERTEX_POINT('',#4924);
#1411=VERTEX_POINT('',#4934);
#1412=VERTEX_POINT('',#4938);
#1413=VERTEX_POINT('',#4942);
#1414=VERTEX_POINT('',#4946);
#1415=VERTEX_POINT('',#4948);
#1416=VERTEX_POINT('',#4952);
#1417=VERTEX_POINT('',#4954);
#1418=VERTEX_POINT('',#4958);
#1419=VERTEX_POINT('',#4960);
#1420=VERTEX_POINT('',#4962);
#1421=VERTEX_POINT('',#4964);
#1422=VERTEX_POINT('',#4966);
#1423=VERTEX_POINT('',#4968);
#1424=VERTEX_POINT('',#4970);
#1425=VERTEX_POINT('',#4973);
#1426=VERTEX_POINT('',#4975);
#1427=VERTEX_POINT('',#4977);
#1428=VERTEX_POINT('',#4981);
#1429=VERTEX_POINT('',#4983);
#1430=VERTEX_POINT('',#4985);
#1431=VERTEX_POINT('',#4988);
#1432=VERTEX_POINT('',#4990);
#1433=VERTEX_POINT('',#4992);
#1434=VERTEX_POINT('',#4996);
#1435=VERTEX_POINT('',#4997);
#1436=VERTEX_POINT('',#4999);
#1437=VERTEX_POINT('',#5001);
#1438=VERTEX_POINT('',#5007);
#1439=VERTEX_POINT('',#5009);
#1440=VERTEX_POINT('',#5013);
#1441=VERTEX_POINT('',#5014);
#1442=VERTEX_POINT('',#5016);
#1443=VERTEX_POINT('',#5020);
#1444=VERTEX_POINT('',#5021);
#1445=VERTEX_POINT('',#5023);
#1446=VERTEX_POINT('',#5025);
#1447=VERTEX_POINT('',#5031);
#1448=VERTEX_POINT('',#5033);
#1449=VERTEX_POINT('',#5038);
#1450=VERTEX_POINT('',#5039);
#1451=VERTEX_POINT('',#5041);
#1452=VERTEX_POINT('',#5043);
#1453=VERTEX_POINT('',#5047);
#1454=VERTEX_POINT('',#5048);
#1455=VERTEX_POINT('',#5050);
#1456=VERTEX_POINT('',#5052);
#1457=VERTEX_POINT('',#5058);
#1458=VERTEX_POINT('',#5060);
#1459=VERTEX_POINT('',#5065);
#1460=VERTEX_POINT('',#5066);
#1461=VERTEX_POINT('',#5068);
#1462=VERTEX_POINT('',#5070);
#1463=VERTEX_POINT('',#5074);
#1464=VERTEX_POINT('',#5075);
#1465=VERTEX_POINT('',#5077);
#1466=VERTEX_POINT('',#5081);
#1467=VERTEX_POINT('',#5082);
#1468=VERTEX_POINT('',#5084);
#1469=VERTEX_POINT('',#5086);
#1470=VERTEX_POINT('',#5090);
#1471=VERTEX_POINT('',#5094);
#1472=VERTEX_POINT('',#5096);
#1473=VERTEX_POINT('',#5101);
#1474=VERTEX_POINT('',#5104);
#1475=VERTEX_POINT('',#5106);
#1476=VERTEX_POINT('',#5110);
#1477=VERTEX_POINT('',#5114);
#1478=VERTEX_POINT('',#5116);
#1479=VERTEX_POINT('',#5119);
#1480=VERTEX_POINT('',#5121);
#1481=VERTEX_POINT('',#5125);
#1482=VERTEX_POINT('',#5127);
#1483=VERTEX_POINT('',#5130);
#1484=VERTEX_POINT('',#5137);
#1485=VERTEX_POINT('',#5139);
#1486=VERTEX_POINT('',#5143);
#1487=VERTEX_POINT('',#5145);
#1488=VERTEX_POINT('',#5148);
#1489=VERTEX_POINT('',#5150);
#1490=VERTEX_POINT('',#5154);
#1491=VERTEX_POINT('',#5156);
#1492=VERTEX_POINT('',#5158);
#1493=VERTEX_POINT('',#5161);
#1494=VERTEX_POINT('',#5163);
#1495=VERTEX_POINT('',#5165);
#1496=VERTEX_POINT('',#5167);
#1497=VERTEX_POINT('',#5169);
#1498=VERTEX_POINT('',#5171);
#1499=VERTEX_POINT('',#5181);
#1500=VERTEX_POINT('',#5184);
#1501=VERTEX_POINT('',#5190);
#1502=VERTEX_POINT('',#5196);
#1503=VERTEX_POINT('',#5210);
#1504=VERTEX_POINT('',#5219);
#1505=VERTEX_POINT('',#5221);
#1506=VERTEX_POINT('',#5223);
#1507=VERTEX_POINT('',#5232);
#1508=VERTEX_POINT('',#5234);
#1509=VERTEX_POINT('',#5245);
#1510=VERTEX_POINT('',#5247);
#1511=VERTEX_POINT('',#5258);
#1512=VERTEX_POINT('',#5260);
#1513=VERTEX_POINT('',#5270);
#1514=VERTEX_POINT('',#5271);
#1515=VERTEX_POINT('',#5273);
#1516=VERTEX_POINT('',#5275);
#1517=VERTEX_POINT('',#5308);
#1518=VERTEX_POINT('',#5309);
#1519=VERTEX_POINT('',#5324);
#1520=VERTEX_POINT('',#5325);
#1521=VERTEX_POINT('',#5359);
#1522=VERTEX_POINT('',#5360);
#1523=VERTEX_POINT('',#5375);
#1524=VERTEX_POINT('',#5376);
#1525=VERTEX_POINT('',#5410);
#1526=VERTEX_POINT('',#5411);
#1527=VERTEX_POINT('',#5426);
#1528=VERTEX_POINT('',#5427);
#1529=VERTEX_POINT('',#5493);
#1530=VERTEX_POINT('',#5495);
#1531=VERTEX_POINT('',#5509);
#1532=VERTEX_POINT('',#5533);
#1533=VERTEX_POINT('',#5548);
#1534=VERTEX_POINT('',#5549);
#1535=VERTEX_POINT('',#5603);
#1536=VERTEX_POINT('',#5604);
#1537=VERTEX_POINT('',#5606);
#1538=VERTEX_POINT('',#5608);
#1539=VERTEX_POINT('',#5611);
#1540=VERTEX_POINT('',#5612);
#1541=VERTEX_POINT('',#5614);
#1542=VERTEX_POINT('',#5616);
#1543=VERTEX_POINT('',#5619);
#1544=VERTEX_POINT('',#5620);
#1545=VERTEX_POINT('',#5622);
#1546=VERTEX_POINT('',#5624);
#1547=VERTEX_POINT('',#5632);
#1548=VERTEX_POINT('',#5636);
#1549=VERTEX_POINT('',#5637);
#1550=VERTEX_POINT('',#5642);
#1551=VERTEX_POINT('',#5643);
#1552=VERTEX_POINT('',#5648);
#1553=VERTEX_POINT('',#5652);
#1554=VERTEX_POINT('',#5654);
#1555=VERTEX_POINT('',#5658);
#1556=VERTEX_POINT('',#5660);
#1557=VERTEX_POINT('',#5664);
#1558=VERTEX_POINT('',#5666);
#1559=VERTEX_POINT('',#5670);
#1560=VERTEX_POINT('',#5672);
#1561=VERTEX_POINT('',#5676);
#1562=VERTEX_POINT('',#5680);
#1563=VERTEX_POINT('',#5687);
#1564=VERTEX_POINT('',#5689);
#1565=VERTEX_POINT('',#5693);
#1566=VERTEX_POINT('',#5697);
#1567=VERTEX_POINT('',#5704);
#1568=VERTEX_POINT('',#5706);
#1569=VERTEX_POINT('',#5710);
#1570=VERTEX_POINT('',#5714);
#1571=VERTEX_POINT('',#5725);
#1572=VERTEX_POINT('',#5727);
#1573=VERTEX_POINT('',#5772);
#1574=VERTEX_POINT('',#5774);
#1575=VERTEX_POINT('',#5817);
#1576=VERTEX_POINT('',#5830);
#1577=VERTEX_POINT('',#5834);
#1578=VERTEX_POINT('',#5836);
#1579=VERTEX_POINT('',#5848);
#1580=VERTEX_POINT('',#5850);
#1581=VERTEX_POINT('',#5852);
#1582=VERTEX_POINT('',#5896);
#1583=VERTEX_POINT('',#5913);
#1584=VERTEX_POINT('',#5915);
#1585=VERTEX_POINT('',#5919);
#1586=VERTEX_POINT('',#5921);
#1587=VERTEX_POINT('',#5925);
#1588=VERTEX_POINT('',#5927);
#1589=VERTEX_POINT('',#5962);
#1590=VERTEX_POINT('',#5969);
#1591=VERTEX_POINT('',#5988);
#1592=VERTEX_POINT('',#5990);
#1593=VERTEX_POINT('',#6075);
#1594=VERTEX_POINT('',#6077);
#1595=VERTEX_POINT('',#6082);
#1596=VERTEX_POINT('',#6087);
#1597=VERTEX_POINT('',#6091);
#1598=VERTEX_POINT('',#6095);
#1599=VERTEX_POINT('',#6097);
#1600=VERTEX_POINT('',#6099);
#1601=VERTEX_POINT('',#6110);
#1602=VERTEX_POINT('',#6113);
#1603=VERTEX_POINT('',#6175);
#1604=VERTEX_POINT('',#6177);
#1605=VERTEX_POINT('',#6228);
#1606=VERTEX_POINT('',#6230);
#1607=VERTEX_POINT('',#6297);
#1608=VERTEX_POINT('',#6316);
#1609=VERTEX_POINT('',#6320);
#1610=VERTEX_POINT('',#6322);
#1611=VERTEX_POINT('',#6342);
#1612=VERTEX_POINT('',#6344);
#1613=VERTEX_POINT('',#6346);
#1614=VERTEX_POINT('',#6422);
#1615=VERTEX_POINT('',#6447);
#1616=VERTEX_POINT('',#6449);
#1617=VERTEX_POINT('',#6453);
#1618=VERTEX_POINT('',#6455);
#1619=VERTEX_POINT('',#6459);
#1620=VERTEX_POINT('',#6461);
#1621=VERTEX_POINT('',#6490);
#1622=VERTEX_POINT('',#6497);
#1623=VERTEX_POINT('',#6516);
#1624=VERTEX_POINT('',#6518);
#1625=VERTEX_POINT('',#6597);
#1626=VERTEX_POINT('',#6599);
#1627=VERTEX_POINT('',#6622);
#1628=VERTEX_POINT('',#6635);
#1629=VERTEX_POINT('',#6640);
#1630=VERTEX_POINT('',#6642);
#1631=VERTEX_POINT('',#6645);
#1632=VERTEX_POINT('',#6651);
#1633=VERTEX_POINT('',#6655);
#1634=VERTEX_POINT('',#6656);
#1635=VERTEX_POINT('',#6674);
#1636=VERTEX_POINT('',#6684);
#1637=VERTEX_POINT('',#6692);
#1638=VERTEX_POINT('',#6694);
#1639=VERTEX_POINT('',#6696);
#1640=VERTEX_POINT('',#6700);
#1641=VERTEX_POINT('',#6704);
#1642=VERTEX_POINT('',#6705);
#1643=VERTEX_POINT('',#6707);
#1644=VERTEX_POINT('',#6709);
#1645=VERTEX_POINT('',#6713);
#1646=VERTEX_POINT('',#6715);
#1647=VERTEX_POINT('',#6719);
#1648=VERTEX_POINT('',#6721);
#1649=VERTEX_POINT('',#6727);
#1650=VERTEX_POINT('',#6729);
#1651=VERTEX_POINT('',#6733);
#1652=VERTEX_POINT('',#6735);
#1653=VERTEX_POINT('',#6739);
#1654=VERTEX_POINT('',#6743);
#1655=VERTEX_POINT('',#6749);
#1656=VERTEX_POINT('',#6753);
#1657=EDGE_CURVE('',#1321,#1322,#571,.T.);
#1658=EDGE_CURVE('',#1322,#1323,#511,.T.);
#1659=EDGE_CURVE('',#1323,#1324,#572,.T.);
#1660=EDGE_CURVE('',#1321,#1324,#573,.T.);
#1661=EDGE_CURVE('',#1325,#1326,#574,.T.);
#1662=EDGE_CURVE('',#1327,#1325,#575,.T.);
#1663=EDGE_CURVE('',#1328,#1327,#576,.T.);
#1664=EDGE_CURVE('',#1329,#1328,#577,.T.);
#1665=EDGE_CURVE('',#1330,#1329,#578,.T.);
#1666=EDGE_CURVE('',#1326,#1330,#579,.T.);
#1667=EDGE_CURVE('',#1331,#1332,#580,.T.);
#1668=EDGE_CURVE('',#1332,#1333,#512,.T.);
#1669=EDGE_CURVE('',#1333,#1334,#581,.T.);
#1670=EDGE_CURVE('',#1331,#1334,#582,.T.);
#1671=EDGE_CURVE('',#1335,#1336,#583,.T.);
#1672=EDGE_CURVE('',#1337,#1335,#584,.T.);
#1673=EDGE_CURVE('',#1338,#1337,#585,.T.);
#1674=EDGE_CURVE('',#1339,#1338,#586,.T.);
#1675=EDGE_CURVE('',#1340,#1339,#587,.T.);
#1676=EDGE_CURVE('',#1336,#1340,#588,.T.);
#1677=EDGE_CURVE('',#1341,#1337,#513,.T.);
#1678=EDGE_CURVE('',#1342,#1341,#514,.T.);
#1679=EDGE_CURVE('',#1343,#1342,#515,.T.);
#1680=EDGE_CURVE('',#1338,#1343,#516,.T.);
#1681=EDGE_CURVE('',#1344,#1345,#517,.T.);
#1682=EDGE_CURVE('',#1346,#1345,#518,.T.);
#1683=EDGE_CURVE('',#1347,#1346,#589,.T.);
#1684=EDGE_CURVE('',#1348,#1347,#519,.T.);
#1685=EDGE_CURVE('',#1348,#1349,#520,.T.);
#1686=EDGE_CURVE('',#1349,#1350,#521,.T.);
#1687=EDGE_CURVE('',#1351,#1350,#590,.T.);
#1688=EDGE_CURVE('',#1352,#1351,#591,.F.);
#1689=EDGE_CURVE('',#1353,#1352,#592,.T.);
#1690=EDGE_CURVE('',#1353,#1354,#593,.F.);
#1691=EDGE_CURVE('',#1355,#1354,#594,.T.);
#1692=EDGE_CURVE('',#1355,#1344,#522,.T.);
#1693=EDGE_CURVE('',#1336,#1356,#595,.T.);
#1694=EDGE_CURVE('',#1340,#1357,#596,.T.);
#1695=EDGE_CURVE('',#1357,#1356,#75,.T.);
#1696=EDGE_CURVE('',#1326,#1358,#597,.T.);
#1697=EDGE_CURVE('',#1330,#1359,#598,.T.);
#1698=EDGE_CURVE('',#1359,#1358,#76,.T.);
#1699=EDGE_CURVE('',#1360,#1361,#599,.T.);
#1700=EDGE_CURVE('',#1360,#1362,#600,.T.);
#1701=EDGE_CURVE('',#1362,#1363,#601,.T.);
#1702=EDGE_CURVE('',#1364,#1363,#602,.T.);
#1703=EDGE_CURVE('',#1364,#1365,#603,.T.);
#1704=EDGE_CURVE('',#1365,#1366,#77,.T.);
#1705=EDGE_CURVE('',#1366,#1367,#78,.T.);
#1706=EDGE_CURVE('',#1367,#1368,#604,.T.);
#1707=EDGE_CURVE('',#1368,#1361,#79,.T.);
#1708=EDGE_CURVE('',#1369,#1370,#605,.T.);
#1709=EDGE_CURVE('',#1371,#1370,#606,.T.);
#1710=EDGE_CURVE('',#1371,#1372,#80,.T.);
#1711=EDGE_CURVE('',#1372,#1369,#607,.T.);
#1712=EDGE_CURVE('',#1373,#1374,#608,.T.);
#1713=EDGE_CURVE('',#1375,#1374,#609,.T.);
#1714=EDGE_CURVE('',#1375,#1376,#81,.T.);
#1715=EDGE_CURVE('',#1376,#1373,#610,.T.);
#1716=EDGE_CURVE('',#1377,#1378,#611,.T.);
#1717=EDGE_CURVE('',#1377,#1379,#82,.T.);
#1718=EDGE_CURVE('',#1379,#1380,#612,.T.);
#1719=EDGE_CURVE('',#1380,#1381,#83,.T.);
#1720=EDGE_CURVE('',#1381,#1382,#84,.T.);
#1721=EDGE_CURVE('',#1382,#1383,#613,.T.);
#1722=EDGE_CURVE('',#1384,#1383,#614,.T.);
#1723=EDGE_CURVE('',#1384,#1385,#615,.T.);
#1724=EDGE_CURVE('',#1385,#1378,#616,.T.);
#1725=EDGE_CURVE('',#1386,#1387,#617,.T.);
#1726=EDGE_CURVE('',#1386,#1388,#618,.T.);
#1727=EDGE_CURVE('',#1388,#1389,#619,.T.);
#1728=EDGE_CURVE('',#1389,#1390,#620,.T.);
#1729=EDGE_CURVE('',#1391,#1390,#621,.T.);
#1730=EDGE_CURVE('',#1391,#1392,#85,.T.);
#1731=EDGE_CURVE('',#1392,#1393,#622,.T.);
#1732=EDGE_CURVE('',#1393,#1394,#86,.T.);
#1733=EDGE_CURVE('',#1394,#1395,#87,.T.);
#1734=EDGE_CURVE('',#1395,#1396,#623,.T.);
#1735=EDGE_CURVE('',#1396,#1397,#88,.T.);
#1736=EDGE_CURVE('',#1397,#1398,#89,.T.);
#1737=EDGE_CURVE('',#1398,#1399,#624,.T.);
#1738=EDGE_CURVE('',#1399,#1387,#90,.T.);
#1739=EDGE_CURVE('',#1400,#1348,#523,.T.);
#1740=EDGE_CURVE('',#1401,#1400,#625,.T.);
#1741=EDGE_CURVE('',#1350,#1401,#524,.T.);
#1742=EDGE_CURVE('',#1402,#1374,#626,.F.);
#1743=EDGE_CURVE('',#1403,#1373,#627,.T.);
#1744=EDGE_CURVE('',#1401,#1403,#628,.T.);
#1745=EDGE_CURVE('',#1402,#1400,#629,.T.);
#1746=EDGE_CURVE('',#1345,#1327,#525,.T.);
#1747=EDGE_CURVE('',#1328,#1355,#526,.T.);
#1748=EDGE_CURVE('',#1404,#1370,#630,.F.);
#1749=EDGE_CURVE('',#1405,#1369,#631,.T.);
#1750=EDGE_CURVE('',#1406,#1405,#632,.T.);
#1751=EDGE_CURVE('',#1406,#1407,#633,.T.);
#1752=EDGE_CURVE('',#1404,#1407,#634,.T.);
#1753=EDGE_CURVE('',#1407,#1408,#527,.T.);
#1754=EDGE_CURVE('',#1409,#1406,#528,.T.);
#1755=EDGE_CURVE('',#1410,#1409,#529,.T.);
#1756=EDGE_CURVE('',#1408,#1410,#530,.T.);
#1757=EDGE_CURVE('',#1376,#1411,#635,.T.);
#1758=EDGE_CURVE('',#1403,#1411,#636,.T.);
#1759=EDGE_CURVE('',#1412,#1339,#637,.T.);
#1760=EDGE_CURVE('',#1412,#1357,#638,.T.);
#1761=EDGE_CURVE('',#1372,#1413,#639,.T.);
#1762=EDGE_CURVE('',#1405,#1413,#640,.T.);
#1763=EDGE_CURVE('',#1414,#1364,#641,.T.);
#1764=EDGE_CURVE('',#1415,#1414,#642,.T.);
#1765=EDGE_CURVE('',#1415,#1365,#643,.T.);
#1766=EDGE_CURVE('',#1383,#1416,#644,.T.);
#1767=EDGE_CURVE('',#1382,#1417,#645,.T.);
#1768=EDGE_CURVE('',#1416,#1417,#646,.T.);
#1769=EDGE_CURVE('',#1411,#1418,#91,.T.);
#1770=EDGE_CURVE('',#1418,#1419,#647,.T.);
#1771=EDGE_CURVE('',#1419,#1420,#92,.T.);
#1772=EDGE_CURVE('',#1420,#1421,#648,.T.);
#1773=EDGE_CURVE('',#1421,#1422,#93,.T.);
#1774=EDGE_CURVE('',#1422,#1423,#649,.T.);
#1775=EDGE_CURVE('',#1423,#1424,#94,.T.);
#1776=EDGE_CURVE('',#1424,#1412,#95,.T.);
#1777=EDGE_CURVE('',#1343,#1425,#650,.T.);
#1778=EDGE_CURVE('',#1425,#1426,#651,.T.);
#1779=EDGE_CURVE('',#1426,#1427,#652,.T.);
#1780=EDGE_CURVE('',#1427,#1351,#653,.T.);
#1781=EDGE_CURVE('',#1413,#1428,#96,.T.);
#1782=EDGE_CURVE('',#1428,#1429,#97,.T.);
#1783=EDGE_CURVE('',#1429,#1430,#654,.T.);
#1784=EDGE_CURVE('',#1430,#1415,#98,.T.);
#1785=EDGE_CURVE('',#1431,#1414,#655,.T.);
#1786=EDGE_CURVE('',#1431,#1432,#656,.T.);
#1787=EDGE_CURVE('',#1432,#1433,#657,.T.);
#1788=EDGE_CURVE('',#1433,#1409,#658,.T.);
#1789=EDGE_CURVE('',#1434,#1435,#659,.T.);
#1790=EDGE_CURVE('',#1436,#1434,#99,.T.);
#1791=EDGE_CURVE('',#1437,#1436,#100,.T.);
#1792=EDGE_CURVE('',#1435,#1437,#660,.T.);
#1793=EDGE_CURVE('',#1367,#1430,#661,.T.);
#1794=EDGE_CURVE('',#1366,#1436,#662,.T.);
#1795=EDGE_CURVE('',#1438,#1434,#663,.T.);
#1796=EDGE_CURVE('',#1439,#1438,#101,.T.);
#1797=EDGE_CURVE('',#1437,#1439,#664,.T.);
#1798=EDGE_CURVE('',#1440,#1441,#665,.T.);
#1799=EDGE_CURVE('',#1442,#1440,#102,.T.);
#1800=EDGE_CURVE('',#1441,#1442,#666,.T.);
#1801=EDGE_CURVE('',#1443,#1444,#667,.T.);
#1802=EDGE_CURVE('',#1445,#1443,#103,.T.);
#1803=EDGE_CURVE('',#1446,#1445,#104,.T.);
#1804=EDGE_CURVE('',#1444,#1446,#668,.T.);
#1805=EDGE_CURVE('',#1395,#1421,#669,.T.);
#1806=EDGE_CURVE('',#1394,#1445,#670,.T.);
#1807=EDGE_CURVE('',#1447,#1443,#671,.T.);
#1808=EDGE_CURVE('',#1448,#1447,#105,.T.);
#1809=EDGE_CURVE('',#1446,#1448,#672,.T.);
#1810=EDGE_CURVE('',#1422,#1393,#673,.T.);
#1811=EDGE_CURVE('',#1449,#1450,#674,.T.);
#1812=EDGE_CURVE('',#1451,#1449,#106,.T.);
#1813=EDGE_CURVE('',#1452,#1451,#107,.T.);
#1814=EDGE_CURVE('',#1450,#1452,#675,.T.);
#1815=EDGE_CURVE('',#1453,#1454,#676,.T.);
#1816=EDGE_CURVE('',#1455,#1453,#108,.T.);
#1817=EDGE_CURVE('',#1456,#1455,#109,.T.);
#1818=EDGE_CURVE('',#1454,#1456,#677,.T.);
#1819=EDGE_CURVE('',#1398,#1419,#678,.T.);
#1820=EDGE_CURVE('',#1397,#1455,#679,.T.);
#1821=EDGE_CURVE('',#1457,#1453,#680,.T.);
#1822=EDGE_CURVE('',#1458,#1457,#110,.T.);
#1823=EDGE_CURVE('',#1456,#1458,#681,.T.);
#1824=EDGE_CURVE('',#1420,#1396,#682,.T.);
#1825=EDGE_CURVE('',#1459,#1460,#683,.T.);
#1826=EDGE_CURVE('',#1461,#1459,#111,.T.);
#1827=EDGE_CURVE('',#1462,#1461,#112,.T.);
#1828=EDGE_CURVE('',#1460,#1462,#684,.T.);
#1829=EDGE_CURVE('',#1463,#1464,#685,.T.);
#1830=EDGE_CURVE('',#1465,#1463,#113,.T.);
#1831=EDGE_CURVE('',#1464,#1465,#686,.T.);
#1832=EDGE_CURVE('',#1466,#1467,#687,.T.);
#1833=EDGE_CURVE('',#1468,#1466,#114,.T.);
#1834=EDGE_CURVE('',#1469,#1468,#115,.T.);
#1835=EDGE_CURVE('',#1467,#1469,#688,.T.);
#1836=EDGE_CURVE('',#1470,#1380,#689,.T.);
#1837=EDGE_CURVE('',#1417,#1470,#116,.T.);
#1838=EDGE_CURVE('',#1381,#1468,#690,.T.);
#1839=EDGE_CURVE('',#1471,#1466,#691,.T.);
#1840=EDGE_CURVE('',#1472,#1471,#117,.T.);
#1841=EDGE_CURVE('',#1469,#1472,#692,.T.);
#1842=EDGE_CURVE('',#1452,#1473,#693,.T.);
#1843=EDGE_CURVE('',#1473,#1457,#694,.T.);
#1844=EDGE_CURVE('',#1474,#1454,#695,.T.);
#1845=EDGE_CURVE('',#1475,#1474,#696,.T.);
#1846=EDGE_CURVE('',#1475,#1450,#697,.T.);
#1847=EDGE_CURVE('',#1476,#1329,#698,.T.);
#1848=EDGE_CURVE('',#1476,#1359,#699,.T.);
#1849=EDGE_CURVE('',#1442,#1477,#700,.T.);
#1850=EDGE_CURVE('',#1477,#1478,#701,.T.);
#1851=EDGE_CURVE('',#1478,#1463,#702,.T.);
#1852=EDGE_CURVE('',#1479,#1464,#703,.T.);
#1853=EDGE_CURVE('',#1480,#1479,#704,.T.);
#1854=EDGE_CURVE('',#1480,#1441,#705,.T.);
#1855=EDGE_CURVE('',#1354,#1481,#706,.T.);
#1856=EDGE_CURVE('',#1481,#1482,#707,.T.);
#1857=EDGE_CURVE('',#1416,#1482,#708,.T.);
#1858=EDGE_CURVE('',#1470,#1483,#709,.T.);
#1859=EDGE_CURVE('',#1483,#1476,#118,.T.);
#1860=EDGE_CURVE('',#1379,#1483,#710,.T.);
#1861=EDGE_CURVE('',#1439,#1471,#711,.T.);
#1862=EDGE_CURVE('',#1484,#1467,#712,.T.);
#1863=EDGE_CURVE('',#1485,#1484,#713,.T.);
#1864=EDGE_CURVE('',#1485,#1435,#714,.T.);
#1865=EDGE_CURVE('',#1486,#1438,#715,.T.);
#1866=EDGE_CURVE('',#1486,#1487,#119,.T.);
#1867=EDGE_CURVE('',#1487,#1478,#120,.T.);
#1868=EDGE_CURVE('',#1477,#1488,#121,.T.);
#1869=EDGE_CURVE('',#1488,#1489,#122,.T.);
#1870=EDGE_CURVE('',#1448,#1489,#716,.T.);
#1871=EDGE_CURVE('',#1458,#1447,#717,.T.);
#1872=EDGE_CURVE('',#1473,#1490,#123,.T.);
#1873=EDGE_CURVE('',#1491,#1490,#718,.T.);
#1874=EDGE_CURVE('',#1491,#1492,#124,.T.);
#1875=EDGE_CURVE('',#1472,#1492,#719,.T.);
#1876=EDGE_CURVE('',#1352,#1493,#720,.T.);
#1877=EDGE_CURVE('',#1493,#1494,#721,.T.);
#1878=EDGE_CURVE('',#1494,#1495,#722,.T.);
#1879=EDGE_CURVE('',#1495,#1496,#723,.T.);
#1880=EDGE_CURVE('',#1496,#1497,#724,.T.);
#1881=EDGE_CURVE('',#1497,#1498,#725,.T.);
#1882=EDGE_CURVE('',#1498,#1353,#726,.T.);
#1883=EDGE_CURVE('',#1418,#1399,#727,.T.);
#1884=EDGE_CURVE('',#1493,#1427,#728,.T.);
#1885=EDGE_CURVE('',#1498,#1481,#729,.F.);
#1886=EDGE_CURVE('',#1482,#1499,#730,.T.);
#1887=EDGE_CURVE('',#1497,#1432,#731,.F.);
#1888=EDGE_CURVE('',#1500,#1431,#732,.T.);
#1889=EDGE_CURVE('',#1499,#1500,#733,.T.);
#1890=EDGE_CURVE('',#1496,#1433,#734,.F.);
#1891=EDGE_CURVE('',#1408,#1501,#531,.T.);
#1892=EDGE_CURVE('',#1495,#1425,#735,.F.);
#1893=EDGE_CURVE('',#1502,#1341,#532,.T.);
#1894=EDGE_CURVE('',#1501,#1502,#736,.T.);
#1895=EDGE_CURVE('',#1494,#1426,#737,.F.);
#1896=EDGE_CURVE('',#1429,#1368,#738,.T.);
#1897=EDGE_CURVE('',#1392,#1423,#739,.T.);
#1898=EDGE_CURVE('',#1503,#1460,#740,.T.);
#1899=EDGE_CURVE('',#1484,#1503,#741,.T.);
#1900=EDGE_CURVE('',#1492,#1459,#742,.T.);
#1901=EDGE_CURVE('',#1503,#1475,#743,.T.);
#1902=EDGE_CURVE('',#1462,#1491,#744,.T.);
#1903=EDGE_CURVE('',#1490,#1449,#745,.T.);
#1904=EDGE_CURVE('',#1504,#1444,#746,.T.);
#1905=EDGE_CURVE('',#1505,#1504,#747,.T.);
#1906=EDGE_CURVE('',#1505,#1506,#533,.T.);
#1907=EDGE_CURVE('',#1506,#1507,#748,.T.);
#1908=EDGE_CURVE('',#1507,#1508,#534,.T.);
#1909=EDGE_CURVE('',#1508,#1509,#749,.T.);
#1910=EDGE_CURVE('',#1509,#1510,#535,.T.);
#1911=EDGE_CURVE('',#1510,#1511,#750,.T.);
#1912=EDGE_CURVE('',#1511,#1512,#536,.T.);
#1913=EDGE_CURVE('',#1474,#1512,#751,.T.);
#1914=EDGE_CURVE('',#1513,#1514,#125,.T.);
#1915=EDGE_CURVE('',#1514,#1515,#752,.T.);
#1916=EDGE_CURVE('',#1515,#1516,#126,.T.);
#1917=EDGE_CURVE('',#1516,#1513,#753,.T.);
#1918=EDGE_CURVE('',#1517,#1518,#127,.T.);
#1919=EDGE_CURVE('',#1518,#1516,#537,.T.);
#1920=EDGE_CURVE('',#1515,#1517,#538,.T.);
#1921=EDGE_CURVE('',#1519,#1520,#128,.T.);
#1922=EDGE_CURVE('',#1520,#1518,#754,.T.);
#1923=EDGE_CURVE('',#1517,#1519,#755,.T.);
#1924=EDGE_CURVE('',#1521,#1522,#129,.T.);
#1925=EDGE_CURVE('',#1522,#1520,#539,.T.);
#1926=EDGE_CURVE('',#1519,#1521,#540,.T.);
#1927=EDGE_CURVE('',#1523,#1524,#130,.T.);
#1928=EDGE_CURVE('',#1524,#1522,#756,.T.);
#1929=EDGE_CURVE('',#1521,#1523,#757,.T.);
#1930=EDGE_CURVE('',#1525,#1526,#131,.T.);
#1931=EDGE_CURVE('',#1526,#1524,#541,.T.);
#1932=EDGE_CURVE('',#1523,#1525,#542,.T.);
#1933=EDGE_CURVE('',#1527,#1528,#132,.T.);
#1934=EDGE_CURVE('',#1528,#1526,#758,.T.);
#1935=EDGE_CURVE('',#1525,#1527,#759,.T.);
#1936=EDGE_CURVE('',#1513,#1528,#543,.T.);
#1937=EDGE_CURVE('',#1527,#1514,#544,.T.);
#1938=EDGE_CURVE('',#1519,#1529,#760,.T.);
#1939=EDGE_CURVE('',#1529,#1530,#545,.T.);
#1940=EDGE_CURVE('',#1512,#1530,#546,.T.);
#1941=EDGE_CURVE('',#1521,#1511,#761,.T.);
#1942=EDGE_CURVE('',#1517,#1531,#762,.T.);
#1943=EDGE_CURVE('',#1531,#1529,#763,.T.);
#1944=EDGE_CURVE('',#1515,#1506,#764,.T.);
#1945=EDGE_CURVE('',#1532,#1505,#547,.T.);
#1946=EDGE_CURVE('',#1532,#1531,#548,.T.);
#1947=EDGE_CURVE('',#1514,#1507,#765,.T.);
#1948=EDGE_CURVE('',#1533,#1534,#766,.T.);
#1949=EDGE_CURVE('',#1533,#1389,#767,.T.);
#1950=EDGE_CURVE('',#1534,#1388,#768,.T.);
#1951=EDGE_CURVE('',#1523,#1510,#769,.T.);
#1952=EDGE_CURVE('',#1530,#1532,#770,.T.);
#1953=EDGE_CURVE('',#1527,#1508,#771,.T.);
#1954=EDGE_CURVE('',#1525,#1509,#772,.T.);
#1955=EDGE_CURVE('',#1504,#1480,#773,.T.);
#1956=EDGE_CURVE('',#1479,#1485,#774,.T.);
#1957=EDGE_CURVE('',#1535,#1536,#775,.T.);
#1958=EDGE_CURVE('',#1536,#1537,#776,.T.);
#1959=EDGE_CURVE('',#1537,#1538,#777,.T.);
#1960=EDGE_CURVE('',#1538,#1535,#778,.T.);
#1961=EDGE_CURVE('',#1539,#1540,#779,.T.);
#1962=EDGE_CURVE('',#1540,#1541,#780,.T.);
#1963=EDGE_CURVE('',#1541,#1542,#781,.T.);
#1964=EDGE_CURVE('',#1542,#1539,#782,.T.);
#1965=EDGE_CURVE('',#1543,#1544,#783,.T.);
#1966=EDGE_CURVE('',#1544,#1545,#784,.T.);
#1967=EDGE_CURVE('',#1545,#1546,#785,.T.);
#1968=EDGE_CURVE('',#1546,#1543,#786,.T.);
#1969=EDGE_CURVE('',#1465,#1486,#787,.T.);
#1970=EDGE_CURVE('',#1489,#1440,#788,.T.);
#1971=EDGE_CURVE('',#1547,#1534,#789,.T.);
#1972=EDGE_CURVE('',#1386,#1547,#790,.T.);
#1973=EDGE_CURVE('',#1548,#1549,#791,.T.);
#1974=EDGE_CURVE('',#1378,#1549,#792,.T.);
#1975=EDGE_CURVE('',#1548,#1385,#793,.T.);
#1976=EDGE_CURVE('',#1550,#1551,#794,.T.);
#1977=EDGE_CURVE('',#1551,#1362,#795,.T.);
#1978=EDGE_CURVE('',#1360,#1550,#796,.T.);
#1979=EDGE_CURVE('',#1533,#1552,#797,.T.);
#1980=EDGE_CURVE('',#1390,#1552,#798,.T.);
#1981=EDGE_CURVE('',#1553,#1553,#133,.T.);
#1982=EDGE_CURVE('',#1553,#1554,#799,.T.);
#1983=EDGE_CURVE('',#1554,#1554,#134,.T.);
#1984=EDGE_CURVE('',#1555,#1555,#135,.T.);
#1985=EDGE_CURVE('',#1555,#1556,#800,.T.);
#1986=EDGE_CURVE('',#1556,#1556,#136,.T.);
#1987=EDGE_CURVE('',#1557,#1557,#137,.T.);
#1988=EDGE_CURVE('',#1557,#1558,#801,.T.);
#1989=EDGE_CURVE('',#1558,#1558,#138,.T.);
#1990=EDGE_CURVE('',#1544,#1559,#802,.T.);
#1991=EDGE_CURVE('',#1560,#1559,#803,.T.);
#1992=EDGE_CURVE('',#1545,#1560,#804,.T.);
#1993=EDGE_CURVE('',#1543,#1561,#805,.T.);
#1994=EDGE_CURVE('',#1559,#1561,#806,.T.);
#1995=EDGE_CURVE('',#1562,#1560,#807,.T.);
#1996=EDGE_CURVE('',#1546,#1562,#808,.T.);
#1997=EDGE_CURVE('',#1561,#1562,#809,.T.);
#1998=EDGE_CURVE('',#1540,#1563,#810,.T.);
#1999=EDGE_CURVE('',#1564,#1563,#811,.T.);
#2000=EDGE_CURVE('',#1541,#1564,#812,.T.);
#2001=EDGE_CURVE('',#1539,#1565,#813,.T.);
#2002=EDGE_CURVE('',#1563,#1565,#814,.T.);
#2003=EDGE_CURVE('',#1566,#1564,#815,.T.);
#2004=EDGE_CURVE('',#1542,#1566,#816,.T.);
#2005=EDGE_CURVE('',#1565,#1566,#817,.T.);
#2006=EDGE_CURVE('',#1536,#1567,#818,.T.);
#2007=EDGE_CURVE('',#1568,#1567,#819,.T.);
#2008=EDGE_CURVE('',#1537,#1568,#820,.T.);
#2009=EDGE_CURVE('',#1535,#1569,#821,.T.);
#2010=EDGE_CURVE('',#1567,#1569,#822,.T.);
#2011=EDGE_CURVE('',#1570,#1568,#823,.T.);
#2012=EDGE_CURVE('',#1538,#1570,#824,.T.);
#2013=EDGE_CURVE('',#1569,#1570,#825,.T.);
#2014=EDGE_CURVE('',#1547,#1549,#826,.T.);
#2015=EDGE_CURVE('',#1551,#1548,#827,.T.);
#2016=EDGE_CURVE('',#1552,#1550,#828,.T.);
#2017=EDGE_CURVE('',#1361,#1571,#829,.T.);
#2018=EDGE_CURVE('',#1572,#1571,#830,.T.);
#2019=EDGE_CURVE('',#1572,#1360,#831,.T.);
#2020=EDGE_CURVE('',#1502,#1501,#24,.T.);
#2021=EDGE_CURVE('',#1408,#1341,#549,.T.);
#2022=EDGE_CURVE('',#1335,#1573,#832,.F.);
#2023=EDGE_CURVE('',#1573,#1574,#833,.T.);
#2024=EDGE_CURVE('',#1574,#1337,#834,.T.);
#2025=EDGE_CURVE('',#1575,#1407,#835,.T.);
#2026=EDGE_CURVE('',#1574,#1575,#550,.T.);
#2027=EDGE_CURVE('',#1576,#1404,#836,.F.);
#2028=EDGE_CURVE('',#1575,#1576,#837,.T.);
#2029=EDGE_CURVE('',#1577,#1573,#838,.T.);
#2030=EDGE_CURVE('',#1578,#1577,#551,.T.);
#2031=EDGE_CURVE('',#1576,#1578,#839,.T.);
#2032=EDGE_CURVE('',#1336,#1579,#840,.T.);
#2033=EDGE_CURVE('',#1580,#1579,#20,.T.);
#2034=EDGE_CURVE('',#1580,#1581,#841,.T.);
#2035=EDGE_CURVE('',#1581,#1577,#552,.T.);
#2036=EDGE_CURVE('',#1581,#1582,#553,.T.);
#2037=EDGE_CURVE('',#1582,#1578,#554,.T.);
#2038=EDGE_CURVE('',#1582,#1583,#842,.T.);
#2039=EDGE_CURVE('',#1584,#1583,#21,.T.);
#2040=EDGE_CURVE('',#1370,#1584,#843,.F.);
#2041=EDGE_CURVE('',#1583,#1585,#844,.T.);
#2042=EDGE_CURVE('',#1585,#1586,#139,.T.);
#2043=EDGE_CURVE('',#1584,#1586,#845,.T.);
#2044=EDGE_CURVE('',#1587,#1579,#846,.T.);
#2045=EDGE_CURVE('',#1587,#1588,#140,.T.);
#2046=EDGE_CURVE('',#1588,#1580,#847,.T.);
#2047=EDGE_CURVE('',#1581,#1589,#555,.T.);
#2048=EDGE_CURVE('',#1589,#1590,#556,.T.);
#2049=EDGE_CURVE('',#1590,#1582,#557,.T.);
#2050=EDGE_CURVE('',#1588,#1589,#848,.T.);
#2051=EDGE_CURVE('',#1591,#1587,#849,.T.);
#2052=EDGE_CURVE('',#1592,#1591,#558,.T.);
#2053=EDGE_CURVE('',#1586,#1592,#850,.T.);
#2054=EDGE_CURVE('',#1590,#1585,#851,.T.);
#2055=EDGE_CURVE('',#1356,#1593,#852,.T.);
#2056=EDGE_CURVE('',#1593,#1594,#853,.T.);
#2057=EDGE_CURVE('',#1594,#1591,#854,.T.);
#2058=EDGE_CURVE('',#1488,#1424,#855,.T.);
#2059=EDGE_CURVE('',#1595,#1391,#856,.T.);
#2060=EDGE_CURVE('',#1593,#1595,#141,.T.);
#2061=EDGE_CURVE('',#1487,#1428,#857,.T.);
#2062=EDGE_CURVE('',#1596,#1371,#858,.T.);
#2063=EDGE_CURVE('',#1571,#1596,#142,.T.);
#2064=EDGE_CURVE('',#1597,#1390,#859,.T.);
#2065=EDGE_CURVE('',#1597,#1595,#860,.T.);
#2066=EDGE_CURVE('',#1597,#1598,#861,.T.);
#2067=EDGE_CURVE('',#1598,#1599,#862,.T.);
#2068=EDGE_CURVE('',#1599,#1600,#559,.T.);
#2069=EDGE_CURVE('',#1601,#1600,#863,.T.);
#2070=EDGE_CURVE('',#1601,#1572,#864,.T.);
#2071=EDGE_CURVE('',#1596,#1602,#865,.T.);
#2072=EDGE_CURVE('',#1594,#1602,#25,.T.);
#2073=EDGE_CURVE('',#1602,#1592,#866,.T.);
#2074=EDGE_CURVE('',#1598,#1334,#867,.T.);
#2075=EDGE_CURVE('',#1599,#1333,#868,.T.);
#2076=EDGE_CURVE('',#1600,#1332,#869,.T.);
#2077=EDGE_CURVE('',#1601,#1331,#870,.T.);
#2078=EDGE_CURVE('',#1387,#1603,#871,.T.);
#2079=EDGE_CURVE('',#1604,#1603,#872,.T.);
#2080=EDGE_CURVE('',#1604,#1386,#873,.T.);
#2081=EDGE_CURVE('',#1346,#1347,#26,.T.);
#2082=EDGE_CURVE('',#1348,#1345,#560,.T.);
#2083=EDGE_CURVE('',#1325,#1605,#874,.F.);
#2084=EDGE_CURVE('',#1605,#1606,#875,.T.);
#2085=EDGE_CURVE('',#1606,#1327,#876,.T.);
#2086=EDGE_CURVE('',#1607,#1400,#877,.T.);
#2087=EDGE_CURVE('',#1606,#1607,#561,.T.);
#2088=EDGE_CURVE('',#1608,#1402,#878,.F.);
#2089=EDGE_CURVE('',#1607,#1608,#879,.T.);
#2090=EDGE_CURVE('',#1609,#1605,#880,.T.);
#2091=EDGE_CURVE('',#1610,#1609,#562,.T.);
#2092=EDGE_CURVE('',#1608,#1610,#881,.T.);
#2093=EDGE_CURVE('',#1326,#1611,#882,.T.);
#2094=EDGE_CURVE('',#1612,#1611,#22,.T.);
#2095=EDGE_CURVE('',#1612,#1613,#883,.T.);
#2096=EDGE_CURVE('',#1613,#1609,#563,.T.);
#2097=EDGE_CURVE('',#1613,#1614,#564,.T.);
#2098=EDGE_CURVE('',#1614,#1610,#565,.T.);
#2099=EDGE_CURVE('',#1614,#1615,#884,.T.);
#2100=EDGE_CURVE('',#1616,#1615,#23,.T.);
#2101=EDGE_CURVE('',#1374,#1616,#885,.F.);
#2102=EDGE_CURVE('',#1617,#1611,#886,.T.);
#2103=EDGE_CURVE('',#1617,#1618,#143,.T.);
#2104=EDGE_CURVE('',#1618,#1612,#887,.T.);
#2105=EDGE_CURVE('',#1615,#1619,#888,.T.);
#2106=EDGE_CURVE('',#1619,#1620,#144,.T.);
#2107=EDGE_CURVE('',#1616,#1620,#889,.T.);
#2108=EDGE_CURVE('',#1613,#1621,#566,.T.);
#2109=EDGE_CURVE('',#1622,#1621,#567,.T.);
#2110=EDGE_CURVE('',#1622,#1614,#568,.T.);
#2111=EDGE_CURVE('',#1621,#1618,#890,.T.);
#2112=EDGE_CURVE('',#1619,#1622,#891,.T.);
#2113=EDGE_CURVE('',#1623,#1617,#892,.T.);
#2114=EDGE_CURVE('',#1624,#1623,#569,.T.);
#2115=EDGE_CURVE('',#1620,#1624,#893,.T.);
#2116=EDGE_CURVE('',#1625,#1624,#894,.T.);
#2117=EDGE_CURVE('',#1626,#1625,#895,.T.);
#2118=EDGE_CURVE('',#1626,#1375,#896,.T.);
#2119=EDGE_CURVE('',#1627,#1623,#897,.T.);
#2120=EDGE_CURVE('',#1625,#1627,#27,.T.);
#2121=EDGE_CURVE('',#1451,#1628,#898,.T.);
#2122=EDGE_CURVE('',#1603,#1628,#145,.T.);
#2123=EDGE_CURVE('',#1628,#1626,#146,.T.);
#2124=EDGE_CURVE('',#1461,#1629,#899,.T.);
#2125=EDGE_CURVE('',#1630,#1629,#147,.T.);
#2126=EDGE_CURVE('',#1358,#1630,#900,.T.);
#2127=EDGE_CURVE('',#1631,#1377,#901,.T.);
#2128=EDGE_CURVE('',#1629,#1631,#148,.T.);
#2129=EDGE_CURVE('',#1630,#1627,#902,.T.);
#2130=EDGE_CURVE('',#1632,#1378,#903,.T.);
#2131=EDGE_CURVE('',#1632,#1631,#904,.T.);
#2132=EDGE_CURVE('',#1633,#1634,#905,.T.);
#2133=EDGE_CURVE('',#1633,#1324,#906,.T.);
#2134=EDGE_CURVE('',#1634,#1323,#907,.T.);
#2135=EDGE_CURVE('',#1635,#1634,#570,.T.);
#2136=EDGE_CURVE('',#1635,#1322,#908,.T.);
#2137=EDGE_CURVE('',#1636,#1635,#909,.T.);
#2138=EDGE_CURVE('',#1636,#1321,#910,.T.);
#2139=EDGE_CURVE('',#1604,#1636,#911,.T.);
#2140=EDGE_CURVE('',#1633,#1632,#912,.T.);
#2141=EDGE_CURVE('',#1637,#1499,#913,.T.);
#2142=EDGE_CURVE('',#1638,#1637,#914,.T.);
#2143=EDGE_CURVE('',#1639,#1638,#915,.T.);
#2144=EDGE_CURVE('',#1639,#1384,#916,.T.);
#2145=EDGE_CURVE('',#1500,#1640,#917,.T.);
#2146=EDGE_CURVE('',#1640,#1637,#918,.T.);
#2147=EDGE_CURVE('',#1641,#1642,#919,.T.);
#2148=EDGE_CURVE('',#1641,#1643,#920,.T.);
#2149=EDGE_CURVE('',#1643,#1644,#921,.T.);
#2150=EDGE_CURVE('',#1644,#1642,#922,.T.);
#2151=EDGE_CURVE('',#1645,#1641,#923,.T.);
#2152=EDGE_CURVE('',#1646,#1645,#924,.T.);
#2153=EDGE_CURVE('',#1643,#1646,#925,.T.);
#2154=EDGE_CURVE('',#1647,#1645,#926,.T.);
#2155=EDGE_CURVE('',#1647,#1648,#927,.T.);
#2156=EDGE_CURVE('',#1648,#1646,#928,.T.);
#2157=EDGE_CURVE('',#1642,#1647,#929,.T.);
#2158=EDGE_CURVE('',#1649,#1644,#930,.F.);
#2159=EDGE_CURVE('',#1648,#1650,#931,.T.);
#2160=EDGE_CURVE('',#1650,#1649,#932,.T.);
#2161=EDGE_CURVE('',#1651,#1647,#933,.T.);
#2162=EDGE_CURVE('',#1651,#1652,#934,.F.);
#2163=EDGE_CURVE('',#1650,#1652,#935,.T.);
#2164=EDGE_CURVE('',#1653,#1642,#936,.F.);
#2165=EDGE_CURVE('',#1653,#1651,#937,.F.);
#2166=EDGE_CURVE('',#1654,#1649,#938,.T.);
#2167=EDGE_CURVE('',#1653,#1654,#939,.T.);
#2168=EDGE_CURVE('',#1652,#1654,#940,.T.);
#2169=EDGE_CURVE('',#1638,#1655,#941,.T.);
#2170=EDGE_CURVE('',#1655,#1640,#942,.T.);
#2171=EDGE_CURVE('',#1656,#1363,#943,.T.);
#2172=EDGE_CURVE('',#1656,#1655,#944,.T.);
#2173=EDGE_CURVE('',#1656,#1639,#945,.T.);
#2174=ORIENTED_EDGE('',*,*,#1657,.T.);
#2175=ORIENTED_EDGE('',*,*,#1658,.T.);
#2176=ORIENTED_EDGE('',*,*,#1659,.T.);
#2177=ORIENTED_EDGE('',*,*,#1660,.F.);
#2178=ORIENTED_EDGE('',*,*,#1661,.F.);
#2179=ORIENTED_EDGE('',*,*,#1662,.F.);
#2180=ORIENTED_EDGE('',*,*,#1663,.F.);
#2181=ORIENTED_EDGE('',*,*,#1664,.F.);
#2182=ORIENTED_EDGE('',*,*,#1665,.F.);
#2183=ORIENTED_EDGE('',*,*,#1666,.F.);
#2184=ORIENTED_EDGE('',*,*,#1667,.T.);
#2185=ORIENTED_EDGE('',*,*,#1668,.T.);
#2186=ORIENTED_EDGE('',*,*,#1669,.T.);
#2187=ORIENTED_EDGE('',*,*,#1670,.F.);
#2188=ORIENTED_EDGE('',*,*,#1671,.F.);
#2189=ORIENTED_EDGE('',*,*,#1672,.F.);
#2190=ORIENTED_EDGE('',*,*,#1673,.F.);
#2191=ORIENTED_EDGE('',*,*,#1674,.F.);
#2192=ORIENTED_EDGE('',*,*,#1675,.F.);
#2193=ORIENTED_EDGE('',*,*,#1676,.F.);
#2194=ORIENTED_EDGE('',*,*,#1677,.F.);
#2195=ORIENTED_EDGE('',*,*,#1678,.F.);
#2196=ORIENTED_EDGE('',*,*,#1679,.F.);
#2197=ORIENTED_EDGE('',*,*,#1680,.F.);
#2198=ORIENTED_EDGE('',*,*,#1673,.T.);
#2199=ORIENTED_EDGE('',*,*,#1681,.T.);
#2200=ORIENTED_EDGE('',*,*,#1682,.F.);
#2201=ORIENTED_EDGE('',*,*,#1683,.F.);
#2202=ORIENTED_EDGE('',*,*,#1684,.F.);
#2203=ORIENTED_EDGE('',*,*,#1685,.T.);
#2204=ORIENTED_EDGE('',*,*,#1686,.T.);
#2205=ORIENTED_EDGE('',*,*,#1687,.F.);
#2206=ORIENTED_EDGE('',*,*,#1688,.F.);
#2207=ORIENTED_EDGE('',*,*,#1689,.F.);
#2208=ORIENTED_EDGE('',*,*,#1690,.T.);
#2209=ORIENTED_EDGE('',*,*,#1691,.F.);
#2210=ORIENTED_EDGE('',*,*,#1692,.T.);
#2211=ORIENTED_EDGE('',*,*,#1693,.F.);
#2212=ORIENTED_EDGE('',*,*,#1676,.T.);
#2213=ORIENTED_EDGE('',*,*,#1694,.T.);
#2214=ORIENTED_EDGE('',*,*,#1695,.T.);
#2215=ORIENTED_EDGE('',*,*,#1696,.F.);
#2216=ORIENTED_EDGE('',*,*,#1666,.T.);
#2217=ORIENTED_EDGE('',*,*,#1697,.T.);
#2218=ORIENTED_EDGE('',*,*,#1698,.T.);
#2219=ORIENTED_EDGE('',*,*,#1699,.F.);
#2220=ORIENTED_EDGE('',*,*,#1700,.T.);
#2221=ORIENTED_EDGE('',*,*,#1701,.T.);
#2222=ORIENTED_EDGE('',*,*,#1702,.F.);
#2223=ORIENTED_EDGE('',*,*,#1703,.T.);
#2224=ORIENTED_EDGE('',*,*,#1704,.T.);
#2225=ORIENTED_EDGE('',*,*,#1705,.T.);
#2226=ORIENTED_EDGE('',*,*,#1706,.T.);
#2227=ORIENTED_EDGE('',*,*,#1707,.T.);
#2228=ORIENTED_EDGE('',*,*,#1708,.T.);
#2229=ORIENTED_EDGE('',*,*,#1709,.F.);
#2230=ORIENTED_EDGE('',*,*,#1710,.T.);
#2231=ORIENTED_EDGE('',*,*,#1711,.T.);
#2232=ORIENTED_EDGE('',*,*,#1712,.T.);
#2233=ORIENTED_EDGE('',*,*,#1713,.F.);
#2234=ORIENTED_EDGE('',*,*,#1714,.T.);
#2235=ORIENTED_EDGE('',*,*,#1715,.T.);
#2236=ORIENTED_EDGE('',*,*,#1716,.F.);
#2237=ORIENTED_EDGE('',*,*,#1717,.T.);
#2238=ORIENTED_EDGE('',*,*,#1718,.T.);
#2239=ORIENTED_EDGE('',*,*,#1719,.T.);
#2240=ORIENTED_EDGE('',*,*,#1720,.T.);
#2241=ORIENTED_EDGE('',*,*,#1721,.T.);
#2242=ORIENTED_EDGE('',*,*,#1722,.F.);
#2243=ORIENTED_EDGE('',*,*,#1723,.T.);
#2244=ORIENTED_EDGE('',*,*,#1724,.T.);
#2245=ORIENTED_EDGE('',*,*,#1725,.F.);
#2246=ORIENTED_EDGE('',*,*,#1726,.T.);
#2247=ORIENTED_EDGE('',*,*,#1727,.T.);
#2248=ORIENTED_EDGE('',*,*,#1728,.T.);
#2249=ORIENTED_EDGE('',*,*,#1729,.F.);
#2250=ORIENTED_EDGE('',*,*,#1730,.T.);
#2251=ORIENTED_EDGE('',*,*,#1731,.T.);
#2252=ORIENTED_EDGE('',*,*,#1732,.T.);
#2253=ORIENTED_EDGE('',*,*,#1733,.T.);
#2254=ORIENTED_EDGE('',*,*,#1734,.T.);
#2255=ORIENTED_EDGE('',*,*,#1735,.T.);
#2256=ORIENTED_EDGE('',*,*,#1736,.T.);
#2257=ORIENTED_EDGE('',*,*,#1737,.T.);
#2258=ORIENTED_EDGE('',*,*,#1738,.T.);
#2259=ORIENTED_EDGE('',*,*,#1739,.F.);
#2260=ORIENTED_EDGE('',*,*,#1740,.F.);
#2261=ORIENTED_EDGE('',*,*,#1741,.F.);
#2262=ORIENTED_EDGE('',*,*,#1686,.F.);
#2263=ORIENTED_EDGE('',*,*,#1685,.F.);
#2264=ORIENTED_EDGE('',*,*,#1742,.T.);
#2265=ORIENTED_EDGE('',*,*,#1712,.F.);
#2266=ORIENTED_EDGE('',*,*,#1743,.F.);
#2267=ORIENTED_EDGE('',*,*,#1744,.F.);
#2268=ORIENTED_EDGE('',*,*,#1740,.T.);
#2269=ORIENTED_EDGE('',*,*,#1745,.F.);
#2270=ORIENTED_EDGE('',*,*,#1746,.F.);
#2271=ORIENTED_EDGE('',*,*,#1681,.F.);
#2272=ORIENTED_EDGE('',*,*,#1692,.F.);
#2273=ORIENTED_EDGE('',*,*,#1747,.F.);
#2274=ORIENTED_EDGE('',*,*,#1663,.T.);
#2275=ORIENTED_EDGE('',*,*,#1748,.T.);
#2276=ORIENTED_EDGE('',*,*,#1708,.F.);
#2277=ORIENTED_EDGE('',*,*,#1749,.F.);
#2278=ORIENTED_EDGE('',*,*,#1750,.F.);
#2279=ORIENTED_EDGE('',*,*,#1751,.T.);
#2280=ORIENTED_EDGE('',*,*,#1752,.F.);
#2281=ORIENTED_EDGE('',*,*,#1753,.F.);
#2282=ORIENTED_EDGE('',*,*,#1751,.F.);
#2283=ORIENTED_EDGE('',*,*,#1754,.F.);
#2284=ORIENTED_EDGE('',*,*,#1755,.F.);
#2285=ORIENTED_EDGE('',*,*,#1756,.F.);
#2286=ORIENTED_EDGE('',*,*,#1743,.T.);
#2287=ORIENTED_EDGE('',*,*,#1715,.F.);
#2288=ORIENTED_EDGE('',*,*,#1757,.T.);
#2289=ORIENTED_EDGE('',*,*,#1758,.F.);
#2290=ORIENTED_EDGE('',*,*,#1675,.T.);
#2291=ORIENTED_EDGE('',*,*,#1759,.F.);
#2292=ORIENTED_EDGE('',*,*,#1760,.T.);
#2293=ORIENTED_EDGE('',*,*,#1694,.F.);
#2294=ORIENTED_EDGE('',*,*,#1749,.T.);
#2295=ORIENTED_EDGE('',*,*,#1711,.F.);
#2296=ORIENTED_EDGE('',*,*,#1761,.T.);
#2297=ORIENTED_EDGE('',*,*,#1762,.F.);
#2298=ORIENTED_EDGE('',*,*,#1763,.F.);
#2299=ORIENTED_EDGE('',*,*,#1764,.F.);
#2300=ORIENTED_EDGE('',*,*,#1765,.T.);
#2301=ORIENTED_EDGE('',*,*,#1703,.F.);
#2302=ORIENTED_EDGE('',*,*,#1766,.F.);
#2303=ORIENTED_EDGE('',*,*,#1721,.F.);
#2304=ORIENTED_EDGE('',*,*,#1767,.T.);
#2305=ORIENTED_EDGE('',*,*,#1768,.F.);
#2306=ORIENTED_EDGE('',*,*,#1741,.T.);
#2307=ORIENTED_EDGE('',*,*,#1744,.T.);
#2308=ORIENTED_EDGE('',*,*,#1758,.T.);
#2309=ORIENTED_EDGE('',*,*,#1769,.T.);
#2310=ORIENTED_EDGE('',*,*,#1770,.T.);
#2311=ORIENTED_EDGE('',*,*,#1771,.T.);
#2312=ORIENTED_EDGE('',*,*,#1772,.T.);
#2313=ORIENTED_EDGE('',*,*,#1773,.T.);
#2314=ORIENTED_EDGE('',*,*,#1774,.T.);
#2315=ORIENTED_EDGE('',*,*,#1775,.T.);
#2316=ORIENTED_EDGE('',*,*,#1776,.T.);
#2317=ORIENTED_EDGE('',*,*,#1759,.T.);
#2318=ORIENTED_EDGE('',*,*,#1674,.T.);
#2319=ORIENTED_EDGE('',*,*,#1680,.T.);
#2320=ORIENTED_EDGE('',*,*,#1777,.T.);
#2321=ORIENTED_EDGE('',*,*,#1778,.T.);
#2322=ORIENTED_EDGE('',*,*,#1779,.T.);
#2323=ORIENTED_EDGE('',*,*,#1780,.T.);
#2324=ORIENTED_EDGE('',*,*,#1687,.T.);
#2325=ORIENTED_EDGE('',*,*,#1754,.T.);
#2326=ORIENTED_EDGE('',*,*,#1750,.T.);
#2327=ORIENTED_EDGE('',*,*,#1762,.T.);
#2328=ORIENTED_EDGE('',*,*,#1781,.T.);
#2329=ORIENTED_EDGE('',*,*,#1782,.T.);
#2330=ORIENTED_EDGE('',*,*,#1783,.T.);
#2331=ORIENTED_EDGE('',*,*,#1784,.T.);
#2332=ORIENTED_EDGE('',*,*,#1764,.T.);
#2333=ORIENTED_EDGE('',*,*,#1785,.F.);
#2334=ORIENTED_EDGE('',*,*,#1786,.T.);
#2335=ORIENTED_EDGE('',*,*,#1787,.T.);
#2336=ORIENTED_EDGE('',*,*,#1788,.T.);
#2337=ORIENTED_EDGE('',*,*,#1789,.F.);
#2338=ORIENTED_EDGE('',*,*,#1790,.F.);
#2339=ORIENTED_EDGE('',*,*,#1791,.F.);
#2340=ORIENTED_EDGE('',*,*,#1792,.F.);
#2341=ORIENTED_EDGE('',*,*,#1765,.F.);
#2342=ORIENTED_EDGE('',*,*,#1784,.F.);
#2343=ORIENTED_EDGE('',*,*,#1793,.F.);
#2344=ORIENTED_EDGE('',*,*,#1705,.F.);
#2345=ORIENTED_EDGE('',*,*,#1794,.T.);
#2346=ORIENTED_EDGE('',*,*,#1790,.T.);
#2347=ORIENTED_EDGE('',*,*,#1795,.F.);
#2348=ORIENTED_EDGE('',*,*,#1796,.F.);
#2349=ORIENTED_EDGE('',*,*,#1797,.F.);
#2350=ORIENTED_EDGE('',*,*,#1791,.T.);
#2351=ORIENTED_EDGE('',*,*,#1794,.F.);
#2352=ORIENTED_EDGE('',*,*,#1704,.F.);
#2353=ORIENTED_EDGE('',*,*,#1798,.F.);
#2354=ORIENTED_EDGE('',*,*,#1799,.F.);
#2355=ORIENTED_EDGE('',*,*,#1800,.F.);
#2356=ORIENTED_EDGE('',*,*,#1801,.F.);
#2357=ORIENTED_EDGE('',*,*,#1802,.F.);
#2358=ORIENTED_EDGE('',*,*,#1803,.F.);
#2359=ORIENTED_EDGE('',*,*,#1804,.F.);
#2360=ORIENTED_EDGE('',*,*,#1805,.F.);
#2361=ORIENTED_EDGE('',*,*,#1733,.F.);
#2362=ORIENTED_EDGE('',*,*,#1806,.T.);
#2363=ORIENTED_EDGE('',*,*,#1802,.T.);
#2364=ORIENTED_EDGE('',*,*,#1807,.F.);
#2365=ORIENTED_EDGE('',*,*,#1808,.F.);
#2366=ORIENTED_EDGE('',*,*,#1809,.F.);
#2367=ORIENTED_EDGE('',*,*,#1803,.T.);
#2368=ORIENTED_EDGE('',*,*,#1806,.F.);
#2369=ORIENTED_EDGE('',*,*,#1732,.F.);
#2370=ORIENTED_EDGE('',*,*,#1810,.F.);
#2371=ORIENTED_EDGE('',*,*,#1773,.F.);
#2372=ORIENTED_EDGE('',*,*,#1811,.F.);
#2373=ORIENTED_EDGE('',*,*,#1812,.F.);
#2374=ORIENTED_EDGE('',*,*,#1813,.F.);
#2375=ORIENTED_EDGE('',*,*,#1814,.F.);
#2376=ORIENTED_EDGE('',*,*,#1815,.F.);
#2377=ORIENTED_EDGE('',*,*,#1816,.F.);
#2378=ORIENTED_EDGE('',*,*,#1817,.F.);
#2379=ORIENTED_EDGE('',*,*,#1818,.F.);
#2380=ORIENTED_EDGE('',*,*,#1819,.F.);
#2381=ORIENTED_EDGE('',*,*,#1736,.F.);
#2382=ORIENTED_EDGE('',*,*,#1820,.T.);
#2383=ORIENTED_EDGE('',*,*,#1816,.T.);
#2384=ORIENTED_EDGE('',*,*,#1821,.F.);
#2385=ORIENTED_EDGE('',*,*,#1822,.F.);
#2386=ORIENTED_EDGE('',*,*,#1823,.F.);
#2387=ORIENTED_EDGE('',*,*,#1817,.T.);
#2388=ORIENTED_EDGE('',*,*,#1820,.F.);
#2389=ORIENTED_EDGE('',*,*,#1735,.F.);
#2390=ORIENTED_EDGE('',*,*,#1824,.F.);
#2391=ORIENTED_EDGE('',*,*,#1771,.F.);
#2392=ORIENTED_EDGE('',*,*,#1825,.F.);
#2393=ORIENTED_EDGE('',*,*,#1826,.F.);
#2394=ORIENTED_EDGE('',*,*,#1827,.F.);
#2395=ORIENTED_EDGE('',*,*,#1828,.F.);
#2396=ORIENTED_EDGE('',*,*,#1829,.F.);
#2397=ORIENTED_EDGE('',*,*,#1830,.F.);
#2398=ORIENTED_EDGE('',*,*,#1831,.F.);
#2399=ORIENTED_EDGE('',*,*,#1832,.F.);
#2400=ORIENTED_EDGE('',*,*,#1833,.F.);
#2401=ORIENTED_EDGE('',*,*,#1834,.F.);
#2402=ORIENTED_EDGE('',*,*,#1835,.F.);
#2403=ORIENTED_EDGE('',*,*,#1836,.F.);
#2404=ORIENTED_EDGE('',*,*,#1837,.F.);
#2405=ORIENTED_EDGE('',*,*,#1767,.F.);
#2406=ORIENTED_EDGE('',*,*,#1720,.F.);
#2407=ORIENTED_EDGE('',*,*,#1838,.T.);
#2408=ORIENTED_EDGE('',*,*,#1833,.T.);
#2409=ORIENTED_EDGE('',*,*,#1839,.F.);
#2410=ORIENTED_EDGE('',*,*,#1840,.F.);
#2411=ORIENTED_EDGE('',*,*,#1841,.F.);
#2412=ORIENTED_EDGE('',*,*,#1834,.T.);
#2413=ORIENTED_EDGE('',*,*,#1838,.F.);
#2414=ORIENTED_EDGE('',*,*,#1719,.F.);
#2415=ORIENTED_EDGE('',*,*,#1805,.T.);
#2416=ORIENTED_EDGE('',*,*,#1772,.F.);
#2417=ORIENTED_EDGE('',*,*,#1824,.T.);
#2418=ORIENTED_EDGE('',*,*,#1734,.F.);
#2419=ORIENTED_EDGE('',*,*,#1814,.T.);
#2420=ORIENTED_EDGE('',*,*,#1842,.T.);
#2421=ORIENTED_EDGE('',*,*,#1843,.T.);
#2422=ORIENTED_EDGE('',*,*,#1821,.T.);
#2423=ORIENTED_EDGE('',*,*,#1815,.T.);
#2424=ORIENTED_EDGE('',*,*,#1844,.F.);
#2425=ORIENTED_EDGE('',*,*,#1845,.F.);
#2426=ORIENTED_EDGE('',*,*,#1846,.T.);
#2427=ORIENTED_EDGE('',*,*,#1665,.T.);
#2428=ORIENTED_EDGE('',*,*,#1847,.F.);
#2429=ORIENTED_EDGE('',*,*,#1848,.T.);
#2430=ORIENTED_EDGE('',*,*,#1697,.F.);
#2431=ORIENTED_EDGE('',*,*,#1800,.T.);
#2432=ORIENTED_EDGE('',*,*,#1849,.T.);
#2433=ORIENTED_EDGE('',*,*,#1850,.T.);
#2434=ORIENTED_EDGE('',*,*,#1851,.T.);
#2435=ORIENTED_EDGE('',*,*,#1829,.T.);
#2436=ORIENTED_EDGE('',*,*,#1852,.F.);
#2437=ORIENTED_EDGE('',*,*,#1853,.F.);
#2438=ORIENTED_EDGE('',*,*,#1854,.T.);
#2439=ORIENTED_EDGE('',*,*,#1747,.T.);
#2440=ORIENTED_EDGE('',*,*,#1691,.T.);
#2441=ORIENTED_EDGE('',*,*,#1855,.T.);
#2442=ORIENTED_EDGE('',*,*,#1856,.T.);
#2443=ORIENTED_EDGE('',*,*,#1857,.F.);
#2444=ORIENTED_EDGE('',*,*,#1768,.T.);
#2445=ORIENTED_EDGE('',*,*,#1837,.T.);
#2446=ORIENTED_EDGE('',*,*,#1858,.T.);
#2447=ORIENTED_EDGE('',*,*,#1859,.T.);
#2448=ORIENTED_EDGE('',*,*,#1847,.T.);
#2449=ORIENTED_EDGE('',*,*,#1664,.T.);
#2450=ORIENTED_EDGE('',*,*,#1860,.T.);
#2451=ORIENTED_EDGE('',*,*,#1858,.F.);
#2452=ORIENTED_EDGE('',*,*,#1836,.T.);
#2453=ORIENTED_EDGE('',*,*,#1718,.F.);
#2454=ORIENTED_EDGE('',*,*,#1792,.T.);
#2455=ORIENTED_EDGE('',*,*,#1797,.T.);
#2456=ORIENTED_EDGE('',*,*,#1861,.T.);
#2457=ORIENTED_EDGE('',*,*,#1839,.T.);
#2458=ORIENTED_EDGE('',*,*,#1832,.T.);
#2459=ORIENTED_EDGE('',*,*,#1862,.F.);
#2460=ORIENTED_EDGE('',*,*,#1863,.F.);
#2461=ORIENTED_EDGE('',*,*,#1864,.T.);
#2462=ORIENTED_EDGE('',*,*,#1796,.T.);
#2463=ORIENTED_EDGE('',*,*,#1865,.F.);
#2464=ORIENTED_EDGE('',*,*,#1866,.T.);
#2465=ORIENTED_EDGE('',*,*,#1867,.T.);
#2466=ORIENTED_EDGE('',*,*,#1850,.F.);
#2467=ORIENTED_EDGE('',*,*,#1868,.T.);
#2468=ORIENTED_EDGE('',*,*,#1869,.T.);
#2469=ORIENTED_EDGE('',*,*,#1870,.F.);
#2470=ORIENTED_EDGE('',*,*,#1808,.T.);
#2471=ORIENTED_EDGE('',*,*,#1871,.F.);
#2472=ORIENTED_EDGE('',*,*,#1822,.T.);
#2473=ORIENTED_EDGE('',*,*,#1843,.F.);
#2474=ORIENTED_EDGE('',*,*,#1872,.T.);
#2475=ORIENTED_EDGE('',*,*,#1873,.F.);
#2476=ORIENTED_EDGE('',*,*,#1874,.T.);
#2477=ORIENTED_EDGE('',*,*,#1875,.F.);
#2478=ORIENTED_EDGE('',*,*,#1840,.T.);
#2479=ORIENTED_EDGE('',*,*,#1861,.F.);
#2480=ORIENTED_EDGE('',*,*,#1876,.T.);
#2481=ORIENTED_EDGE('',*,*,#1877,.T.);
#2482=ORIENTED_EDGE('',*,*,#1878,.T.);
#2483=ORIENTED_EDGE('',*,*,#1879,.T.);
#2484=ORIENTED_EDGE('',*,*,#1880,.T.);
#2485=ORIENTED_EDGE('',*,*,#1881,.T.);
#2486=ORIENTED_EDGE('',*,*,#1882,.T.);
#2487=ORIENTED_EDGE('',*,*,#1689,.T.);
#2488=ORIENTED_EDGE('',*,*,#1883,.T.);
#2489=ORIENTED_EDGE('',*,*,#1737,.F.);
#2490=ORIENTED_EDGE('',*,*,#1819,.T.);
#2491=ORIENTED_EDGE('',*,*,#1770,.F.);
#2492=ORIENTED_EDGE('',*,*,#1876,.F.);
#2493=ORIENTED_EDGE('',*,*,#1688,.T.);
#2494=ORIENTED_EDGE('',*,*,#1780,.F.);
#2495=ORIENTED_EDGE('',*,*,#1884,.F.);
#2496=ORIENTED_EDGE('',*,*,#1882,.F.);
#2497=ORIENTED_EDGE('',*,*,#1885,.T.);
#2498=ORIENTED_EDGE('',*,*,#1855,.F.);
#2499=ORIENTED_EDGE('',*,*,#1690,.F.);
#2500=ORIENTED_EDGE('',*,*,#1886,.F.);
#2501=ORIENTED_EDGE('',*,*,#1856,.F.);
#2502=ORIENTED_EDGE('',*,*,#1885,.F.);
#2503=ORIENTED_EDGE('',*,*,#1881,.F.);
#2504=ORIENTED_EDGE('',*,*,#1887,.T.);
#2505=ORIENTED_EDGE('',*,*,#1786,.F.);
#2506=ORIENTED_EDGE('',*,*,#1888,.F.);
#2507=ORIENTED_EDGE('',*,*,#1889,.F.);
#2508=ORIENTED_EDGE('',*,*,#1880,.F.);
#2509=ORIENTED_EDGE('',*,*,#1890,.T.);
#2510=ORIENTED_EDGE('',*,*,#1787,.F.);
#2511=ORIENTED_EDGE('',*,*,#1887,.F.);
#2512=ORIENTED_EDGE('',*,*,#1891,.F.);
#2513=ORIENTED_EDGE('',*,*,#1756,.T.);
#2514=ORIENTED_EDGE('',*,*,#1755,.T.);
#2515=ORIENTED_EDGE('',*,*,#1788,.F.);
#2516=ORIENTED_EDGE('',*,*,#1890,.F.);
#2517=ORIENTED_EDGE('',*,*,#1879,.F.);
#2518=ORIENTED_EDGE('',*,*,#1892,.T.);
#2519=ORIENTED_EDGE('',*,*,#1777,.F.);
#2520=ORIENTED_EDGE('',*,*,#1679,.T.);
#2521=ORIENTED_EDGE('',*,*,#1678,.T.);
#2522=ORIENTED_EDGE('',*,*,#1893,.F.);
#2523=ORIENTED_EDGE('',*,*,#1894,.F.);
#2524=ORIENTED_EDGE('',*,*,#1878,.F.);
#2525=ORIENTED_EDGE('',*,*,#1895,.T.);
#2526=ORIENTED_EDGE('',*,*,#1778,.F.);
#2527=ORIENTED_EDGE('',*,*,#1892,.F.);
#2528=ORIENTED_EDGE('',*,*,#1877,.F.);
#2529=ORIENTED_EDGE('',*,*,#1884,.T.);
#2530=ORIENTED_EDGE('',*,*,#1779,.F.);
#2531=ORIENTED_EDGE('',*,*,#1895,.F.);
#2532=ORIENTED_EDGE('',*,*,#1793,.T.);
#2533=ORIENTED_EDGE('',*,*,#1783,.F.);
#2534=ORIENTED_EDGE('',*,*,#1896,.T.);
#2535=ORIENTED_EDGE('',*,*,#1706,.F.);
#2536=ORIENTED_EDGE('',*,*,#1897,.T.);
#2537=ORIENTED_EDGE('',*,*,#1774,.F.);
#2538=ORIENTED_EDGE('',*,*,#1810,.T.);
#2539=ORIENTED_EDGE('',*,*,#1731,.F.);
#2540=ORIENTED_EDGE('',*,*,#1825,.T.);
#2541=ORIENTED_EDGE('',*,*,#1898,.F.);
#2542=ORIENTED_EDGE('',*,*,#1899,.F.);
#2543=ORIENTED_EDGE('',*,*,#1862,.T.);
#2544=ORIENTED_EDGE('',*,*,#1835,.T.);
#2545=ORIENTED_EDGE('',*,*,#1841,.T.);
#2546=ORIENTED_EDGE('',*,*,#1875,.T.);
#2547=ORIENTED_EDGE('',*,*,#1900,.T.);
#2548=ORIENTED_EDGE('',*,*,#1811,.T.);
#2549=ORIENTED_EDGE('',*,*,#1846,.F.);
#2550=ORIENTED_EDGE('',*,*,#1901,.F.);
#2551=ORIENTED_EDGE('',*,*,#1898,.T.);
#2552=ORIENTED_EDGE('',*,*,#1828,.T.);
#2553=ORIENTED_EDGE('',*,*,#1902,.T.);
#2554=ORIENTED_EDGE('',*,*,#1873,.T.);
#2555=ORIENTED_EDGE('',*,*,#1903,.T.);
#2556=ORIENTED_EDGE('',*,*,#1801,.T.);
#2557=ORIENTED_EDGE('',*,*,#1904,.F.);
#2558=ORIENTED_EDGE('',*,*,#1905,.F.);
#2559=ORIENTED_EDGE('',*,*,#1906,.T.);
#2560=ORIENTED_EDGE('',*,*,#1907,.T.);
#2561=ORIENTED_EDGE('',*,*,#1908,.T.);
#2562=ORIENTED_EDGE('',*,*,#1909,.T.);
#2563=ORIENTED_EDGE('',*,*,#1910,.T.);
#2564=ORIENTED_EDGE('',*,*,#1911,.T.);
#2565=ORIENTED_EDGE('',*,*,#1912,.T.);
#2566=ORIENTED_EDGE('',*,*,#1913,.F.);
#2567=ORIENTED_EDGE('',*,*,#1844,.T.);
#2568=ORIENTED_EDGE('',*,*,#1818,.T.);
#2569=ORIENTED_EDGE('',*,*,#1823,.T.);
#2570=ORIENTED_EDGE('',*,*,#1871,.T.);
#2571=ORIENTED_EDGE('',*,*,#1807,.T.);
#2572=ORIENTED_EDGE('',*,*,#1914,.T.);
#2573=ORIENTED_EDGE('',*,*,#1915,.T.);
#2574=ORIENTED_EDGE('',*,*,#1916,.T.);
#2575=ORIENTED_EDGE('',*,*,#1917,.T.);
#2576=ORIENTED_EDGE('',*,*,#1918,.T.);
#2577=ORIENTED_EDGE('',*,*,#1919,.T.);
#2578=ORIENTED_EDGE('',*,*,#1916,.F.);
#2579=ORIENTED_EDGE('',*,*,#1920,.T.);
#2580=ORIENTED_EDGE('',*,*,#1921,.T.);
#2581=ORIENTED_EDGE('',*,*,#1922,.T.);
#2582=ORIENTED_EDGE('',*,*,#1918,.F.);
#2583=ORIENTED_EDGE('',*,*,#1923,.T.);
#2584=ORIENTED_EDGE('',*,*,#1924,.T.);
#2585=ORIENTED_EDGE('',*,*,#1925,.T.);
#2586=ORIENTED_EDGE('',*,*,#1921,.F.);
#2587=ORIENTED_EDGE('',*,*,#1926,.T.);
#2588=ORIENTED_EDGE('',*,*,#1927,.T.);
#2589=ORIENTED_EDGE('',*,*,#1928,.T.);
#2590=ORIENTED_EDGE('',*,*,#1924,.F.);
#2591=ORIENTED_EDGE('',*,*,#1929,.T.);
#2592=ORIENTED_EDGE('',*,*,#1930,.T.);
#2593=ORIENTED_EDGE('',*,*,#1931,.T.);
#2594=ORIENTED_EDGE('',*,*,#1927,.F.);
#2595=ORIENTED_EDGE('',*,*,#1932,.T.);
#2596=ORIENTED_EDGE('',*,*,#1933,.T.);
#2597=ORIENTED_EDGE('',*,*,#1934,.T.);
#2598=ORIENTED_EDGE('',*,*,#1930,.F.);
#2599=ORIENTED_EDGE('',*,*,#1935,.T.);
#2600=ORIENTED_EDGE('',*,*,#1914,.F.);
#2601=ORIENTED_EDGE('',*,*,#1936,.T.);
#2602=ORIENTED_EDGE('',*,*,#1933,.F.);
#2603=ORIENTED_EDGE('',*,*,#1937,.T.);
#2604=ORIENTED_EDGE('',*,*,#1926,.F.);
#2605=ORIENTED_EDGE('',*,*,#1938,.T.);
#2606=ORIENTED_EDGE('',*,*,#1939,.T.);
#2607=ORIENTED_EDGE('',*,*,#1940,.F.);
#2608=ORIENTED_EDGE('',*,*,#1912,.F.);
#2609=ORIENTED_EDGE('',*,*,#1941,.F.);
#2610=ORIENTED_EDGE('',*,*,#1923,.F.);
#2611=ORIENTED_EDGE('',*,*,#1942,.T.);
#2612=ORIENTED_EDGE('',*,*,#1943,.T.);
#2613=ORIENTED_EDGE('',*,*,#1938,.F.);
#2614=ORIENTED_EDGE('',*,*,#1920,.F.);
#2615=ORIENTED_EDGE('',*,*,#1944,.T.);
#2616=ORIENTED_EDGE('',*,*,#1906,.F.);
#2617=ORIENTED_EDGE('',*,*,#1945,.F.);
#2618=ORIENTED_EDGE('',*,*,#1946,.T.);
#2619=ORIENTED_EDGE('',*,*,#1942,.F.);
#2620=ORIENTED_EDGE('',*,*,#1915,.F.);
#2621=ORIENTED_EDGE('',*,*,#1947,.T.);
#2622=ORIENTED_EDGE('',*,*,#1907,.F.);
#2623=ORIENTED_EDGE('',*,*,#1944,.F.);
#2624=ORIENTED_EDGE('',*,*,#1948,.F.);
#2625=ORIENTED_EDGE('',*,*,#1949,.T.);
#2626=ORIENTED_EDGE('',*,*,#1727,.F.);
#2627=ORIENTED_EDGE('',*,*,#1950,.F.);
#2628=ORIENTED_EDGE('',*,*,#1917,.F.);
#2629=ORIENTED_EDGE('',*,*,#1919,.F.);
#2630=ORIENTED_EDGE('',*,*,#1922,.F.);
#2631=ORIENTED_EDGE('',*,*,#1925,.F.);
#2632=ORIENTED_EDGE('',*,*,#1928,.F.);
#2633=ORIENTED_EDGE('',*,*,#1931,.F.);
#2634=ORIENTED_EDGE('',*,*,#1934,.F.);
#2635=ORIENTED_EDGE('',*,*,#1936,.F.);
#2636=ORIENTED_EDGE('',*,*,#1929,.F.);
#2637=ORIENTED_EDGE('',*,*,#1941,.T.);
#2638=ORIENTED_EDGE('',*,*,#1911,.F.);
#2639=ORIENTED_EDGE('',*,*,#1951,.F.);
#2640=ORIENTED_EDGE('',*,*,#1952,.F.);
#2641=ORIENTED_EDGE('',*,*,#1939,.F.);
#2642=ORIENTED_EDGE('',*,*,#1943,.F.);
#2643=ORIENTED_EDGE('',*,*,#1946,.F.);
#2644=ORIENTED_EDGE('',*,*,#1937,.F.);
#2645=ORIENTED_EDGE('',*,*,#1953,.T.);
#2646=ORIENTED_EDGE('',*,*,#1908,.F.);
#2647=ORIENTED_EDGE('',*,*,#1947,.F.);
#2648=ORIENTED_EDGE('',*,*,#1935,.F.);
#2649=ORIENTED_EDGE('',*,*,#1954,.T.);
#2650=ORIENTED_EDGE('',*,*,#1909,.F.);
#2651=ORIENTED_EDGE('',*,*,#1953,.F.);
#2652=ORIENTED_EDGE('',*,*,#1932,.F.);
#2653=ORIENTED_EDGE('',*,*,#1951,.T.);
#2654=ORIENTED_EDGE('',*,*,#1910,.F.);
#2655=ORIENTED_EDGE('',*,*,#1954,.F.);
#2656=ORIENTED_EDGE('',*,*,#1940,.T.);
#2657=ORIENTED_EDGE('',*,*,#1952,.T.);
#2658=ORIENTED_EDGE('',*,*,#1945,.T.);
#2659=ORIENTED_EDGE('',*,*,#1905,.T.);
#2660=ORIENTED_EDGE('',*,*,#1955,.T.);
#2661=ORIENTED_EDGE('',*,*,#1853,.T.);
#2662=ORIENTED_EDGE('',*,*,#1956,.T.);
#2663=ORIENTED_EDGE('',*,*,#1863,.T.);
#2664=ORIENTED_EDGE('',*,*,#1899,.T.);
#2665=ORIENTED_EDGE('',*,*,#1901,.T.);
#2666=ORIENTED_EDGE('',*,*,#1845,.T.);
#2667=ORIENTED_EDGE('',*,*,#1913,.T.);
#2668=ORIENTED_EDGE('',*,*,#1957,.T.);
#2669=ORIENTED_EDGE('',*,*,#1958,.T.);
#2670=ORIENTED_EDGE('',*,*,#1959,.T.);
#2671=ORIENTED_EDGE('',*,*,#1960,.T.);
#2672=ORIENTED_EDGE('',*,*,#1961,.T.);
#2673=ORIENTED_EDGE('',*,*,#1962,.T.);
#2674=ORIENTED_EDGE('',*,*,#1963,.T.);
#2675=ORIENTED_EDGE('',*,*,#1964,.T.);
#2676=ORIENTED_EDGE('',*,*,#1965,.T.);
#2677=ORIENTED_EDGE('',*,*,#1966,.T.);
#2678=ORIENTED_EDGE('',*,*,#1967,.T.);
#2679=ORIENTED_EDGE('',*,*,#1968,.T.);
#2680=ORIENTED_EDGE('',*,*,#1789,.T.);
#2681=ORIENTED_EDGE('',*,*,#1864,.F.);
#2682=ORIENTED_EDGE('',*,*,#1956,.F.);
#2683=ORIENTED_EDGE('',*,*,#1852,.T.);
#2684=ORIENTED_EDGE('',*,*,#1831,.T.);
#2685=ORIENTED_EDGE('',*,*,#1969,.T.);
#2686=ORIENTED_EDGE('',*,*,#1865,.T.);
#2687=ORIENTED_EDGE('',*,*,#1795,.T.);
#2688=ORIENTED_EDGE('',*,*,#1798,.T.);
#2689=ORIENTED_EDGE('',*,*,#1854,.F.);
#2690=ORIENTED_EDGE('',*,*,#1955,.F.);
#2691=ORIENTED_EDGE('',*,*,#1904,.T.);
#2692=ORIENTED_EDGE('',*,*,#1804,.T.);
#2693=ORIENTED_EDGE('',*,*,#1809,.T.);
#2694=ORIENTED_EDGE('',*,*,#1870,.T.);
#2695=ORIENTED_EDGE('',*,*,#1970,.T.);
#2696=ORIENTED_EDGE('',*,*,#1971,.T.);
#2697=ORIENTED_EDGE('',*,*,#1950,.T.);
#2698=ORIENTED_EDGE('',*,*,#1726,.F.);
#2699=ORIENTED_EDGE('',*,*,#1972,.T.);
#2700=ORIENTED_EDGE('',*,*,#1973,.T.);
#2701=ORIENTED_EDGE('',*,*,#1974,.F.);
#2702=ORIENTED_EDGE('',*,*,#1724,.F.);
#2703=ORIENTED_EDGE('',*,*,#1975,.F.);
#2704=ORIENTED_EDGE('',*,*,#1976,.T.);
#2705=ORIENTED_EDGE('',*,*,#1977,.T.);
#2706=ORIENTED_EDGE('',*,*,#1700,.F.);
#2707=ORIENTED_EDGE('',*,*,#1978,.T.);
#2708=ORIENTED_EDGE('',*,*,#1979,.T.);
#2709=ORIENTED_EDGE('',*,*,#1980,.F.);
#2710=ORIENTED_EDGE('',*,*,#1728,.F.);
#2711=ORIENTED_EDGE('',*,*,#1949,.F.);
#2712=ORIENTED_EDGE('',*,*,#1981,.F.);
#2713=ORIENTED_EDGE('',*,*,#1982,.T.);
#2714=ORIENTED_EDGE('',*,*,#1983,.F.);
#2715=ORIENTED_EDGE('',*,*,#1982,.F.);
#2716=ORIENTED_EDGE('',*,*,#1984,.F.);
#2717=ORIENTED_EDGE('',*,*,#1985,.T.);
#2718=ORIENTED_EDGE('',*,*,#1986,.F.);
#2719=ORIENTED_EDGE('',*,*,#1985,.F.);
#2720=ORIENTED_EDGE('',*,*,#1987,.F.);
#2721=ORIENTED_EDGE('',*,*,#1988,.T.);
#2722=ORIENTED_EDGE('',*,*,#1989,.F.);
#2723=ORIENTED_EDGE('',*,*,#1988,.F.);
#2724=ORIENTED_EDGE('',*,*,#1966,.F.);
#2725=ORIENTED_EDGE('',*,*,#1990,.T.);
#2726=ORIENTED_EDGE('',*,*,#1991,.F.);
#2727=ORIENTED_EDGE('',*,*,#1992,.F.);
#2728=ORIENTED_EDGE('',*,*,#1965,.F.);
#2729=ORIENTED_EDGE('',*,*,#1993,.T.);
#2730=ORIENTED_EDGE('',*,*,#1994,.F.);
#2731=ORIENTED_EDGE('',*,*,#1990,.F.);
#2732=ORIENTED_EDGE('',*,*,#1967,.F.);
#2733=ORIENTED_EDGE('',*,*,#1992,.T.);
#2734=ORIENTED_EDGE('',*,*,#1995,.F.);
#2735=ORIENTED_EDGE('',*,*,#1996,.F.);
#2736=ORIENTED_EDGE('',*,*,#1968,.F.);
#2737=ORIENTED_EDGE('',*,*,#1996,.T.);
#2738=ORIENTED_EDGE('',*,*,#1997,.F.);
#2739=ORIENTED_EDGE('',*,*,#1993,.F.);
#2740=ORIENTED_EDGE('',*,*,#1997,.T.);
#2741=ORIENTED_EDGE('',*,*,#1995,.T.);
#2742=ORIENTED_EDGE('',*,*,#1991,.T.);
#2743=ORIENTED_EDGE('',*,*,#1994,.T.);
#2744=ORIENTED_EDGE('',*,*,#1981,.T.);
#2745=ORIENTED_EDGE('',*,*,#1962,.F.);
#2746=ORIENTED_EDGE('',*,*,#1998,.T.);
#2747=ORIENTED_EDGE('',*,*,#1999,.F.);
#2748=ORIENTED_EDGE('',*,*,#2000,.F.);
#2749=ORIENTED_EDGE('',*,*,#1961,.F.);
#2750=ORIENTED_EDGE('',*,*,#2001,.T.);
#2751=ORIENTED_EDGE('',*,*,#2002,.F.);
#2752=ORIENTED_EDGE('',*,*,#1998,.F.);
#2753=ORIENTED_EDGE('',*,*,#1963,.F.);
#2754=ORIENTED_EDGE('',*,*,#2000,.T.);
#2755=ORIENTED_EDGE('',*,*,#2003,.F.);
#2756=ORIENTED_EDGE('',*,*,#2004,.F.);
#2757=ORIENTED_EDGE('',*,*,#1964,.F.);
#2758=ORIENTED_EDGE('',*,*,#2004,.T.);
#2759=ORIENTED_EDGE('',*,*,#2005,.F.);
#2760=ORIENTED_EDGE('',*,*,#2001,.F.);
#2761=ORIENTED_EDGE('',*,*,#2005,.T.);
#2762=ORIENTED_EDGE('',*,*,#2003,.T.);
#2763=ORIENTED_EDGE('',*,*,#1999,.T.);
#2764=ORIENTED_EDGE('',*,*,#2002,.T.);
#2765=ORIENTED_EDGE('',*,*,#1984,.T.);
#2766=ORIENTED_EDGE('',*,*,#1958,.F.);
#2767=ORIENTED_EDGE('',*,*,#2006,.T.);
#2768=ORIENTED_EDGE('',*,*,#2007,.F.);
#2769=ORIENTED_EDGE('',*,*,#2008,.F.);
#2770=ORIENTED_EDGE('',*,*,#1957,.F.);
#2771=ORIENTED_EDGE('',*,*,#2009,.T.);
#2772=ORIENTED_EDGE('',*,*,#2010,.F.);
#2773=ORIENTED_EDGE('',*,*,#2006,.F.);
#2774=ORIENTED_EDGE('',*,*,#1959,.F.);
#2775=ORIENTED_EDGE('',*,*,#2008,.T.);
#2776=ORIENTED_EDGE('',*,*,#2011,.F.);
#2777=ORIENTED_EDGE('',*,*,#2012,.F.);
#2778=ORIENTED_EDGE('',*,*,#1960,.F.);
#2779=ORIENTED_EDGE('',*,*,#2012,.T.);
#2780=ORIENTED_EDGE('',*,*,#2013,.F.);
#2781=ORIENTED_EDGE('',*,*,#2009,.F.);
#2782=ORIENTED_EDGE('',*,*,#2013,.T.);
#2783=ORIENTED_EDGE('',*,*,#2011,.T.);
#2784=ORIENTED_EDGE('',*,*,#2007,.T.);
#2785=ORIENTED_EDGE('',*,*,#2010,.T.);
#2786=ORIENTED_EDGE('',*,*,#1987,.T.);
#2787=ORIENTED_EDGE('',*,*,#1979,.F.);
#2788=ORIENTED_EDGE('',*,*,#1948,.T.);
#2789=ORIENTED_EDGE('',*,*,#1971,.F.);
#2790=ORIENTED_EDGE('',*,*,#2014,.T.);
#2791=ORIENTED_EDGE('',*,*,#1973,.F.);
#2792=ORIENTED_EDGE('',*,*,#2015,.F.);
#2793=ORIENTED_EDGE('',*,*,#1976,.F.);
#2794=ORIENTED_EDGE('',*,*,#2016,.F.);
#2795=ORIENTED_EDGE('',*,*,#1983,.T.);
#2796=ORIENTED_EDGE('',*,*,#1986,.T.);
#2797=ORIENTED_EDGE('',*,*,#1989,.T.);
#2798=ORIENTED_EDGE('',*,*,#1699,.T.);
#2799=ORIENTED_EDGE('',*,*,#2017,.T.);
#2800=ORIENTED_EDGE('',*,*,#2018,.F.);
#2801=ORIENTED_EDGE('',*,*,#2019,.T.);
#2802=ORIENTED_EDGE('',*,*,#1894,.T.);
#2803=ORIENTED_EDGE('',*,*,#2020,.T.);
#2804=ORIENTED_EDGE('',*,*,#1891,.T.);
#2805=ORIENTED_EDGE('',*,*,#2020,.F.);
#2806=ORIENTED_EDGE('',*,*,#1893,.T.);
#2807=ORIENTED_EDGE('',*,*,#2021,.F.);
#2808=ORIENTED_EDGE('',*,*,#2022,.T.);
#2809=ORIENTED_EDGE('',*,*,#2023,.T.);
#2810=ORIENTED_EDGE('',*,*,#2024,.T.);
#2811=ORIENTED_EDGE('',*,*,#1672,.T.);
#2812=ORIENTED_EDGE('',*,*,#2025,.T.);
#2813=ORIENTED_EDGE('',*,*,#1753,.T.);
#2814=ORIENTED_EDGE('',*,*,#2021,.T.);
#2815=ORIENTED_EDGE('',*,*,#1677,.T.);
#2816=ORIENTED_EDGE('',*,*,#2024,.F.);
#2817=ORIENTED_EDGE('',*,*,#2026,.T.);
#2818=ORIENTED_EDGE('',*,*,#2027,.T.);
#2819=ORIENTED_EDGE('',*,*,#1752,.T.);
#2820=ORIENTED_EDGE('',*,*,#2025,.F.);
#2821=ORIENTED_EDGE('',*,*,#2028,.T.);
#2822=ORIENTED_EDGE('',*,*,#2028,.F.);
#2823=ORIENTED_EDGE('',*,*,#2026,.F.);
#2824=ORIENTED_EDGE('',*,*,#2023,.F.);
#2825=ORIENTED_EDGE('',*,*,#2029,.F.);
#2826=ORIENTED_EDGE('',*,*,#2030,.F.);
#2827=ORIENTED_EDGE('',*,*,#2031,.F.);
#2828=ORIENTED_EDGE('',*,*,#2029,.T.);
#2829=ORIENTED_EDGE('',*,*,#2022,.F.);
#2830=ORIENTED_EDGE('',*,*,#1671,.T.);
#2831=ORIENTED_EDGE('',*,*,#2032,.T.);
#2832=ORIENTED_EDGE('',*,*,#2033,.F.);
#2833=ORIENTED_EDGE('',*,*,#2034,.T.);
#2834=ORIENTED_EDGE('',*,*,#2035,.T.);
#2835=ORIENTED_EDGE('',*,*,#2030,.T.);
#2836=ORIENTED_EDGE('',*,*,#2035,.F.);
#2837=ORIENTED_EDGE('',*,*,#2036,.T.);
#2838=ORIENTED_EDGE('',*,*,#2037,.T.);
#2839=ORIENTED_EDGE('',*,*,#2038,.T.);
#2840=ORIENTED_EDGE('',*,*,#2039,.F.);
#2841=ORIENTED_EDGE('',*,*,#2040,.F.);
#2842=ORIENTED_EDGE('',*,*,#1748,.F.);
#2843=ORIENTED_EDGE('',*,*,#2027,.F.);
#2844=ORIENTED_EDGE('',*,*,#2031,.T.);
#2845=ORIENTED_EDGE('',*,*,#2037,.F.);
#2846=ORIENTED_EDGE('',*,*,#2039,.T.);
#2847=ORIENTED_EDGE('',*,*,#2041,.T.);
#2848=ORIENTED_EDGE('',*,*,#2042,.T.);
#2849=ORIENTED_EDGE('',*,*,#2043,.F.);
#2850=ORIENTED_EDGE('',*,*,#2033,.T.);
#2851=ORIENTED_EDGE('',*,*,#2044,.F.);
#2852=ORIENTED_EDGE('',*,*,#2045,.T.);
#2853=ORIENTED_EDGE('',*,*,#2046,.T.);
#2854=ORIENTED_EDGE('',*,*,#2036,.F.);
#2855=ORIENTED_EDGE('',*,*,#2047,.T.);
#2856=ORIENTED_EDGE('',*,*,#2048,.T.);
#2857=ORIENTED_EDGE('',*,*,#2049,.T.);
#2858=ORIENTED_EDGE('',*,*,#2050,.F.);
#2859=ORIENTED_EDGE('',*,*,#2045,.F.);
#2860=ORIENTED_EDGE('',*,*,#2051,.F.);
#2861=ORIENTED_EDGE('',*,*,#2052,.F.);
#2862=ORIENTED_EDGE('',*,*,#2053,.F.);
#2863=ORIENTED_EDGE('',*,*,#2042,.F.);
#2864=ORIENTED_EDGE('',*,*,#2054,.F.);
#2865=ORIENTED_EDGE('',*,*,#2048,.F.);
#2866=ORIENTED_EDGE('',*,*,#2038,.F.);
#2867=ORIENTED_EDGE('',*,*,#2049,.F.);
#2868=ORIENTED_EDGE('',*,*,#2054,.T.);
#2869=ORIENTED_EDGE('',*,*,#2041,.F.);
#2870=ORIENTED_EDGE('',*,*,#2034,.F.);
#2871=ORIENTED_EDGE('',*,*,#2046,.F.);
#2872=ORIENTED_EDGE('',*,*,#2050,.T.);
#2873=ORIENTED_EDGE('',*,*,#2047,.F.);
#2874=ORIENTED_EDGE('',*,*,#1693,.T.);
#2875=ORIENTED_EDGE('',*,*,#2055,.T.);
#2876=ORIENTED_EDGE('',*,*,#2056,.T.);
#2877=ORIENTED_EDGE('',*,*,#2057,.T.);
#2878=ORIENTED_EDGE('',*,*,#2051,.T.);
#2879=ORIENTED_EDGE('',*,*,#2044,.T.);
#2880=ORIENTED_EDGE('',*,*,#2032,.F.);
#2881=ORIENTED_EDGE('',*,*,#1970,.F.);
#2882=ORIENTED_EDGE('',*,*,#1869,.F.);
#2883=ORIENTED_EDGE('',*,*,#2058,.T.);
#2884=ORIENTED_EDGE('',*,*,#1775,.F.);
#2885=ORIENTED_EDGE('',*,*,#1897,.F.);
#2886=ORIENTED_EDGE('',*,*,#1730,.F.);
#2887=ORIENTED_EDGE('',*,*,#2059,.F.);
#2888=ORIENTED_EDGE('',*,*,#2060,.F.);
#2889=ORIENTED_EDGE('',*,*,#2055,.F.);
#2890=ORIENTED_EDGE('',*,*,#1695,.F.);
#2891=ORIENTED_EDGE('',*,*,#1760,.F.);
#2892=ORIENTED_EDGE('',*,*,#1776,.F.);
#2893=ORIENTED_EDGE('',*,*,#2058,.F.);
#2894=ORIENTED_EDGE('',*,*,#1868,.F.);
#2895=ORIENTED_EDGE('',*,*,#1849,.F.);
#2896=ORIENTED_EDGE('',*,*,#1799,.T.);
#2897=ORIENTED_EDGE('',*,*,#1851,.F.);
#2898=ORIENTED_EDGE('',*,*,#1867,.F.);
#2899=ORIENTED_EDGE('',*,*,#2061,.T.);
#2900=ORIENTED_EDGE('',*,*,#1781,.F.);
#2901=ORIENTED_EDGE('',*,*,#1761,.F.);
#2902=ORIENTED_EDGE('',*,*,#1710,.F.);
#2903=ORIENTED_EDGE('',*,*,#2062,.F.);
#2904=ORIENTED_EDGE('',*,*,#2063,.F.);
#2905=ORIENTED_EDGE('',*,*,#2017,.F.);
#2906=ORIENTED_EDGE('',*,*,#1707,.F.);
#2907=ORIENTED_EDGE('',*,*,#1896,.F.);
#2908=ORIENTED_EDGE('',*,*,#1782,.F.);
#2909=ORIENTED_EDGE('',*,*,#2061,.F.);
#2910=ORIENTED_EDGE('',*,*,#1866,.F.);
#2911=ORIENTED_EDGE('',*,*,#1969,.F.);
#2912=ORIENTED_EDGE('',*,*,#1830,.T.);
#2913=ORIENTED_EDGE('',*,*,#1729,.T.);
#2914=ORIENTED_EDGE('',*,*,#2064,.F.);
#2915=ORIENTED_EDGE('',*,*,#2065,.T.);
#2916=ORIENTED_EDGE('',*,*,#2059,.T.);
#2917=ORIENTED_EDGE('',*,*,#2060,.T.);
#2918=ORIENTED_EDGE('',*,*,#2065,.F.);
#2919=ORIENTED_EDGE('',*,*,#2066,.T.);
#2920=ORIENTED_EDGE('',*,*,#2067,.T.);
#2921=ORIENTED_EDGE('',*,*,#2068,.T.);
#2922=ORIENTED_EDGE('',*,*,#2069,.F.);
#2923=ORIENTED_EDGE('',*,*,#2070,.T.);
#2924=ORIENTED_EDGE('',*,*,#2018,.T.);
#2925=ORIENTED_EDGE('',*,*,#2063,.T.);
#2926=ORIENTED_EDGE('',*,*,#2071,.T.);
#2927=ORIENTED_EDGE('',*,*,#2072,.F.);
#2928=ORIENTED_EDGE('',*,*,#2056,.F.);
#2929=ORIENTED_EDGE('',*,*,#1709,.T.);
#2930=ORIENTED_EDGE('',*,*,#2040,.T.);
#2931=ORIENTED_EDGE('',*,*,#2043,.T.);
#2932=ORIENTED_EDGE('',*,*,#2053,.T.);
#2933=ORIENTED_EDGE('',*,*,#2073,.F.);
#2934=ORIENTED_EDGE('',*,*,#2071,.F.);
#2935=ORIENTED_EDGE('',*,*,#2062,.T.);
#2936=ORIENTED_EDGE('',*,*,#2067,.F.);
#2937=ORIENTED_EDGE('',*,*,#2074,.T.);
#2938=ORIENTED_EDGE('',*,*,#1669,.F.);
#2939=ORIENTED_EDGE('',*,*,#2075,.F.);
#2940=ORIENTED_EDGE('',*,*,#2068,.F.);
#2941=ORIENTED_EDGE('',*,*,#2075,.T.);
#2942=ORIENTED_EDGE('',*,*,#1668,.F.);
#2943=ORIENTED_EDGE('',*,*,#2076,.F.);
#2944=ORIENTED_EDGE('',*,*,#2069,.T.);
#2945=ORIENTED_EDGE('',*,*,#2076,.T.);
#2946=ORIENTED_EDGE('',*,*,#1667,.F.);
#2947=ORIENTED_EDGE('',*,*,#2077,.F.);
#2948=ORIENTED_EDGE('',*,*,#2070,.F.);
#2949=ORIENTED_EDGE('',*,*,#2077,.T.);
#2950=ORIENTED_EDGE('',*,*,#1670,.T.);
#2951=ORIENTED_EDGE('',*,*,#2074,.F.);
#2952=ORIENTED_EDGE('',*,*,#2066,.F.);
#2953=ORIENTED_EDGE('',*,*,#2064,.T.);
#2954=ORIENTED_EDGE('',*,*,#1980,.T.);
#2955=ORIENTED_EDGE('',*,*,#2016,.T.);
#2956=ORIENTED_EDGE('',*,*,#1978,.F.);
#2957=ORIENTED_EDGE('',*,*,#2019,.F.);
#2958=ORIENTED_EDGE('',*,*,#2052,.T.);
#2959=ORIENTED_EDGE('',*,*,#2057,.F.);
#2960=ORIENTED_EDGE('',*,*,#2072,.T.);
#2961=ORIENTED_EDGE('',*,*,#2073,.T.);
#2962=ORIENTED_EDGE('',*,*,#1725,.T.);
#2963=ORIENTED_EDGE('',*,*,#2078,.T.);
#2964=ORIENTED_EDGE('',*,*,#2079,.F.);
#2965=ORIENTED_EDGE('',*,*,#2080,.T.);
#2966=ORIENTED_EDGE('',*,*,#1683,.T.);
#2967=ORIENTED_EDGE('',*,*,#2081,.T.);
#2968=ORIENTED_EDGE('',*,*,#1684,.T.);
#2969=ORIENTED_EDGE('',*,*,#2081,.F.);
#2970=ORIENTED_EDGE('',*,*,#1682,.T.);
#2971=ORIENTED_EDGE('',*,*,#2082,.F.);
#2972=ORIENTED_EDGE('',*,*,#2083,.T.);
#2973=ORIENTED_EDGE('',*,*,#2084,.T.);
#2974=ORIENTED_EDGE('',*,*,#2085,.T.);
#2975=ORIENTED_EDGE('',*,*,#1662,.T.);
#2976=ORIENTED_EDGE('',*,*,#2086,.T.);
#2977=ORIENTED_EDGE('',*,*,#1739,.T.);
#2978=ORIENTED_EDGE('',*,*,#2082,.T.);
#2979=ORIENTED_EDGE('',*,*,#1746,.T.);
#2980=ORIENTED_EDGE('',*,*,#2085,.F.);
#2981=ORIENTED_EDGE('',*,*,#2087,.T.);
#2982=ORIENTED_EDGE('',*,*,#2088,.T.);
#2983=ORIENTED_EDGE('',*,*,#1745,.T.);
#2984=ORIENTED_EDGE('',*,*,#2086,.F.);
#2985=ORIENTED_EDGE('',*,*,#2089,.T.);
#2986=ORIENTED_EDGE('',*,*,#2089,.F.);
#2987=ORIENTED_EDGE('',*,*,#2087,.F.);
#2988=ORIENTED_EDGE('',*,*,#2084,.F.);
#2989=ORIENTED_EDGE('',*,*,#2090,.F.);
#2990=ORIENTED_EDGE('',*,*,#2091,.F.);
#2991=ORIENTED_EDGE('',*,*,#2092,.F.);
#2992=ORIENTED_EDGE('',*,*,#2090,.T.);
#2993=ORIENTED_EDGE('',*,*,#2083,.F.);
#2994=ORIENTED_EDGE('',*,*,#1661,.T.);
#2995=ORIENTED_EDGE('',*,*,#2093,.T.);
#2996=ORIENTED_EDGE('',*,*,#2094,.F.);
#2997=ORIENTED_EDGE('',*,*,#2095,.T.);
#2998=ORIENTED_EDGE('',*,*,#2096,.T.);
#2999=ORIENTED_EDGE('',*,*,#2091,.T.);
#3000=ORIENTED_EDGE('',*,*,#2096,.F.);
#3001=ORIENTED_EDGE('',*,*,#2097,.T.);
#3002=ORIENTED_EDGE('',*,*,#2098,.T.);
#3003=ORIENTED_EDGE('',*,*,#2099,.T.);
#3004=ORIENTED_EDGE('',*,*,#2100,.F.);
#3005=ORIENTED_EDGE('',*,*,#2101,.F.);
#3006=ORIENTED_EDGE('',*,*,#1742,.F.);
#3007=ORIENTED_EDGE('',*,*,#2088,.F.);
#3008=ORIENTED_EDGE('',*,*,#2092,.T.);
#3009=ORIENTED_EDGE('',*,*,#2098,.F.);
#3010=ORIENTED_EDGE('',*,*,#2094,.T.);
#3011=ORIENTED_EDGE('',*,*,#2102,.F.);
#3012=ORIENTED_EDGE('',*,*,#2103,.T.);
#3013=ORIENTED_EDGE('',*,*,#2104,.T.);
#3014=ORIENTED_EDGE('',*,*,#2100,.T.);
#3015=ORIENTED_EDGE('',*,*,#2105,.T.);
#3016=ORIENTED_EDGE('',*,*,#2106,.T.);
#3017=ORIENTED_EDGE('',*,*,#2107,.F.);
#3018=ORIENTED_EDGE('',*,*,#2097,.F.);
#3019=ORIENTED_EDGE('',*,*,#2108,.T.);
#3020=ORIENTED_EDGE('',*,*,#2109,.F.);
#3021=ORIENTED_EDGE('',*,*,#2110,.T.);
#3022=ORIENTED_EDGE('',*,*,#2095,.F.);
#3023=ORIENTED_EDGE('',*,*,#2104,.F.);
#3024=ORIENTED_EDGE('',*,*,#2111,.F.);
#3025=ORIENTED_EDGE('',*,*,#2108,.F.);
#3026=ORIENTED_EDGE('',*,*,#2099,.F.);
#3027=ORIENTED_EDGE('',*,*,#2110,.F.);
#3028=ORIENTED_EDGE('',*,*,#2112,.F.);
#3029=ORIENTED_EDGE('',*,*,#2105,.F.);
#3030=ORIENTED_EDGE('',*,*,#2111,.T.);
#3031=ORIENTED_EDGE('',*,*,#2103,.F.);
#3032=ORIENTED_EDGE('',*,*,#2113,.F.);
#3033=ORIENTED_EDGE('',*,*,#2114,.F.);
#3034=ORIENTED_EDGE('',*,*,#2115,.F.);
#3035=ORIENTED_EDGE('',*,*,#2106,.F.);
#3036=ORIENTED_EDGE('',*,*,#2112,.T.);
#3037=ORIENTED_EDGE('',*,*,#2109,.T.);
#3038=ORIENTED_EDGE('',*,*,#1713,.T.);
#3039=ORIENTED_EDGE('',*,*,#2101,.T.);
#3040=ORIENTED_EDGE('',*,*,#2107,.T.);
#3041=ORIENTED_EDGE('',*,*,#2115,.T.);
#3042=ORIENTED_EDGE('',*,*,#2116,.F.);
#3043=ORIENTED_EDGE('',*,*,#2117,.F.);
#3044=ORIENTED_EDGE('',*,*,#2118,.T.);
#3045=ORIENTED_EDGE('',*,*,#2114,.T.);
#3046=ORIENTED_EDGE('',*,*,#2119,.F.);
#3047=ORIENTED_EDGE('',*,*,#2120,.F.);
#3048=ORIENTED_EDGE('',*,*,#2116,.T.);
#3049=ORIENTED_EDGE('',*,*,#1903,.F.);
#3050=ORIENTED_EDGE('',*,*,#1872,.F.);
#3051=ORIENTED_EDGE('',*,*,#1842,.F.);
#3052=ORIENTED_EDGE('',*,*,#1813,.T.);
#3053=ORIENTED_EDGE('',*,*,#2121,.T.);
#3054=ORIENTED_EDGE('',*,*,#2122,.F.);
#3055=ORIENTED_EDGE('',*,*,#2078,.F.);
#3056=ORIENTED_EDGE('',*,*,#1738,.F.);
#3057=ORIENTED_EDGE('',*,*,#1883,.F.);
#3058=ORIENTED_EDGE('',*,*,#1769,.F.);
#3059=ORIENTED_EDGE('',*,*,#1757,.F.);
#3060=ORIENTED_EDGE('',*,*,#1714,.F.);
#3061=ORIENTED_EDGE('',*,*,#2118,.F.);
#3062=ORIENTED_EDGE('',*,*,#2123,.F.);
#3063=ORIENTED_EDGE('',*,*,#2121,.F.);
#3064=ORIENTED_EDGE('',*,*,#1812,.T.);
#3065=ORIENTED_EDGE('',*,*,#1900,.F.);
#3066=ORIENTED_EDGE('',*,*,#1874,.F.);
#3067=ORIENTED_EDGE('',*,*,#1902,.F.);
#3068=ORIENTED_EDGE('',*,*,#1827,.T.);
#3069=ORIENTED_EDGE('',*,*,#2124,.T.);
#3070=ORIENTED_EDGE('',*,*,#2125,.F.);
#3071=ORIENTED_EDGE('',*,*,#2126,.F.);
#3072=ORIENTED_EDGE('',*,*,#1698,.F.);
#3073=ORIENTED_EDGE('',*,*,#1848,.F.);
#3074=ORIENTED_EDGE('',*,*,#1859,.F.);
#3075=ORIENTED_EDGE('',*,*,#1860,.F.);
#3076=ORIENTED_EDGE('',*,*,#1717,.F.);
#3077=ORIENTED_EDGE('',*,*,#2127,.F.);
#3078=ORIENTED_EDGE('',*,*,#2128,.F.);
#3079=ORIENTED_EDGE('',*,*,#2124,.F.);
#3080=ORIENTED_EDGE('',*,*,#1826,.T.);
#3081=ORIENTED_EDGE('',*,*,#1696,.T.);
#3082=ORIENTED_EDGE('',*,*,#2126,.T.);
#3083=ORIENTED_EDGE('',*,*,#2129,.T.);
#3084=ORIENTED_EDGE('',*,*,#2119,.T.);
#3085=ORIENTED_EDGE('',*,*,#2113,.T.);
#3086=ORIENTED_EDGE('',*,*,#2102,.T.);
#3087=ORIENTED_EDGE('',*,*,#2093,.F.);
#3088=ORIENTED_EDGE('',*,*,#1716,.T.);
#3089=ORIENTED_EDGE('',*,*,#2130,.F.);
#3090=ORIENTED_EDGE('',*,*,#2131,.T.);
#3091=ORIENTED_EDGE('',*,*,#2127,.T.);
#3092=ORIENTED_EDGE('',*,*,#2132,.F.);
#3093=ORIENTED_EDGE('',*,*,#2133,.T.);
#3094=ORIENTED_EDGE('',*,*,#1659,.F.);
#3095=ORIENTED_EDGE('',*,*,#2134,.F.);
#3096=ORIENTED_EDGE('',*,*,#2135,.T.);
#3097=ORIENTED_EDGE('',*,*,#2134,.T.);
#3098=ORIENTED_EDGE('',*,*,#1658,.F.);
#3099=ORIENTED_EDGE('',*,*,#2136,.F.);
#3100=ORIENTED_EDGE('',*,*,#2137,.T.);
#3101=ORIENTED_EDGE('',*,*,#2136,.T.);
#3102=ORIENTED_EDGE('',*,*,#1657,.F.);
#3103=ORIENTED_EDGE('',*,*,#2138,.F.);
#3104=ORIENTED_EDGE('',*,*,#2139,.T.);
#3105=ORIENTED_EDGE('',*,*,#2138,.T.);
#3106=ORIENTED_EDGE('',*,*,#1660,.T.);
#3107=ORIENTED_EDGE('',*,*,#2133,.F.);
#3108=ORIENTED_EDGE('',*,*,#2140,.T.);
#3109=ORIENTED_EDGE('',*,*,#2130,.T.);
#3110=ORIENTED_EDGE('',*,*,#1974,.T.);
#3111=ORIENTED_EDGE('',*,*,#2014,.F.);
#3112=ORIENTED_EDGE('',*,*,#1972,.F.);
#3113=ORIENTED_EDGE('',*,*,#2080,.F.);
#3114=ORIENTED_EDGE('',*,*,#2122,.T.);
#3115=ORIENTED_EDGE('',*,*,#2123,.T.);
#3116=ORIENTED_EDGE('',*,*,#2117,.T.);
#3117=ORIENTED_EDGE('',*,*,#2120,.T.);
#3118=ORIENTED_EDGE('',*,*,#2129,.F.);
#3119=ORIENTED_EDGE('',*,*,#2125,.T.);
#3120=ORIENTED_EDGE('',*,*,#2128,.T.);
#3121=ORIENTED_EDGE('',*,*,#2131,.F.);
#3122=ORIENTED_EDGE('',*,*,#2140,.F.);
#3123=ORIENTED_EDGE('',*,*,#2132,.T.);
#3124=ORIENTED_EDGE('',*,*,#2135,.F.);
#3125=ORIENTED_EDGE('',*,*,#2137,.F.);
#3126=ORIENTED_EDGE('',*,*,#2139,.F.);
#3127=ORIENTED_EDGE('',*,*,#2079,.T.);
#3128=ORIENTED_EDGE('',*,*,#1722,.T.);
#3129=ORIENTED_EDGE('',*,*,#1766,.T.);
#3130=ORIENTED_EDGE('',*,*,#1857,.T.);
#3131=ORIENTED_EDGE('',*,*,#1886,.T.);
#3132=ORIENTED_EDGE('',*,*,#2141,.F.);
#3133=ORIENTED_EDGE('',*,*,#2142,.F.);
#3134=ORIENTED_EDGE('',*,*,#2143,.F.);
#3135=ORIENTED_EDGE('',*,*,#2144,.T.);
#3136=ORIENTED_EDGE('',*,*,#1889,.T.);
#3137=ORIENTED_EDGE('',*,*,#2145,.T.);
#3138=ORIENTED_EDGE('',*,*,#2146,.T.);
#3139=ORIENTED_EDGE('',*,*,#2141,.T.);
#3140=ORIENTED_EDGE('',*,*,#2147,.F.);
#3141=ORIENTED_EDGE('',*,*,#2148,.T.);
#3142=ORIENTED_EDGE('',*,*,#2149,.T.);
#3143=ORIENTED_EDGE('',*,*,#2150,.T.);
#3144=ORIENTED_EDGE('',*,*,#2148,.F.);
#3145=ORIENTED_EDGE('',*,*,#2151,.F.);
#3146=ORIENTED_EDGE('',*,*,#2152,.F.);
#3147=ORIENTED_EDGE('',*,*,#2153,.F.);
#3148=ORIENTED_EDGE('',*,*,#2154,.F.);
#3149=ORIENTED_EDGE('',*,*,#2155,.T.);
#3150=ORIENTED_EDGE('',*,*,#2156,.T.);
#3151=ORIENTED_EDGE('',*,*,#2152,.T.);
#3152=ORIENTED_EDGE('',*,*,#2147,.T.);
#3153=ORIENTED_EDGE('',*,*,#2157,.T.);
#3154=ORIENTED_EDGE('',*,*,#2154,.T.);
#3155=ORIENTED_EDGE('',*,*,#2151,.T.);
#3156=ORIENTED_EDGE('',*,*,#2158,.T.);
#3157=ORIENTED_EDGE('',*,*,#2149,.F.);
#3158=ORIENTED_EDGE('',*,*,#2153,.T.);
#3159=ORIENTED_EDGE('',*,*,#2156,.F.);
#3160=ORIENTED_EDGE('',*,*,#2159,.T.);
#3161=ORIENTED_EDGE('',*,*,#2160,.T.);
#3162=ORIENTED_EDGE('',*,*,#2155,.F.);
#3163=ORIENTED_EDGE('',*,*,#2161,.F.);
#3164=ORIENTED_EDGE('',*,*,#2162,.T.);
#3165=ORIENTED_EDGE('',*,*,#2163,.F.);
#3166=ORIENTED_EDGE('',*,*,#2159,.F.);
#3167=ORIENTED_EDGE('',*,*,#2157,.F.);
#3168=ORIENTED_EDGE('',*,*,#2164,.F.);
#3169=ORIENTED_EDGE('',*,*,#2165,.T.);
#3170=ORIENTED_EDGE('',*,*,#2161,.T.);
#3171=ORIENTED_EDGE('',*,*,#2158,.F.);
#3172=ORIENTED_EDGE('',*,*,#2166,.F.);
#3173=ORIENTED_EDGE('',*,*,#2167,.F.);
#3174=ORIENTED_EDGE('',*,*,#2164,.T.);
#3175=ORIENTED_EDGE('',*,*,#2150,.F.);
#3176=ORIENTED_EDGE('',*,*,#2165,.F.);
#3177=ORIENTED_EDGE('',*,*,#2167,.T.);
#3178=ORIENTED_EDGE('',*,*,#2168,.F.);
#3179=ORIENTED_EDGE('',*,*,#2162,.F.);
#3180=ORIENTED_EDGE('',*,*,#2169,.F.);
#3181=ORIENTED_EDGE('',*,*,#2142,.T.);
#3182=ORIENTED_EDGE('',*,*,#2146,.F.);
#3183=ORIENTED_EDGE('',*,*,#2170,.F.);
#3184=ORIENTED_EDGE('',*,*,#2163,.T.);
#3185=ORIENTED_EDGE('',*,*,#2168,.T.);
#3186=ORIENTED_EDGE('',*,*,#2166,.T.);
#3187=ORIENTED_EDGE('',*,*,#2160,.F.);
#3188=ORIENTED_EDGE('',*,*,#1702,.T.);
#3189=ORIENTED_EDGE('',*,*,#2171,.F.);
#3190=ORIENTED_EDGE('',*,*,#2172,.T.);
#3191=ORIENTED_EDGE('',*,*,#2170,.T.);
#3192=ORIENTED_EDGE('',*,*,#2145,.F.);
#3193=ORIENTED_EDGE('',*,*,#1888,.T.);
#3194=ORIENTED_EDGE('',*,*,#1785,.T.);
#3195=ORIENTED_EDGE('',*,*,#1763,.T.);
#3196=ORIENTED_EDGE('',*,*,#2173,.F.);
#3197=ORIENTED_EDGE('',*,*,#2171,.T.);
#3198=ORIENTED_EDGE('',*,*,#1701,.F.);
#3199=ORIENTED_EDGE('',*,*,#1977,.F.);
#3200=ORIENTED_EDGE('',*,*,#2015,.T.);
#3201=ORIENTED_EDGE('',*,*,#1975,.T.);
#3202=ORIENTED_EDGE('',*,*,#1723,.F.);
#3203=ORIENTED_EDGE('',*,*,#2144,.F.);
#3204=ORIENTED_EDGE('',*,*,#2173,.T.);
#3205=ORIENTED_EDGE('',*,*,#2143,.T.);
#3206=ORIENTED_EDGE('',*,*,#2169,.T.);
#3207=ORIENTED_EDGE('',*,*,#2172,.F.);
#3208=PLANE('',#3521);
#3209=PLANE('',#3522);
#3210=PLANE('',#3523);
#3211=PLANE('',#3524);
#3212=PLANE('',#3525);
#3213=PLANE('',#3526);
#3214=PLANE('',#3528);
#3215=PLANE('',#3530);
#3216=PLANE('',#3534);
#3217=PLANE('',#3536);
#3218=PLANE('',#3538);
#3219=PLANE('',#3542);
#3220=PLANE('',#3549);
#3221=PLANE('',#3550);
#3222=PLANE('',#3551);
#3223=PLANE('',#3552);
#3224=PLANE('',#3553);
#3225=PLANE('',#3554);
#3226=PLANE('',#3555);
#3227=PLANE('',#3556);
#3228=PLANE('',#3562);
#3229=PLANE('',#3566);
#3230=PLANE('',#3571);
#3231=PLANE('',#3573);
#3232=PLANE('',#3578);
#3233=PLANE('',#3581);
#3234=PLANE('',#3586);
#3235=PLANE('',#3589);
#3236=PLANE('',#3591);
#3237=PLANE('',#3597);
#3238=PLANE('',#3598);
#3239=PLANE('',#3599);
#3240=PLANE('',#3600);
#3241=PLANE('',#3601);
#3242=PLANE('',#3603);
#3243=PLANE('',#3604);
#3244=PLANE('',#3605);
#3245=PLANE('',#3612);
#3246=PLANE('',#3613);
#3247=PLANE('',#3614);
#3248=PLANE('',#3615);
#3249=PLANE('',#3616);
#3250=PLANE('',#3617);
#3251=PLANE('',#3618);
#3252=PLANE('',#3619);
#3253=PLANE('',#3620);
#3254=PLANE('',#3621);
#3255=PLANE('',#3622);
#3256=PLANE('',#3623);
#3257=PLANE('',#3624);
#3258=PLANE('',#3637);
#3259=PLANE('',#3638);
#3260=PLANE('',#3639);
#3261=PLANE('',#3640);
#3262=PLANE('',#3641);
#3263=PLANE('',#3642);
#3264=PLANE('',#3643);
#3265=PLANE('',#3644);
#3266=PLANE('',#3645);
#3267=PLANE('',#3646);
#3268=PLANE('',#3647);
#3269=PLANE('',#3648);
#3270=PLANE('',#3649);
#3271=PLANE('',#3659);
#3272=PLANE('',#3660);
#3273=PLANE('',#3661);
#3274=PLANE('',#3662);
#3275=PLANE('',#3663);
#3276=PLANE('',#3664);
#3277=PLANE('',#3665);
#3278=PLANE('',#3666);
#3279=PLANE('',#3667);
#3280=PLANE('',#3668);
#3281=PLANE('',#3669);
#3282=PLANE('',#3670);
#3283=PLANE('',#3671);
#3284=PLANE('',#3672);
#3285=PLANE('',#3673);
#3286=PLANE('',#3674);
#3287=PLANE('',#3675);
#3288=PLANE('',#3676);
#3289=PLANE('',#3677);
#3290=PLANE('',#3678);
#3291=PLANE('',#3679);
#3292=PLANE('',#3680);
#3293=PLANE('',#3682);
#3294=PLANE('',#3688);
#3295=PLANE('',#3689);
#3296=PLANE('',#3690);
#3297=PLANE('',#3691);
#3298=PLANE('',#3696);
#3299=PLANE('',#3697);
#3300=PLANE('',#3698);
#3301=PLANE('',#3699);
#3302=PLANE('',#3700);
#3303=PLANE('',#3701);
#3304=PLANE('',#3702);
#3305=PLANE('',#3703);
#3306=PLANE('',#3704);
#3307=PLANE('',#3705);
#3308=PLANE('',#3706);
#3309=PLANE('',#3707);
#3310=PLANE('',#3709);
#3311=PLANE('',#3715);
#3312=PLANE('',#3716);
#3313=PLANE('',#3717);
#3314=PLANE('',#3718);
#3315=PLANE('',#3725);
#3316=PLANE('',#3726);
#3317=PLANE('',#3727);
#3318=PLANE('',#3728);
#3319=PLANE('',#3729);
#3320=PLANE('',#3730);
#3321=PLANE('',#3731);
#3322=PLANE('',#3732);
#3323=PLANE('',#3733);
#3324=PLANE('',#3734);
#3325=PLANE('',#3735);
#3326=PLANE('',#3736);
#3327=PLANE('',#3737);
#3328=PLANE('',#3738);
#3329=PLANE('',#3739);
#3330=PLANE('',#3740);
#3331=PLANE('',#3741);
#3332=PLANE('',#3742);
#3333=PLANE('',#3743);
#3334=PLANE('',#3744);
#3335=PLANE('',#3745);
#3336=ADVANCED_FACE('',(#157),#3208,.T.);
#3337=ADVANCED_FACE('',(#158),#3209,.F.);
#3338=ADVANCED_FACE('',(#159),#3210,.T.);
#3339=ADVANCED_FACE('',(#160),#3211,.F.);
#3340=ADVANCED_FACE('',(#161),#149,.F.);
#3341=ADVANCED_FACE('',(#162),#3212,.F.);
#3342=ADVANCED_FACE('',(#163),#3213,.T.);
#3343=ADVANCED_FACE('',(#164),#3214,.T.);
#3344=ADVANCED_FACE('',(#165),#3215,.T.);
#3345=ADVANCED_FACE('',(#166),#3216,.T.);
#3346=ADVANCED_FACE('',(#167),#3217,.T.);
#3347=ADVANCED_FACE('',(#168),#3218,.T.);
#3348=ADVANCED_FACE('',(#169),#3219,.T.);
#3349=ADVANCED_FACE('',(#170),#150,.F.);
#3350=ADVANCED_FACE('',(#171),#3220,.F.);
#3351=ADVANCED_FACE('',(#172),#151,.F.);
#3352=ADVANCED_FACE('',(#173),#3221,.F.);
#3353=ADVANCED_FACE('',(#174),#152,.F.);
#3354=ADVANCED_FACE('',(#175),#3222,.T.);
#3355=ADVANCED_FACE('',(#176),#3223,.T.);
#3356=ADVANCED_FACE('',(#177),#3224,.T.);
#3357=ADVANCED_FACE('',(#178),#3225,.T.);
#3358=ADVANCED_FACE('',(#179),#3226,.T.);
#3359=ADVANCED_FACE('',(#180),#3227,.T.);
#3360=ADVANCED_FACE('',(#181),#3228,.T.);
#3361=ADVANCED_FACE('',(#182),#3229,.T.);
#3362=ADVANCED_FACE('',(#183),#56,.F.);
#3363=ADVANCED_FACE('',(#184),#3230,.T.);
#3364=ADVANCED_FACE('',(#185),#3231,.T.);
#3365=ADVANCED_FACE('',(#186),#57,.F.);
#3366=ADVANCED_FACE('',(#187),#3232,.T.);
#3367=ADVANCED_FACE('',(#188),#3233,.T.);
#3368=ADVANCED_FACE('',(#189),#58,.F.);
#3369=ADVANCED_FACE('',(#190),#3234,.T.);
#3370=ADVANCED_FACE('',(#191),#3235,.T.);
#3371=ADVANCED_FACE('',(#192),#3236,.T.);
#3372=ADVANCED_FACE('',(#193),#59,.F.);
#3373=ADVANCED_FACE('',(#194),#3237,.T.);
#3374=ADVANCED_FACE('',(#195),#3238,.T.);
#3375=ADVANCED_FACE('',(#196),#3239,.T.);
#3376=ADVANCED_FACE('',(#197),#3240,.T.);
#3377=ADVANCED_FACE('',(#198),#3241,.T.);
#3378=ADVANCED_FACE('',(#199),#3242,.T.);
#3379=ADVANCED_FACE('',(#200),#3243,.T.);
#3380=ADVANCED_FACE('',(#201,#44),#3244,.F.);
#3381=ADVANCED_FACE('',(#202),#3245,.T.);
#3382=ADVANCED_FACE('',(#203),#3246,.F.);
#3383=ADVANCED_FACE('',(#204),#3247,.F.);
#3384=ADVANCED_FACE('',(#205),#3248,.F.);
#3385=ADVANCED_FACE('',(#206),#3249,.F.);
#3386=ADVANCED_FACE('',(#207),#3250,.F.);
#3387=ADVANCED_FACE('',(#208),#3251,.F.);
#3388=ADVANCED_FACE('',(#209),#3252,.F.);
#3389=ADVANCED_FACE('',(#210),#3253,.T.);
#3390=ADVANCED_FACE('',(#211),#3254,.T.);
#3391=ADVANCED_FACE('',(#212),#3255,.T.);
#3392=ADVANCED_FACE('',(#213),#3256,.T.);
#3393=ADVANCED_FACE('',(#214),#3257,.T.);
#3394=ADVANCED_FACE('',(#215),#60,.T.);
#3395=ADVANCED_FACE('',(#216),#28,.F.);
#3396=ADVANCED_FACE('',(#217),#61,.T.);
#3397=ADVANCED_FACE('',(#218),#29,.F.);
#3398=ADVANCED_FACE('',(#219),#62,.T.);
#3399=ADVANCED_FACE('',(#220),#30,.F.);
#3400=ADVANCED_FACE('',(#221),#63,.T.);
#3401=ADVANCED_FACE('',(#222),#31,.F.);
#3402=ADVANCED_FACE('',(#223),#32,.F.);
#3403=ADVANCED_FACE('',(#224),#3258,.F.);
#3404=ADVANCED_FACE('',(#225),#33,.F.);
#3405=ADVANCED_FACE('',(#226),#3259,.F.);
#3406=ADVANCED_FACE('',(#227,#45),#3260,.T.);
#3407=ADVANCED_FACE('',(#228),#3261,.F.);
#3408=ADVANCED_FACE('',(#229),#3262,.T.);
#3409=ADVANCED_FACE('',(#230),#34,.F.);
#3410=ADVANCED_FACE('',(#231),#3263,.F.);
#3411=ADVANCED_FACE('',(#232),#35,.F.);
#3412=ADVANCED_FACE('',(#233,#46,#47,#48),#3264,.T.);
#3413=ADVANCED_FACE('',(#234),#3265,.T.);
#3414=ADVANCED_FACE('',(#235),#3266,.T.);
#3415=ADVANCED_FACE('',(#236),#3267,.T.);
#3416=ADVANCED_FACE('',(#237),#3268,.T.);
#3417=ADVANCED_FACE('',(#238),#3269,.T.);
#3418=ADVANCED_FACE('',(#239),#3270,.T.);
#3419=ADVANCED_FACE('',(#240),#64,.F.);
#3420=ADVANCED_FACE('',(#241),#65,.F.);
#3421=ADVANCED_FACE('',(#242),#66,.F.);
#3422=ADVANCED_FACE('',(#243),#3271,.T.);
#3423=ADVANCED_FACE('',(#244),#3272,.T.);
#3424=ADVANCED_FACE('',(#245),#3273,.T.);
#3425=ADVANCED_FACE('',(#246),#3274,.T.);
#3426=ADVANCED_FACE('',(#247,#49),#3275,.T.);
#3427=ADVANCED_FACE('',(#248),#3276,.T.);
#3428=ADVANCED_FACE('',(#249),#3277,.T.);
#3429=ADVANCED_FACE('',(#250),#3278,.T.);
#3430=ADVANCED_FACE('',(#251),#3279,.T.);
#3431=ADVANCED_FACE('',(#252,#50),#3280,.T.);
#3432=ADVANCED_FACE('',(#253),#3281,.T.);
#3433=ADVANCED_FACE('',(#254),#3282,.T.);
#3434=ADVANCED_FACE('',(#255),#3283,.T.);
#3435=ADVANCED_FACE('',(#256),#3284,.T.);
#3436=ADVANCED_FACE('',(#257,#51),#3285,.T.);
#3437=ADVANCED_FACE('',(#258,#52,#53,#54),#3286,.F.);
#3438=ADVANCED_FACE('',(#259),#3287,.T.);
#3439=ADVANCED_FACE('',(#260),#3288,.F.);
#3440=ADVANCED_FACE('',(#261),#153,.T.);
#3441=ADVANCED_FACE('',(#262),#3289,.T.);
#3442=ADVANCED_FACE('',(#263),#36,.T.);
#3443=ADVANCED_FACE('',(#264),#3290,.T.);
#3444=ADVANCED_FACE('',(#265),#3291,.T.);
#3445=ADVANCED_FACE('',(#266),#3292,.T.);
#3446=ADVANCED_FACE('',(#267),#37,.T.);
#3447=ADVANCED_FACE('',(#268),#3293,.T.);
#3448=ADVANCED_FACE('',(#269),#67,.T.);
#3449=ADVANCED_FACE('',(#270),#68,.T.);
#3450=ADVANCED_FACE('',(#271),#38,.F.);
#3451=ADVANCED_FACE('',(#272),#3294,.F.);
#3452=ADVANCED_FACE('',(#273),#3295,.F.);
#3453=ADVANCED_FACE('',(#274),#3296,.F.);
#3454=ADVANCED_FACE('',(#275),#3297,.T.);
#3455=ADVANCED_FACE('',(#276),#69,.F.);
#3456=ADVANCED_FACE('',(#277),#70,.F.);
#3457=ADVANCED_FACE('',(#278),#3298,.T.);
#3458=ADVANCED_FACE('',(#279),#3299,.T.);
#3459=ADVANCED_FACE('',(#280),#3300,.T.);
#3460=ADVANCED_FACE('',(#281),#3301,.T.);
#3461=ADVANCED_FACE('',(#282),#39,.T.);
#3462=ADVANCED_FACE('',(#283),#3302,.T.);
#3463=ADVANCED_FACE('',(#284),#3303,.T.);
#3464=ADVANCED_FACE('',(#285),#154,.T.);
#3465=ADVANCED_FACE('',(#286),#3304,.T.);
#3466=ADVANCED_FACE('',(#287),#3305,.F.);
#3467=ADVANCED_FACE('',(#288),#155,.T.);
#3468=ADVANCED_FACE('',(#289),#3306,.T.);
#3469=ADVANCED_FACE('',(#290),#40,.T.);
#3470=ADVANCED_FACE('',(#291),#3307,.T.);
#3471=ADVANCED_FACE('',(#292),#3308,.T.);
#3472=ADVANCED_FACE('',(#293),#3309,.T.);
#3473=ADVANCED_FACE('',(#294),#41,.T.);
#3474=ADVANCED_FACE('',(#295),#3310,.T.);
#3475=ADVANCED_FACE('',(#296),#71,.T.);
#3476=ADVANCED_FACE('',(#297),#72,.T.);
#3477=ADVANCED_FACE('',(#298),#42,.F.);
#3478=ADVANCED_FACE('',(#299),#3311,.F.);
#3479=ADVANCED_FACE('',(#300),#3312,.F.);
#3480=ADVANCED_FACE('',(#301),#3313,.F.);
#3481=ADVANCED_FACE('',(#302),#3314,.T.);
#3482=ADVANCED_FACE('',(#303),#156,.T.);
#3483=ADVANCED_FACE('',(#304),#73,.F.);
#3484=ADVANCED_FACE('',(#305),#74,.F.);
#3485=ADVANCED_FACE('',(#306),#3315,.T.);
#3486=ADVANCED_FACE('',(#307),#3316,.T.);
#3487=ADVANCED_FACE('',(#308),#3317,.T.);
#3488=ADVANCED_FACE('',(#309),#43,.T.);
#3489=ADVANCED_FACE('',(#310),#3318,.T.);
#3490=ADVANCED_FACE('',(#311),#3319,.T.);
#3491=ADVANCED_FACE('',(#312),#3320,.T.);
#3492=ADVANCED_FACE('',(#313),#3321,.T.);
#3493=ADVANCED_FACE('',(#314),#3322,.T.);
#3494=ADVANCED_FACE('',(#315),#3323,.T.);
#3495=ADVANCED_FACE('',(#316),#3324,.F.);
#3496=ADVANCED_FACE('',(#317),#3325,.T.);
#3497=ADVANCED_FACE('',(#318),#3326,.T.);
#3498=ADVANCED_FACE('',(#319),#3327,.T.);
#3499=ADVANCED_FACE('',(#320),#3328,.F.);
#3500=ADVANCED_FACE('',(#321),#3329,.F.);
#3501=ADVANCED_FACE('',(#322),#3330,.F.);
#3502=ADVANCED_FACE('',(#323),#3331,.F.);
#3503=ADVANCED_FACE('',(#324,#55),#3332,.T.);
#3504=ADVANCED_FACE('',(#325),#3333,.T.);
#3505=ADVANCED_FACE('',(#326),#3334,.T.);
#3506=ADVANCED_FACE('',(#327),#3335,.T.);
#3507=CLOSED_SHELL('',(#3336,#3337,#3338,#3339,#3340,#3341,#3342,#3343,
#3344,#3345,#3346,#3347,#3348,#3349,#3350,#3351,#3352,#3353,#3354,#3355,
#3356,#3357,#3358,#3359,#3360,#3361,#3362,#3363,#3364,#3365,#3366,#3367,
#3368,#3369,#3370,#3371,#3372,#3373,#3374,#3375,#3376,#3377,#3378,#3379,
#3380,#3381,#3382,#3383,#3384,#3385,#3386,#3387,#3388,#3389,#3390,#3391,
#3392,#3393,#3394,#3395,#3396,#3397,#3398,#3399,#3400,#3401,#3402,#3403,
#3404,#3405,#3406,#3407,#3408,#3409,#3410,#3411,#3412,#3413,#3414,#3415,
#3416,#3417,#3418,#3419,#3420,#3421,#3422,#3423,#3424,#3425,#3426,#3427,
#3428,#3429,#3430,#3431,#3432,#3433,#3434,#3435,#3436,#3437,#3438,#3439,
#3440,#3441,#3442,#3443,#3444,#3445,#3446,#3447,#3448,#3449,#3450,#3451,
#3452,#3453,#3454,#3455,#3456,#3457,#3458,#3459,#3460,#3461,#3462,#3463,
#3464,#3465,#3466,#3467,#3468,#3469,#3470,#3471,#3472,#3473,#3474,#3475,
#3476,#3477,#3478,#3479,#3480,#3481,#3482,#3483,#3484,#3485,#3486,#3487,
#3488,#3489,#3490,#3491,#3492,#3493,#3494,#3495,#3496,#3497,#3498,#3499,
#3500,#3501,#3502,#3503,#3504,#3505,#3506));
#3508=DERIVED_UNIT_ELEMENT(#3510,1.);
#3509=DERIVED_UNIT_ELEMENT(#6764,-3.);
#3510=(
MASS_UNIT()
NAMED_UNIT(*)
SI_UNIT(.KILO.,.GRAM.)
);
#3511=DERIVED_UNIT((#3508,#3509));
#3512=MEASURE_REPRESENTATION_ITEM('density measure',
POSITIVE_RATIO_MEASURE(7850.),#3511);
#3513=PROPERTY_DEFINITION_REPRESENTATION(#3518,#3515);
#3514=PROPERTY_DEFINITION_REPRESENTATION(#3519,#3516);
#3515=REPRESENTATION('material name',(#3517),#6761);
#3516=REPRESENTATION('density',(#3512),#6761);
#3517=DESCRIPTIVE_REPRESENTATION_ITEM('Steel','Steel');
#3518=PROPERTY_DEFINITION('material property','material name',#6771);
#3519=PROPERTY_DEFINITION('material property','density of part',#6771);
#3520=AXIS2_PLACEMENT_3D('',#4573,#3746,#3747);
#3521=AXIS2_PLACEMENT_3D('',#4574,#3748,#3749);
#3522=AXIS2_PLACEMENT_3D('',#4589,#3753,#3754);
#3523=AXIS2_PLACEMENT_3D('',#4602,#3761,#3762);
#3524=AXIS2_PLACEMENT_3D('',#4620,#3766,#3767);
#3525=AXIS2_PLACEMENT_3D('',#4672,#3774,#3775);
#3526=AXIS2_PLACEMENT_3D('',#4715,#3782,#3783);
#3527=AXIS2_PLACEMENT_3D('',#4720,#3786,#3787);
#3528=AXIS2_PLACEMENT_3D('',#4721,#3788,#3789);
#3529=AXIS2_PLACEMENT_3D('',#4726,#3792,#3793);
#3530=AXIS2_PLACEMENT_3D('',#4727,#3794,#3795);
#3531=AXIS2_PLACEMENT_3D('',#4740,#3801,#3802);
#3532=AXIS2_PLACEMENT_3D('',#4742,#3803,#3804);
#3533=AXIS2_PLACEMENT_3D('',#4745,#3806,#3807);
#3534=AXIS2_PLACEMENT_3D('',#4746,#3808,#3809);
#3535=AXIS2_PLACEMENT_3D('',#4753,#3812,#3813);
#3536=AXIS2_PLACEMENT_3D('',#4755,#3815,#3816);
#3537=AXIS2_PLACEMENT_3D('',#4762,#3819,#3820);
#3538=AXIS2_PLACEMENT_3D('',#4764,#3822,#3823);
#3539=AXIS2_PLACEMENT_3D('',#4769,#3825,#3826);
#3540=AXIS2_PLACEMENT_3D('',#4773,#3828,#3829);
#3541=AXIS2_PLACEMENT_3D('',#4775,#3830,#3831);
#3542=AXIS2_PLACEMENT_3D('',#4783,#3836,#3837);
#3543=AXIS2_PLACEMENT_3D('',#4796,#3843,#3844);
#3544=AXIS2_PLACEMENT_3D('',#4800,#3846,#3847);
#3545=AXIS2_PLACEMENT_3D('',#4802,#3848,#3849);
#3546=AXIS2_PLACEMENT_3D('',#4806,#3851,#3852);
#3547=AXIS2_PLACEMENT_3D('',#4808,#3853,#3854);
#3548=AXIS2_PLACEMENT_3D('',#4811,#3856,#3857);
#3549=AXIS2_PLACEMENT_3D('',#4846,#3859,#3860);
#3550=AXIS2_PLACEMENT_3D('',#4884,#3865,#3866);
#3551=AXIS2_PLACEMENT_3D('',#4933,#3872,#3873);
#3552=AXIS2_PLACEMENT_3D('',#4937,#3876,#3877);
#3553=AXIS2_PLACEMENT_3D('',#4941,#3880,#3881);
#3554=AXIS2_PLACEMENT_3D('',#4945,#3884,#3885);
#3555=AXIS2_PLACEMENT_3D('',#4951,#3889,#3890);
#3556=AXIS2_PLACEMENT_3D('',#4957,#3894,#3895);
#3557=AXIS2_PLACEMENT_3D('',#4959,#3896,#3897);
#3558=AXIS2_PLACEMENT_3D('',#4963,#3899,#3900);
#3559=AXIS2_PLACEMENT_3D('',#4967,#3902,#3903);
#3560=AXIS2_PLACEMENT_3D('',#4971,#3905,#3906);
#3561=AXIS2_PLACEMENT_3D('',#4972,#3907,#3908);
#3562=AXIS2_PLACEMENT_3D('',#4980,#3913,#3914);
#3563=AXIS2_PLACEMENT_3D('',#4982,#3915,#3916);
#3564=AXIS2_PLACEMENT_3D('',#4984,#3917,#3918);
#3565=AXIS2_PLACEMENT_3D('',#4987,#3920,#3921);
#3566=AXIS2_PLACEMENT_3D('',#4995,#3926,#3927);
#3567=AXIS2_PLACEMENT_3D('',#5000,#3929,#3930);
#3568=AXIS2_PLACEMENT_3D('',#5002,#3931,#3932);
#3569=AXIS2_PLACEMENT_3D('',#5004,#3934,#3935);
#3570=AXIS2_PLACEMENT_3D('',#5010,#3939,#3940);
#3571=AXIS2_PLACEMENT_3D('',#5012,#3942,#3943);
#3572=AXIS2_PLACEMENT_3D('',#5017,#3945,#3946);
#3573=AXIS2_PLACEMENT_3D('',#5019,#3948,#3949);
#3574=AXIS2_PLACEMENT_3D('',#5024,#3951,#3952);
#3575=AXIS2_PLACEMENT_3D('',#5026,#3953,#3954);
#3576=AXIS2_PLACEMENT_3D('',#5028,#3956,#3957);
#3577=AXIS2_PLACEMENT_3D('',#5034,#3961,#3962);
#3578=AXIS2_PLACEMENT_3D('',#5037,#3965,#3966);
#3579=AXIS2_PLACEMENT_3D('',#5042,#3968,#3969);
#3580=AXIS2_PLACEMENT_3D('',#5044,#3970,#3971);
#3581=AXIS2_PLACEMENT_3D('',#5046,#3973,#3974);
#3582=AXIS2_PLACEMENT_3D('',#5051,#3976,#3977);
#3583=AXIS2_PLACEMENT_3D('',#5053,#3978,#3979);
#3584=AXIS2_PLACEMENT_3D('',#5055,#3981,#3982);
#3585=AXIS2_PLACEMENT_3D('',#5061,#3986,#3987);
#3586=AXIS2_PLACEMENT_3D('',#5064,#3990,#3991);
#3587=AXIS2_PLACEMENT_3D('',#5069,#3993,#3994);
#3588=AXIS2_PLACEMENT_3D('',#5071,#3995,#3996);
#3589=AXIS2_PLACEMENT_3D('',#5073,#3998,#3999);
#3590=AXIS2_PLACEMENT_3D('',#5078,#4001,#4002);
#3591=AXIS2_PLACEMENT_3D('',#5080,#4004,#4005);
#3592=AXIS2_PLACEMENT_3D('',#5085,#4007,#4008);
#3593=AXIS2_PLACEMENT_3D('',#5087,#4009,#4010);
#3594=AXIS2_PLACEMENT_3D('',#5089,#4012,#4013);
#3595=AXIS2_PLACEMENT_3D('',#5092,#4015,#4016);
#3596=AXIS2_PLACEMENT_3D('',#5097,#4019,#4020);
#3597=AXIS2_PLACEMENT_3D('',#5099,#4022,#4023);
#3598=AXIS2_PLACEMENT_3D('',#5100,#4024,#4025);
#3599=AXIS2_PLACEMENT_3D('',#5109,#4031,#4032);
#3600=AXIS2_PLACEMENT_3D('',#5113,#4035,#4036);
#3601=AXIS2_PLACEMENT_3D('',#5124,#4043,#4044);
#3602=AXIS2_PLACEMENT_3D('',#5132,#4049,#4050);
#3603=AXIS2_PLACEMENT_3D('',#5133,#4051,#4052);
#3604=AXIS2_PLACEMENT_3D('',#5135,#4054,#4055);
#3605=AXIS2_PLACEMENT_3D('',#5142,#4060,#4061);
#3606=AXIS2_PLACEMENT_3D('',#5146,#4063,#4064);
#3607=AXIS2_PLACEMENT_3D('',#5147,#4065,#4066);
#3608=AXIS2_PLACEMENT_3D('',#5149,#4067,#4068);
#3609=AXIS2_PLACEMENT_3D('',#5151,#4069,#4070);
#3610=AXIS2_PLACEMENT_3D('',#5155,#4073,#4074);
#3611=AXIS2_PLACEMENT_3D('',#5159,#4076,#4077);
#3612=AXIS2_PLACEMENT_3D('',#5174,#4086,#4087);
#3613=AXIS2_PLACEMENT_3D('',#5176,#4089,#4090);
#3614=AXIS2_PLACEMENT_3D('',#5178,#4092,#4093);
#3615=AXIS2_PLACEMENT_3D('',#5180,#4095,#4096);
#3616=AXIS2_PLACEMENT_3D('',#5187,#4101,#4102);
#3617=AXIS2_PLACEMENT_3D('',#5189,#4104,#4105);
#3618=AXIS2_PLACEMENT_3D('',#5202,#4108,#4109);
#3619=AXIS2_PLACEMENT_3D('',#5204,#4111,#4112);
#3620=AXIS2_PLACEMENT_3D('',#5205,#4113,#4114);
#3621=AXIS2_PLACEMENT_3D('',#5207,#4116,#4117);
#3622=AXIS2_PLACEMENT_3D('',#5209,#4119,#4120);
#3623=AXIS2_PLACEMENT_3D('',#5214,#4124,#4125);
#3624=AXIS2_PLACEMENT_3D('',#5218,#4129,#4130);
#3625=AXIS2_PLACEMENT_3D('',#5269,#4137,#4138);
#3626=AXIS2_PLACEMENT_3D('',#5272,#4139,#4140);
#3627=AXIS2_PLACEMENT_3D('',#5276,#4142,#4143);
#3628=AXIS2_PLACEMENT_3D('',#5310,#4145,#4146);
#3629=AXIS2_PLACEMENT_3D('',#5323,#4147,#4148);
#3630=AXIS2_PLACEMENT_3D('',#5326,#4149,#4150);
#3631=AXIS2_PLACEMENT_3D('',#5361,#4153,#4154);
#3632=AXIS2_PLACEMENT_3D('',#5374,#4155,#4156);
#3633=AXIS2_PLACEMENT_3D('',#5377,#4157,#4158);
#3634=AXIS2_PLACEMENT_3D('',#5412,#4161,#4162);
#3635=AXIS2_PLACEMENT_3D('',#5425,#4163,#4164);
#3636=AXIS2_PLACEMENT_3D('',#5428,#4165,#4166);
#3637=AXIS2_PLACEMENT_3D('',#5508,#4171,#4172);
#3638=AXIS2_PLACEMENT_3D('',#5545,#4176,#4177);
#3639=AXIS2_PLACEMENT_3D('',#5547,#4179,#4180);
#3640=AXIS2_PLACEMENT_3D('',#5553,#4184,#4185);
#3641=AXIS2_PLACEMENT_3D('',#5555,#4187,#4188);
#3642=AXIS2_PLACEMENT_3D('',#5578,#4191,#4192);
#3643=AXIS2_PLACEMENT_3D('',#5600,#4194,#4195);
#3644=AXIS2_PLACEMENT_3D('',#5627,#4210,#4211);
#3645=AXIS2_PLACEMENT_3D('',#5629,#4213,#4214);
#3646=AXIS2_PLACEMENT_3D('',#5631,#4216,#4217);
#3647=AXIS2_PLACEMENT_3D('',#5635,#4220,#4221);
#3648=AXIS2_PLACEMENT_3D('',#5641,#4225,#4226);
#3649=AXIS2_PLACEMENT_3D('',#5647,#4230,#4231);
#3650=AXIS2_PLACEMENT_3D('',#5651,#4234,#4235);
#3651=AXIS2_PLACEMENT_3D('',#5653,#4236,#4237);
#3652=AXIS2_PLACEMENT_3D('',#5656,#4239,#4240);
#3653=AXIS2_PLACEMENT_3D('',#5657,#4241,#4242);
#3654=AXIS2_PLACEMENT_3D('',#5659,#4243,#4244);
#3655=AXIS2_PLACEMENT_3D('',#5662,#4246,#4247);
#3656=AXIS2_PLACEMENT_3D('',#5663,#4248,#4249);
#3657=AXIS2_PLACEMENT_3D('',#5665,#4250,#4251);
#3658=AXIS2_PLACEMENT_3D('',#5668,#4253,#4254);
#3659=AXIS2_PLACEMENT_3D('',#5669,#4255,#4256);
#3660=AXIS2_PLACEMENT_3D('',#5675,#4260,#4261);
#3661=AXIS2_PLACEMENT_3D('',#5679,#4264,#4265);
#3662=AXIS2_PLACEMENT_3D('',#5683,#4268,#4269);
#3663=AXIS2_PLACEMENT_3D('',#5685,#4271,#4272);
#3664=AXIS2_PLACEMENT_3D('',#5686,#4273,#4274);
#3665=AXIS2_PLACEMENT_3D('',#5692,#4278,#4279);
#3666=AXIS2_PLACEMENT_3D('',#5696,#4282,#4283);
#3667=AXIS2_PLACEMENT_3D('',#5700,#4286,#4287);
#3668=AXIS2_PLACEMENT_3D('',#5702,#4289,#4290);
#3669=AXIS2_PLACEMENT_3D('',#5703,#4291,#4292);
#3670=AXIS2_PLACEMENT_3D('',#5709,#4296,#4297);
#3671=AXIS2_PLACEMENT_3D('',#5713,#4300,#4301);
#3672=AXIS2_PLACEMENT_3D('',#5717,#4304,#4305);
#3673=AXIS2_PLACEMENT_3D('',#5719,#4307,#4308);
#3674=AXIS2_PLACEMENT_3D('',#5720,#4309,#4310);
#3675=AXIS2_PLACEMENT_3D('',#5724,#4314,#4315);
#3676=AXIS2_PLACEMENT_3D('',#5730,#4319,#4320);
#3677=AXIS2_PLACEMENT_3D('',#5771,#4321,#4322);
#3678=AXIS2_PLACEMENT_3D('',#5829,#4327,#4328);
#3679=AXIS2_PLACEMENT_3D('',#5833,#4331,#4332);
#3680=AXIS2_PLACEMENT_3D('',#5847,#4335,#4336);
#3681=AXIS2_PLACEMENT_3D('',#5851,#4338,#4339);
#3682=AXIS2_PLACEMENT_3D('',#5912,#4341,#4342);
#3683=AXIS2_PLACEMENT_3D('',#5916,#4344,#4345);
#3684=AXIS2_PLACEMENT_3D('',#5918,#4347,#4348);
#3685=AXIS2_PLACEMENT_3D('',#5922,#4350,#4351);
#3686=AXIS2_PLACEMENT_3D('',#5924,#4353,#4354);
#3687=AXIS2_PLACEMENT_3D('',#5928,#4356,#4357);
#3688=AXIS2_PLACEMENT_3D('',#5986,#4359,#4360);
#3689=AXIS2_PLACEMENT_3D('',#6072,#4365,#4366);
#3690=AXIS2_PLACEMENT_3D('',#6073,#4367,#4368);
#3691=AXIS2_PLACEMENT_3D('',#6074,#4369,#4370);
#3692=AXIS2_PLACEMENT_3D('',#6080,#4374,#4375);
#3693=AXIS2_PLACEMENT_3D('',#6084,#4378,#4379);
#3694=AXIS2_PLACEMENT_3D('',#6085,#4380,#4381);
#3695=AXIS2_PLACEMENT_3D('',#6089,#4384,#4385);
#3696=AXIS2_PLACEMENT_3D('',#6090,#4386,#4387);
#3697=AXIS2_PLACEMENT_3D('',#6094,#4390,#4391);
#3698=AXIS2_PLACEMENT_3D('',#6125,#4397,#4398);
#3699=AXIS2_PLACEMENT_3D('',#6127,#4400,#4401);
#3700=AXIS2_PLACEMENT_3D('',#6151,#4405,#4406);
#3701=AXIS2_PLACEMENT_3D('',#6153,#4408,#4409);
#3702=AXIS2_PLACEMENT_3D('',#6174,#4410,#4411);
#3703=AXIS2_PLACEMENT_3D('',#6180,#4415,#4416);
#3704=AXIS2_PLACEMENT_3D('',#6227,#4417,#4418);
#3705=AXIS2_PLACEMENT_3D('',#6315,#4423,#4424);
#3706=AXIS2_PLACEMENT_3D('',#6319,#4427,#4428);
#3707=AXIS2_PLACEMENT_3D('',#6341,#4431,#4432);
#3708=AXIS2_PLACEMENT_3D('',#6345,#4434,#4435);
#3709=AXIS2_PLACEMENT_3D('',#6446,#4437,#4438);
#3710=AXIS2_PLACEMENT_3D('',#6450,#4440,#4441);
#3711=AXIS2_PLACEMENT_3D('',#6452,#4443,#4444);
#3712=AXIS2_PLACEMENT_3D('',#6456,#4446,#4447);
#3713=AXIS2_PLACEMENT_3D('',#6458,#4449,#4450);
#3714=AXIS2_PLACEMENT_3D('',#6462,#4452,#4453);
#3715=AXIS2_PLACEMENT_3D('',#6511,#4455,#4456);
#3716=AXIS2_PLACEMENT_3D('',#6513,#4458,#4459);
#3717=AXIS2_PLACEMENT_3D('',#6515,#4461,#4462);
#3718=AXIS2_PLACEMENT_3D('',#6596,#4465,#4466);
#3719=AXIS2_PLACEMENT_3D('',#6634,#4471,#4472);
#3720=AXIS2_PLACEMENT_3D('',#6637,#4474,#4475);
#3721=AXIS2_PLACEMENT_3D('',#6638,#4476,#4477);
#3722=AXIS2_PLACEMENT_3D('',#6639,#4478,#4479);
#3723=AXIS2_PLACEMENT_3D('',#6643,#4481,#4482);
#3724=AXIS2_PLACEMENT_3D('',#6647,#4485,#4486);
#3725=AXIS2_PLACEMENT_3D('',#6648,#4487,#4488);
#3726=AXIS2_PLACEMENT_3D('',#6650,#4490,#4491);
#3727=AXIS2_PLACEMENT_3D('',#6654,#4494,#4495);
#3728=AXIS2_PLACEMENT_3D('',#6683,#4500,#4501);
#3729=AXIS2_PLACEMENT_3D('',#6687,#4504,#4505);
#3730=AXIS2_PLACEMENT_3D('',#6690,#4508,#4509);
#3731=AXIS2_PLACEMENT_3D('',#6691,#4510,#4511);
#3732=AXIS2_PLACEMENT_3D('',#6699,#4516,#4517);
#3733=AXIS2_PLACEMENT_3D('',#6703,#4520,#4521);
#3734=AXIS2_PLACEMENT_3D('',#6712,#4526,#4527);
#3735=AXIS2_PLACEMENT_3D('',#6718,#4531,#4532);
#3736=AXIS2_PLACEMENT_3D('',#6724,#4536,#4537);
#3737=AXIS2_PLACEMENT_3D('',#6726,#4539,#4540);
#3738=AXIS2_PLACEMENT_3D('',#6732,#4544,#4545);
#3739=AXIS2_PLACEMENT_3D('',#6738,#4549,#4550);
#3740=AXIS2_PLACEMENT_3D('',#6742,#4553,#4554);
#3741=AXIS2_PLACEMENT_3D('',#6746,#4557,#4558);
#3742=AXIS2_PLACEMENT_3D('',#6748,#4560,#4561);
#3743=AXIS2_PLACEMENT_3D('',#6752,#4564,#4565);
#3744=AXIS2_PLACEMENT_3D('',#6756,#4568,#4569);
#3745=AXIS2_PLACEMENT_3D('',#6758,#4571,#4572);
#3746=DIRECTION('axis',(0.,0.,1.));
#3747=DIRECTION('refdir',(1.,0.,0.));
#3748=DIRECTION('center_axis',(0.,0.,1.));
#3749=DIRECTION('ref_axis',(-1.,0.,0.));
#3750=DIRECTION('',(-0.309016994374949,-0.951056516295153,0.));
#3751=DIRECTION('',(0.309016994374948,-0.951056516295153,0.));
#3752=DIRECTION('',(0.,-1.,0.));
#3753=DIRECTION('center_axis',(-0.951056516295154,-0.309016994374948,0.));
#3754=DIRECTION('ref_axis',(-0.309016994374948,0.951056516295153,0.));
#3755=DIRECTION('',(0.295241808844327,-0.908660854566026,0.295241808844328));
#3756=DIRECTION('',(0.309016994374948,-0.951056516295153,0.));
#3757=DIRECTION('',(0.,0.,-1.));
#3758=DIRECTION('',(-0.309016994374948,0.951056516295153,0.));
#3759=DIRECTION('',(0.,0.,1.));
#3760=DIRECTION('',(-0.309016994374948,0.951056516295153,0.));
#3761=DIRECTION('center_axis',(0.,0.,1.));
#3762=DIRECTION('ref_axis',(-1.,0.,0.));
#3763=DIRECTION('',(0.309016994374947,0.951056516295154,0.));
#3764=DIRECTION('',(-0.309016994374948,0.951056516295153,0.));
#3765=DIRECTION('',(-3.16644639079444E-16,1.,0.));
#3766=DIRECTION('center_axis',(0.951056516295154,0.309016994374947,0.));
#3767=DIRECTION('ref_axis',(0.309016994374947,-0.951056516295154,0.));
#3768=DIRECTION('',(-0.295241808844326,0.908660854566026,0.295241808844326));
#3769=DIRECTION('',(-0.309016994374947,0.951056516295154,0.));
#3770=DIRECTION('',(0.,0.,-1.));
#3771=DIRECTION('',(0.309016994374947,-0.951056516295154,0.));
#3772=DIRECTION('',(0.,0.,1.));
#3773=DIRECTION('',(0.309016994374947,-0.951056516295154,0.));
#3774=DIRECTION('center_axis',(1.,0.,0.));
#3775=DIRECTION('ref_axis',(0.,1.,0.));
#3776=DIRECTION('',(0.,-1.,0.));
#3777=DIRECTION('',(0.,-1.,0.));
#3778=DIRECTION('',(0.,0.,-1.));
#3779=DIRECTION('',(0.,1.,0.));
#3780=DIRECTION('',(0.,0.,-1.));
#3781=DIRECTION('',(0.,-1.,0.));
#3782=DIRECTION('center_axis',(0.,0.,1.));
#3783=DIRECTION('ref_axis',(1.,0.,0.));
#3784=DIRECTION('',(-0.309016994374947,0.951056516295154,0.));
#3785=DIRECTION('',(-3.25136742925939E-16,1.,0.));
#3786=DIRECTION('center_axis',(0.,0.,-1.));
#3787=DIRECTION('ref_axis',(-1.,0.,0.));
#3788=DIRECTION('center_axis',(0.,0.,1.));
#3789=DIRECTION('ref_axis',(1.,0.,0.));
#3790=DIRECTION('',(0.309016994374948,-0.951056516295153,0.));
#3791=DIRECTION('',(0.,-1.,0.));
#3792=DIRECTION('center_axis',(0.,0.,-1.));
#3793=DIRECTION('ref_axis',(-1.,0.,0.));
#3794=DIRECTION('center_axis',(0.,0.,1.));
#3795=DIRECTION('ref_axis',(1.,0.,0.));
#3796=DIRECTION('',(0.309016994374947,0.951056516295154,0.));
#3797=DIRECTION('',(0.886133435119707,-0.463430183698633,0.));
#3798=DIRECTION('',(1.,0.,0.));
#3799=DIRECTION('',(-0.730738411988263,-0.682657581254959,0.));
#3800=DIRECTION('',(-1.,0.,0.));
#3801=DIRECTION('center_axis',(0.,0.,-1.));
#3802=DIRECTION('ref_axis',(-1.,0.,0.));
#3803=DIRECTION('center_axis',(0.,0.,-1.));
#3804=DIRECTION('ref_axis',(-1.,0.,0.));
#3805=DIRECTION('',(-0.886133435119707,0.463430183698633,0.));
#3806=DIRECTION('center_axis',(0.,0.,-1.));
#3807=DIRECTION('ref_axis',(-1.,0.,0.));
#3808=DIRECTION('center_axis',(0.,0.,1.));
#3809=DIRECTION('ref_axis',(1.,0.,0.));
#3810=DIRECTION('',(-0.309016994374947,-0.951056516295154,0.));
#3811=DIRECTION('',(0.309016994374947,0.951056516295154,0.));
#3812=DIRECTION('center_axis',(0.,0.,-1.));
#3813=DIRECTION('ref_axis',(-1.,0.,0.));
#3814=DIRECTION('',(-3.25136742925939E-16,1.,0.));
#3815=DIRECTION('center_axis',(0.,0.,1.));
#3816=DIRECTION('ref_axis',(1.,0.,0.));
#3817=DIRECTION('',(0.309016994374949,0.951056516295153,0.));
#3818=DIRECTION('',(-0.309016994374949,-0.951056516295153,0.));
#3819=DIRECTION('center_axis',(0.,0.,-1.));
#3820=DIRECTION('ref_axis',(-1.,0.,0.));
#3821=DIRECTION('',(0.,-1.,0.));
#3822=DIRECTION('center_axis',(0.,0.,1.));
#3823=DIRECTION('ref_axis',(1.,0.,0.));
#3824=DIRECTION('',(0.309016994374948,-0.951056516295153,0.));
#3825=DIRECTION('center_axis',(0.,0.,-1.));
#3826=DIRECTION('ref_axis',(-1.,0.,0.));
#3827=DIRECTION('',(-0.885831535280155,-0.464006994670558,0.));
#3828=DIRECTION('center_axis',(0.,0.,-1.));
#3829=DIRECTION('ref_axis',(-1.,0.,0.));
#3830=DIRECTION('center_axis',(0.,0.,-1.));
#3831=DIRECTION('ref_axis',(-1.,0.,0.));
#3832=DIRECTION('',(-1.,0.,0.));
#3833=DIRECTION('',(-0.730738411988271,0.682657581254951,0.));
#3834=DIRECTION('',(1.,0.,0.));
#3835=DIRECTION('',(0.885831535280155,0.464006994670558,0.));
#3836=DIRECTION('center_axis',(0.,0.,1.));
#3837=DIRECTION('ref_axis',(1.,0.,0.));
#3838=DIRECTION('',(-0.309016994374949,-0.951056516295153,0.));
#3839=DIRECTION('',(-0.885831536830324,0.464006991711144,0.));
#3840=DIRECTION('',(-1.,4.32472744143026E-16,0.));
#3841=DIRECTION('',(-0.885528776943931,-0.464584529665147,0.));
#3842=DIRECTION('',(-0.309016994374947,0.951056516295154,0.));
#3843=DIRECTION('center_axis',(0.,0.,-1.));
#3844=DIRECTION('ref_axis',(-1.,0.,0.));
#3845=DIRECTION('',(0.885528776943931,0.464584529665147,0.));
#3846=DIRECTION('center_axis',(0.,0.,-1.));
#3847=DIRECTION('ref_axis',(-1.,0.,0.));
#3848=DIRECTION('center_axis',(0.,0.,-1.));
#3849=DIRECTION('ref_axis',(-1.,0.,0.));
#3850=DIRECTION('',(1.,-5.24832702550074E-16,0.));
#3851=DIRECTION('center_axis',(0.,0.,-1.));
#3852=DIRECTION('ref_axis',(-1.,0.,0.));
#3853=DIRECTION('center_axis',(0.,0.,-1.));
#3854=DIRECTION('ref_axis',(-1.,0.,0.));
#3855=DIRECTION('',(0.885831536830324,-0.464006991711144,0.));
#3856=DIRECTION('center_axis',(0.,0.,-1.));
#3857=DIRECTION('ref_axis',(-1.,0.,0.));
#3858=DIRECTION('',(0.,0.,-1.));
#3859=DIRECTION('center_axis',(-0.951056516295153,0.309016994374949,0.));
#3860=DIRECTION('ref_axis',(0.309016994374949,0.951056516295153,0.));
#3861=DIRECTION('',(-0.295241808844328,-0.908660854566025,-0.295241808844329));
#3862=DIRECTION('',(0.,0.,-1.));
#3863=DIRECTION('',(0.309016994374949,0.951056516295153,0.));
#3864=DIRECTION('',(-0.309016994374949,-0.951056516295153,0.));
#3865=DIRECTION('center_axis',(0.951056516295154,-0.309016994374947,0.));
#3866=DIRECTION('ref_axis',(-0.309016994374947,-0.951056516295154,0.));
#3867=DIRECTION('',(0.295241808844326,0.908660854566026,-0.295241808844327));
#3868=DIRECTION('',(0.,0.,-1.));
#3869=DIRECTION('',(-0.309016994374947,-0.951056516295154,0.));
#3870=DIRECTION('',(0.,0.,-1.));
#3871=DIRECTION('',(0.309016994374947,0.951056516295154,0.));
#3872=DIRECTION('center_axis',(1.,0.,0.));
#3873=DIRECTION('ref_axis',(0.,1.,0.));
#3874=DIRECTION('',(0.,0.,1.));
#3875=DIRECTION('',(0.,1.,0.));
#3876=DIRECTION('center_axis',(-1.,-3.25136742925939E-16,0.));
#3877=DIRECTION('ref_axis',(3.25136742925939E-16,-1.,0.));
#3878=DIRECTION('',(3.25136742925939E-16,-1.,0.));
#3879=DIRECTION('',(0.,0.,-1.));
#3880=DIRECTION('center_axis',(-1.,-3.25136742925939E-16,0.));
#3881=DIRECTION('ref_axis',(3.25136742925939E-16,-1.,0.));
#3882=DIRECTION('',(0.,0.,1.));
#3883=DIRECTION('',(3.25136742925939E-16,-1.,0.));
#3884=DIRECTION('center_axis',(0.,-1.,0.));
#3885=DIRECTION('ref_axis',(1.,0.,0.));
#3886=DIRECTION('',(0.,0.,-1.));
#3887=DIRECTION('',(1.,0.,0.));
#3888=DIRECTION('',(0.,0.,-1.));
#3889=DIRECTION('center_axis',(0.,-1.,0.));
#3890=DIRECTION('ref_axis',(1.,0.,0.));
#3891=DIRECTION('',(0.,0.,1.));
#3892=DIRECTION('',(0.,0.,1.));
#3893=DIRECTION('',(1.,0.,0.));
#3894=DIRECTION('center_axis',(0.,0.,1.));
#3895=DIRECTION('ref_axis',(1.,0.,0.));
#3896=DIRECTION('center_axis',(0.,0.,-1.));
#3897=DIRECTION('ref_axis',(-1.,0.,0.));
#3898=DIRECTION('',(-0.885831536830324,0.464006991711144,0.));
#3899=DIRECTION('center_axis',(0.,0.,-1.));
#3900=DIRECTION('ref_axis',(-1.,0.,0.));
#3901=DIRECTION('',(-1.,5.24832702550074E-16,0.));
#3902=DIRECTION('center_axis',(0.,0.,-1.));
#3903=DIRECTION('ref_axis',(-1.,0.,0.));
#3904=DIRECTION('',(-0.885528776943931,-0.464584529665147,0.));
#3905=DIRECTION('center_axis',(0.,0.,-1.));
#3906=DIRECTION('ref_axis',(-1.,0.,0.));
#3907=DIRECTION('center_axis',(0.,0.,-1.));
#3908=DIRECTION('ref_axis',(-1.,0.,0.));
#3909=DIRECTION('',(-3.25136742925939E-16,1.,0.));
#3910=DIRECTION('',(0.885528776943931,0.464584529665147,0.));
#3911=DIRECTION('',(1.,-5.24832702550074E-16,0.));
#3912=DIRECTION('',(0.885831536830324,-0.464006991711144,0.));
#3913=DIRECTION('center_axis',(0.,0.,1.));
#3914=DIRECTION('ref_axis',(1.,0.,0.));
#3915=DIRECTION('center_axis',(0.,0.,-1.));
#3916=DIRECTION('ref_axis',(-1.,0.,0.));
#3917=DIRECTION('center_axis',(0.,0.,-1.));
#3918=DIRECTION('ref_axis',(-1.,0.,0.));
#3919=DIRECTION('',(0.886133435119707,-0.463430183698633,0.));
#3920=DIRECTION('center_axis',(0.,0.,-1.));
#3921=DIRECTION('ref_axis',(-1.,0.,0.));
#3922=DIRECTION('',(-0.730738411988263,-0.682657581254959,0.));
#3923=DIRECTION('',(-1.,0.,0.));
#3924=DIRECTION('',(-0.886133435119707,0.463430183698633,0.));
#3925=DIRECTION('',(-3.25136742925939E-16,1.,0.));
#3926=DIRECTION('center_axis',(0.,0.,1.));
#3927=DIRECTION('ref_axis',(1.,0.,0.));
#3928=DIRECTION('',(0.886133435119707,-0.463430183698633,0.));
#3929=DIRECTION('center_axis',(0.,0.,-1.));
#3930=DIRECTION('ref_axis',(-1.,0.,0.));
#3931=DIRECTION('center_axis',(0.,0.,-1.));
#3932=DIRECTION('ref_axis',(-1.,0.,0.));
#3933=DIRECTION('',(1.,0.,0.));
#3934=DIRECTION('center_axis',(0.,0.,-1.));
#3935=DIRECTION('ref_axis',(-1.,0.,0.));
#3936=DIRECTION('',(0.,0.,1.));
#3937=DIRECTION('',(0.,0.,-1.));
#3938=DIRECTION('',(0.,0.,-1.));
#3939=DIRECTION('center_axis',(0.,0.,1.));
#3940=DIRECTION('ref_axis',(-1.,0.,0.));
#3941=DIRECTION('',(0.,0.,1.));
#3942=DIRECTION('center_axis',(0.,0.,1.));
#3943=DIRECTION('ref_axis',(1.,0.,0.));
#3944=DIRECTION('',(-0.885528776943931,-0.464584529665147,0.));
#3945=DIRECTION('center_axis',(0.,0.,-1.));
#3946=DIRECTION('ref_axis',(-1.,0.,0.));
#3947=DIRECTION('',(3.25136742925939E-16,-1.,0.));
#3948=DIRECTION('center_axis',(0.,0.,1.));
#3949=DIRECTION('ref_axis',(1.,0.,0.));
#3950=DIRECTION('',(-1.,5.24832702550074E-16,0.));
#3951=DIRECTION('center_axis',(0.,0.,-1.));
#3952=DIRECTION('ref_axis',(-1.,0.,0.));
#3953=DIRECTION('center_axis',(0.,0.,-1.));
#3954=DIRECTION('ref_axis',(-1.,0.,0.));
#3955=DIRECTION('',(-0.885528776943931,-0.464584529665147,0.));
#3956=DIRECTION('center_axis',(0.,0.,-1.));
#3957=DIRECTION('ref_axis',(-1.,0.,0.));
#3958=DIRECTION('',(0.,0.,1.));
#3959=DIRECTION('',(0.,0.,-1.));
#3960=DIRECTION('',(0.,0.,-1.));
#3961=DIRECTION('center_axis',(0.,0.,1.));
#3962=DIRECTION('ref_axis',(-1.,0.,0.));
#3963=DIRECTION('',(0.,0.,1.));
#3964=DIRECTION('',(0.,0.,-1.));
#3965=DIRECTION('center_axis',(0.,0.,1.));
#3966=DIRECTION('ref_axis',(1.,0.,0.));
#3967=DIRECTION('',(0.,1.,0.));
#3968=DIRECTION('center_axis',(0.,0.,-1.));
#3969=DIRECTION('ref_axis',(-1.,0.,0.));
#3970=DIRECTION('center_axis',(0.,0.,-1.));
#3971=DIRECTION('ref_axis',(-1.,0.,0.));
#3972=DIRECTION('',(-0.885831536830324,0.464006991711144,0.));
#3973=DIRECTION('center_axis',(0.,0.,1.));
#3974=DIRECTION('ref_axis',(1.,0.,0.));
#3975=DIRECTION('',(-0.885831536830324,0.464006991711144,0.));
#3976=DIRECTION('center_axis',(0.,0.,-1.));
#3977=DIRECTION('ref_axis',(-1.,0.,0.));
#3978=DIRECTION('center_axis',(0.,0.,-1.));
#3979=DIRECTION('ref_axis',(-1.,0.,0.));
#3980=DIRECTION('',(-1.,5.24832702550074E-16,0.));
#3981=DIRECTION('center_axis',(0.,0.,-1.));
#3982=DIRECTION('ref_axis',(-1.,0.,0.));
#3983=DIRECTION('',(0.,0.,1.));
#3984=DIRECTION('',(0.,0.,-1.));
#3985=DIRECTION('',(0.,0.,-1.));
#3986=DIRECTION('center_axis',(0.,0.,1.));
#3987=DIRECTION('ref_axis',(-1.,0.,0.));
#3988=DIRECTION('',(0.,0.,1.));
#3989=DIRECTION('',(0.,0.,-1.));
#3990=DIRECTION('center_axis',(0.,0.,1.));
#3991=DIRECTION('ref_axis',(1.,0.,0.));
#3992=DIRECTION('',(0.885831535280155,0.464006994670558,0.));
#3993=DIRECTION('center_axis',(0.,0.,-1.));
#3994=DIRECTION('ref_axis',(-1.,0.,0.));
#3995=DIRECTION('center_axis',(0.,0.,-1.));
#3996=DIRECTION('ref_axis',(-1.,0.,0.));
#3997=DIRECTION('',(0.,1.,0.));
#3998=DIRECTION('center_axis',(0.,0.,1.));
#3999=DIRECTION('ref_axis',(1.,0.,0.));
#4000=DIRECTION('',(3.25136742925939E-16,-1.,0.));
#4001=DIRECTION('center_axis',(0.,0.,-1.));
#4002=DIRECTION('ref_axis',(-1.,0.,0.));
#4003=DIRECTION('',(0.886133435119707,-0.463430183698633,0.));
#4004=DIRECTION('center_axis',(0.,0.,1.));
#4005=DIRECTION('ref_axis',(1.,0.,0.));
#4006=DIRECTION('',(1.,0.,0.));
#4007=DIRECTION('center_axis',(0.,0.,-1.));
#4008=DIRECTION('ref_axis',(-1.,0.,0.));
#4009=DIRECTION('center_axis',(0.,0.,-1.));
#4010=DIRECTION('ref_axis',(-1.,0.,0.));
#4011=DIRECTION('',(0.885831535280155,0.464006994670558,0.));
#4012=DIRECTION('center_axis',(0.,0.,-1.));
#4013=DIRECTION('ref_axis',(-1.,0.,0.));
#4014=DIRECTION('',(0.,0.,-1.));
#4015=DIRECTION('center_axis',(0.,0.,-1.));
#4016=DIRECTION('ref_axis',(-1.,0.,0.));
#4017=DIRECTION('',(0.,0.,-1.));
#4018=DIRECTION('',(0.,0.,-1.));
#4019=DIRECTION('center_axis',(0.,0.,1.));
#4020=DIRECTION('ref_axis',(-1.,0.,0.));
#4021=DIRECTION('',(0.,0.,1.));
#4022=DIRECTION('center_axis',(5.24832702550074E-16,1.,0.));
#4023=DIRECTION('ref_axis',(-1.,5.24832702550074E-16,0.));
#4024=DIRECTION('center_axis',(-0.464006991711144,-0.885831536830324,0.));
#4025=DIRECTION('ref_axis',(0.885831536830324,-0.464006991711144,0.));
#4026=DIRECTION('',(0.,0.,1.));
#4027=DIRECTION('',(-0.885831536830324,0.464006991711144,0.));
#4028=DIRECTION('',(0.,0.,1.));
#4029=DIRECTION('',(-0.885831536830324,0.464006991711144,0.));
#4030=DIRECTION('',(0.,0.,1.));
#4031=DIRECTION('center_axis',(1.,0.,0.));
#4032=DIRECTION('ref_axis',(0.,1.,0.));
#4033=DIRECTION('',(0.,1.,0.));
#4034=DIRECTION('',(0.,0.,-1.));
#4035=DIRECTION('center_axis',(1.,3.25136742925939E-16,0.));
#4036=DIRECTION('ref_axis',(-3.25136742925939E-16,1.,0.));
#4037=DIRECTION('',(0.,0.,1.));
#4038=DIRECTION('',(3.25136742925939E-16,-1.,0.));
#4039=DIRECTION('',(0.,0.,-1.));
#4040=DIRECTION('',(0.,0.,1.));
#4041=DIRECTION('',(3.25136742925939E-16,-1.,0.));
#4042=DIRECTION('',(0.,0.,1.));
#4043=DIRECTION('center_axis',(0.,0.,1.));
#4044=DIRECTION('ref_axis',(1.,0.,0.));
#4045=DIRECTION('',(-0.885831535280155,-0.464006994670558,0.));
#4046=DIRECTION('',(-1.,0.,0.));
#4047=DIRECTION('',(-0.730738411988271,0.682657581254951,0.));
#4048=DIRECTION('',(0.885831535280155,0.464006994670558,0.));
#4049=DIRECTION('center_axis',(0.,0.,-1.));
#4050=DIRECTION('ref_axis',(-1.,0.,0.));
#4051=DIRECTION('center_axis',(0.464006994670558,-0.885831535280155,0.));
#4052=DIRECTION('ref_axis',(0.885831535280155,0.464006994670558,0.));
#4053=DIRECTION('',(0.,0.,1.));
#4054=DIRECTION('center_axis',(0.,1.,0.));
#4055=DIRECTION('ref_axis',(-1.,0.,0.));
#4056=DIRECTION('',(1.,0.,0.));
#4057=DIRECTION('',(0.,0.,1.));
#4058=DIRECTION('',(1.,0.,0.));
#4059=DIRECTION('',(0.,0.,1.));
#4060=DIRECTION('center_axis',(0.,0.,1.));
#4061=DIRECTION('ref_axis',(1.,0.,0.));
#4062=DIRECTION('',(0.886133435119707,-0.463430183698633,0.));
#4063=DIRECTION('center_axis',(0.,0.,1.));
#4064=DIRECTION('ref_axis',(-1.,0.,0.));
#4065=DIRECTION('center_axis',(0.,0.,1.));
#4066=DIRECTION('ref_axis',(-1.,0.,0.));
#4067=DIRECTION('center_axis',(0.,0.,1.));
#4068=DIRECTION('ref_axis',(-1.,0.,0.));
#4069=DIRECTION('center_axis',(0.,0.,1.));
#4070=DIRECTION('ref_axis',(-1.,0.,0.));
#4071=DIRECTION('',(-0.885528776943931,-0.464584529665147,0.));
#4072=DIRECTION('',(-1.,5.24832702550074E-16,0.));
#4073=DIRECTION('center_axis',(0.,0.,1.));
#4074=DIRECTION('ref_axis',(-1.,0.,0.));
#4075=DIRECTION('',(0.,1.,0.));
#4076=DIRECTION('center_axis',(0.,0.,1.));
#4077=DIRECTION('ref_axis',(-1.,0.,0.));
#4078=DIRECTION('',(0.885831535280155,0.464006994670558,0.));
#4079=DIRECTION('',(-0.885831536830324,0.464006991711144,0.));
#4080=DIRECTION('',(-1.,5.24832702550074E-16,0.));
#4081=DIRECTION('',(-0.885528776943931,-0.464584529665147,0.));
#4082=DIRECTION('',(3.25136742925939E-16,-1.,0.));
#4083=DIRECTION('',(0.886133435119707,-0.463430183698633,0.));
#4084=DIRECTION('',(1.,0.,0.));
#4085=DIRECTION('',(0.885831535280155,0.464006994670558,0.));
#4086=DIRECTION('center_axis',(0.464006991711144,0.885831536830324,0.));
#4087=DIRECTION('ref_axis',(-0.885831536830324,0.464006991711144,0.));
#4088=DIRECTION('',(0.,0.,-1.));
#4089=DIRECTION('center_axis',(0.464006991711144,0.885831536830324,0.));
#4090=DIRECTION('ref_axis',(-0.885831536830324,0.464006991711144,0.));
#4091=DIRECTION('',(0.,0.,1.));
#4092=DIRECTION('center_axis',(0.464006994670558,-0.885831535280155,0.));
#4093=DIRECTION('ref_axis',(0.885831535280155,0.464006994670558,0.));
#4094=DIRECTION('',(0.,0.,-1.));
#4095=DIRECTION('center_axis',(0.,-1.,0.));
#4096=DIRECTION('ref_axis',(1.,0.,0.));
#4097=DIRECTION('',(0.,0.,-1.));
#4098=DIRECTION('',(0.,0.,-1.));
#4099=DIRECTION('',(0.,0.,1.));
#4100=DIRECTION('',(-1.,0.,0.));
#4101=DIRECTION('center_axis',(-0.463430183698633,-0.886133435119707,0.));
#4102=DIRECTION('ref_axis',(0.886133435119707,-0.463430183698633,0.));
#4103=DIRECTION('',(0.,0.,-1.));
#4104=DIRECTION('center_axis',(-1.,-3.25136742925939E-16,0.));
#4105=DIRECTION('ref_axis',(3.25136742925939E-16,-1.,0.));
#4106=DIRECTION('',(0.,0.,-1.));
#4107=DIRECTION('',(-3.25136742925939E-16,1.,0.));
#4108=DIRECTION('center_axis',(-0.464584529665147,0.885528776943931,0.));
#4109=DIRECTION('ref_axis',(-0.885528776943931,-0.464584529665147,0.));
#4110=DIRECTION('',(0.,0.,-1.));
#4111=DIRECTION('center_axis',(5.24832702550074E-16,1.,0.));
#4112=DIRECTION('ref_axis',(-1.,5.24832702550074E-16,0.));
#4113=DIRECTION('center_axis',(-0.463430183698633,-0.886133435119707,0.));
#4114=DIRECTION('ref_axis',(0.886133435119707,-0.463430183698633,0.));
#4115=DIRECTION('',(0.,0.,-1.));
#4116=DIRECTION('center_axis',(-0.464584529665147,0.885528776943931,0.));
#4117=DIRECTION('ref_axis',(-0.885528776943931,-0.464584529665147,0.));
#4118=DIRECTION('',(0.,0.,1.));
#4119=DIRECTION('center_axis',(-0.464006994670558,0.885831535280155,0.));
#4120=DIRECTION('ref_axis',(-0.885831535280155,-0.464006994670558,0.));
#4121=DIRECTION('',(0.,0.,1.));
#4122=DIRECTION('',(0.885831535280155,0.464006994670558,0.));
#4123=DIRECTION('',(0.,0.,-1.));
#4124=DIRECTION('center_axis',(-1.,0.,0.));
#4125=DIRECTION('ref_axis',(0.,-1.,0.));
#4126=DIRECTION('',(0.,1.,0.));
#4127=DIRECTION('',(0.,0.,1.));
#4128=DIRECTION('',(0.,0.,-1.));
#4129=DIRECTION('center_axis',(-5.24832702550074E-16,-1.,0.));
#4130=DIRECTION('ref_axis',(1.,-5.24832702550074E-16,0.));
#4131=DIRECTION('',(0.,0.,1.));
#4132=DIRECTION('',(-1.,5.24832702550074E-16,0.));
#4133=DIRECTION('',(3.79563427222276E-15,-1.99207299298236E-30,1.));
#4134=DIRECTION('',(1.,-5.24832702550074E-16,3.17206578464332E-16));
#4135=DIRECTION('',(0.,0.,-1.));
#4136=DIRECTION('',(-1.,5.24832702550074E-16,0.));
#4137=DIRECTION('center_axis',(-3.79563427222276E-15,1.6415083694715E-30,
-1.));
#4138=DIRECTION('ref_axis',(0.707106781186546,0.707106781186549,-2.35513868802567E-15));
#4139=DIRECTION('center_axis',(-4.44089209850062E-15,0.,-1.));
#4140=DIRECTION('ref_axis',(0.,1.,0.));
#4141=DIRECTION('',(-3.79563427222276E-15,1.6415083694715E-30,-1.));
#4142=DIRECTION('center_axis',(3.33066907387547E-15,0.,1.));
#4143=DIRECTION('ref_axis',(1.,0.,-3.33066907387547E-15));
#4144=DIRECTION('',(3.79563427222276E-15,-1.6415083694715E-30,1.));
#4145=DIRECTION('center_axis',(-1.,0.,-9.76996261670139E-14));
#4146=DIRECTION('ref_axis',(-9.76996261670139E-14,0.,1.));
#4147=DIRECTION('center_axis',(1.,-4.32472744143026E-16,7.93016446160846E-16));
#4148=DIRECTION('ref_axis',(0.,0.707106781186548,0.707106781186547));
#4149=DIRECTION('center_axis',(-1.,0.,0.));
#4150=DIRECTION('ref_axis',(0.,0.,1.));
#4151=DIRECTION('',(-1.,4.32472744143026E-16,-7.93016446160846E-16));
#4152=DIRECTION('',(1.,-4.32472744143026E-16,7.93016446160846E-16));
#4153=DIRECTION('center_axis',(-3.88578058618806E-14,0.,-1.));
#4154=DIRECTION('ref_axis',(-1.,-5.5511151231258E-16,3.88578058618806E-14));
#4155=DIRECTION('center_axis',(0.,0.,1.));
#4156=DIRECTION('ref_axis',(-0.707106781186546,0.707106781186549,0.));
#4157=DIRECTION('center_axis',(0.,0.,-1.));
#4158=DIRECTION('ref_axis',(-1.,0.,0.));
#4159=DIRECTION('',(0.,0.,-1.));
#4160=DIRECTION('',(0.,0.,1.));
#4161=DIRECTION('center_axis',(1.,0.,2.66453525910037E-14));
#4162=DIRECTION('ref_axis',(2.66453525910037E-14,0.,-1.));
#4163=DIRECTION('center_axis',(-1.,4.32472744143026E-16,-3.17206578464332E-16));
#4164=DIRECTION('ref_axis',(0.,0.707106781186547,-0.707106781186548));
#4165=DIRECTION('center_axis',(1.,0.,0.));
#4166=DIRECTION('ref_axis',(0.,0.,-1.));
#4167=DIRECTION('',(1.,-4.32472744143026E-16,3.17206578464332E-16));
#4168=DIRECTION('',(-1.,4.32472744143026E-16,-3.17206578464332E-16));
#4169=DIRECTION('',(0.,-1.,0.));
#4170=DIRECTION('',(0.,-1.,0.));
#4171=DIRECTION('center_axis',(7.93016446160846E-16,0.,-1.));
#4172=DIRECTION('ref_axis',(1.,-1.93910886286022E-33,7.93016446160846E-16));
#4173=DIRECTION('',(0.,-1.,0.));
#4174=DIRECTION('',(1.,-1.93910886286022E-33,7.93016446160846E-16));
#4175=DIRECTION('',(0.,-1.,0.));
#4176=DIRECTION('center_axis',(-1.,0.,3.79563427222276E-15));
#4177=DIRECTION('ref_axis',(-3.79563427222276E-15,-7.01772067470362E-47,
-1.));
#4178=DIRECTION('',(0.,-1.,0.));
#4179=DIRECTION('center_axis',(4.32472744143026E-16,1.,0.));
#4180=DIRECTION('ref_axis',(-1.,4.32472744143026E-16,0.));
#4181=DIRECTION('',(1.,-4.32472744143026E-16,0.));
#4182=DIRECTION('',(0.,0.,1.));
#4183=DIRECTION('',(0.,0.,1.));
#4184=DIRECTION('center_axis',(1.,0.,0.));
#4185=DIRECTION('ref_axis',(0.,9.48908568055689E-16,1.));
#4186=DIRECTION('',(0.,-1.,0.));
#4187=DIRECTION('center_axis',(0.,1.,0.));
#4188=DIRECTION('ref_axis',(-1.,0.,0.));
#4189=DIRECTION('',(-1.,0.,0.));
#4190=DIRECTION('',(0.,-1.,0.));
#4191=DIRECTION('center_axis',(-3.17206578464332E-16,0.,1.));
#4192=DIRECTION('ref_axis',(-1.,1.23816029101198E-33,-3.17206578464332E-16));
#4193=DIRECTION('',(0.,-1.,0.));
#4194=DIRECTION('center_axis',(0.,0.,1.));
#4195=DIRECTION('ref_axis',(1.,0.,0.));
#4196=DIRECTION('',(-0.885528776943931,-0.464584529665147,0.));
#4197=DIRECTION('',(0.886133435119707,-0.463430183698633,0.));
#4198=DIRECTION('',(0.,-1.,0.));
#4199=DIRECTION('',(-1.,0.,0.));
#4200=DIRECTION('',(0.,1.,0.));
#4201=DIRECTION('',(1.,0.,0.));
#4202=DIRECTION('',(0.,-1.,0.));
#4203=DIRECTION('',(-1.,0.,0.));
#4204=DIRECTION('',(0.,1.,0.));
#4205=DIRECTION('',(1.,0.,0.));
#4206=DIRECTION('',(0.,-1.,0.));
#4207=DIRECTION('',(-1.,0.,0.));
#4208=DIRECTION('',(0.,1.,0.));
#4209=DIRECTION('',(1.,0.,0.));
#4210=DIRECTION('center_axis',(0.463430183698633,0.886133435119707,0.));
#4211=DIRECTION('ref_axis',(-0.886133435119707,0.463430183698633,0.));
#4212=DIRECTION('',(0.,0.,1.));
#4213=DIRECTION('center_axis',(0.464584529665147,-0.885528776943931,0.));
#4214=DIRECTION('ref_axis',(0.885528776943931,0.464584529665147,0.));
#4215=DIRECTION('',(0.,0.,-1.));
#4216=DIRECTION('center_axis',(0.464006991711144,0.885831536830324,0.));
#4217=DIRECTION('ref_axis',(-0.885831536830324,0.464006991711144,0.));
#4218=DIRECTION('',(-0.885831536830324,0.464006991711144,0.));
#4219=DIRECTION('',(0.,0.,-1.));
#4220=DIRECTION('center_axis',(0.464006994670558,-0.885831535280155,0.));
#4221=DIRECTION('ref_axis',(0.885831535280155,0.464006994670558,0.));
#4222=DIRECTION('',(0.885831535280155,0.464006994670558,0.));
#4223=DIRECTION('',(0.,0.,-1.));
#4224=DIRECTION('',(0.,0.,1.));
#4225=DIRECTION('center_axis',(-0.463430183698633,-0.886133435119707,0.));
#4226=DIRECTION('ref_axis',(0.886133435119707,-0.463430183698633,0.));
#4227=DIRECTION('',(0.886133435119707,-0.463430183698633,0.));
#4228=DIRECTION('',(0.,0.,1.));
#4229=DIRECTION('',(0.,0.,-1.));
#4230=DIRECTION('center_axis',(-0.464584529665147,0.885528776943931,0.));
#4231=DIRECTION('ref_axis',(-0.885528776943931,-0.464584529665147,0.));
#4232=DIRECTION('',(-0.885528776943931,-0.464584529665147,0.));
#4233=DIRECTION('',(0.,0.,-1.));
#4234=DIRECTION('center_axis',(0.,0.,-1.));
#4235=DIRECTION('ref_axis',(-1.,0.,0.));
#4236=DIRECTION('center_axis',(0.,0.,-1.));
#4237=DIRECTION('ref_axis',(-1.,0.,0.));
#4238=DIRECTION('',(0.,0.,-1.));
#4239=DIRECTION('center_axis',(0.,0.,1.));
#4240=DIRECTION('ref_axis',(-1.,0.,0.));
#4241=DIRECTION('center_axis',(0.,0.,-1.));
#4242=DIRECTION('ref_axis',(-1.,0.,0.));
#4243=DIRECTION('center_axis',(0.,0.,-1.));
#4244=DIRECTION('ref_axis',(-1.,0.,0.));
#4245=DIRECTION('',(0.,0.,-1.));
#4246=DIRECTION('center_axis',(0.,0.,1.));
#4247=DIRECTION('ref_axis',(-1.,0.,0.));
#4248=DIRECTION('center_axis',(0.,0.,-1.));
#4249=DIRECTION('ref_axis',(-1.,0.,0.));
#4250=DIRECTION('center_axis',(0.,0.,-1.));
#4251=DIRECTION('ref_axis',(-1.,0.,0.));
#4252=DIRECTION('',(0.,0.,-1.));
#4253=DIRECTION('center_axis',(0.,0.,1.));
#4254=DIRECTION('ref_axis',(-1.,0.,0.));
#4255=DIRECTION('center_axis',(0.,-1.,0.));
#4256=DIRECTION('ref_axis',(1.,0.,0.));
#4257=DIRECTION('',(0.,0.,1.));
#4258=DIRECTION('',(1.,0.,0.));
#4259=DIRECTION('',(0.,0.,1.));
#4260=DIRECTION('center_axis',(1.,0.,0.));
#4261=DIRECTION('ref_axis',(0.,1.,0.));
#4262=DIRECTION('',(0.,0.,1.));
#4263=DIRECTION('',(0.,1.,0.));
#4264=DIRECTION('center_axis',(-1.,0.,0.));
#4265=DIRECTION('ref_axis',(0.,-1.,0.));
#4266=DIRECTION('',(0.,-1.,0.));
#4267=DIRECTION('',(0.,0.,1.));
#4268=DIRECTION('center_axis',(0.,1.,0.));
#4269=DIRECTION('ref_axis',(-1.,0.,0.));
#4270=DIRECTION('',(-1.,0.,0.));
#4271=DIRECTION('center_axis',(0.,0.,1.));
#4272=DIRECTION('ref_axis',(1.,0.,0.));
#4273=DIRECTION('center_axis',(0.,-1.,0.));
#4274=DIRECTION('ref_axis',(1.,0.,0.));
#4275=DIRECTION('',(0.,0.,1.));
#4276=DIRECTION('',(1.,0.,0.));
#4277=DIRECTION('',(0.,0.,1.));
#4278=DIRECTION('center_axis',(1.,0.,0.));
#4279=DIRECTION('ref_axis',(0.,1.,0.));
#4280=DIRECTION('',(0.,0.,1.));
#4281=DIRECTION('',(0.,1.,0.));
#4282=DIRECTION('center_axis',(-1.,0.,0.));
#4283=DIRECTION('ref_axis',(0.,-1.,0.));
#4284=DIRECTION('',(0.,-1.,0.));
#4285=DIRECTION('',(0.,0.,1.));
#4286=DIRECTION('center_axis',(0.,1.,0.));
#4287=DIRECTION('ref_axis',(-1.,0.,0.));
#4288=DIRECTION('',(-1.,0.,0.));
#4289=DIRECTION('center_axis',(0.,0.,1.));
#4290=DIRECTION('ref_axis',(1.,0.,0.));
#4291=DIRECTION('center_axis',(0.,-1.,0.));
#4292=DIRECTION('ref_axis',(1.,0.,0.));
#4293=DIRECTION('',(0.,0.,1.));
#4294=DIRECTION('',(1.,0.,0.));
#4295=DIRECTION('',(0.,0.,1.));
#4296=DIRECTION('center_axis',(1.,0.,0.));
#4297=DIRECTION('ref_axis',(0.,1.,0.));
#4298=DIRECTION('',(0.,0.,1.));
#4299=DIRECTION('',(0.,1.,0.));
#4300=DIRECTION('center_axis',(-1.,0.,0.));
#4301=DIRECTION('ref_axis',(0.,-1.,0.));
#4302=DIRECTION('',(0.,-1.,0.));
#4303=DIRECTION('',(0.,0.,1.));
#4304=DIRECTION('center_axis',(0.,1.,0.));
#4305=DIRECTION('ref_axis',(-1.,0.,0.));
#4306=DIRECTION('',(-1.,0.,0.));
#4307=DIRECTION('center_axis',(0.,0.,1.));
#4308=DIRECTION('ref_axis',(1.,0.,0.));
#4309=DIRECTION('center_axis',(0.,0.,1.));
#4310=DIRECTION('ref_axis',(-1.,0.,0.));
#4311=DIRECTION('',(0.,-1.,0.));
#4312=DIRECTION('',(1.,0.,0.));
#4313=DIRECTION('',(3.16644639079444E-16,-1.,0.));
#4314=DIRECTION('center_axis',(0.951056516295154,-0.309016994374947,0.));
#4315=DIRECTION('ref_axis',(-0.309016994374947,-0.951056516295154,0.));
#4316=DIRECTION('',(0.,0.,1.));
#4317=DIRECTION('',(0.309016994374947,0.951056516295154,0.));
#4318=DIRECTION('',(0.,0.,-1.));
#4319=DIRECTION('center_axis',(0.,0.,1.));
#4320=DIRECTION('ref_axis',(-1.,0.,0.));
#4321=DIRECTION('center_axis',(0.672498511963957,0.21850801222441,0.707106781186548));
#4322=DIRECTION('ref_axis',(0.724617040067447,0.,-0.689151757774652));
#4323=DIRECTION('',(0.702713511301558,0.11129888619599,-0.702713511301559));
#4324=DIRECTION('',(0.309016994374947,-0.951056516295154,0.));
#4325=DIRECTION('',(0.672498511963958,0.21850801222441,-0.707106781186547));
#4326=DIRECTION('',(0.672498511963957,-0.21850801222441,-0.707106781186548));
#4327=DIRECTION('center_axis',(0.672498511963957,-0.21850801222441,0.707106781186548));
#4328=DIRECTION('ref_axis',(0.724617040067447,0.,-0.689151757774652));
#4329=DIRECTION('',(-0.702713511301558,0.11129888619599,0.702713511301559));
#4330=DIRECTION('',(-0.309016994374947,-0.951056516295154,0.));
#4331=DIRECTION('center_axis',(0.,0.,1.));
#4332=DIRECTION('ref_axis',(-1.,0.,0.));
#4333=DIRECTION('',(-3.31722955226084E-16,1.,0.));
#4334=DIRECTION('',(-3.31722955226084E-16,1.,0.));
#4335=DIRECTION('center_axis',(0.707106781186548,2.34563551115606E-16,0.707106781186547));
#4336=DIRECTION('ref_axis',(0.707106781186547,0.,-0.707106781186548));
#4337=DIRECTION('',(-0.295241808844326,0.908660854566026,0.295241808844326));
#4338=DIRECTION('center_axis',(0.707106781186548,2.34563551115606E-16,0.707106781186547));
#4339=DIRECTION('ref_axis',(-0.707106781186547,0.,0.707106781186548));
#4340=DIRECTION('',(3.31722955226084E-16,-1.,0.));
#4341=DIRECTION('center_axis',(0.707106781186548,2.34563551115606E-16,0.707106781186547));
#4342=DIRECTION('ref_axis',(0.707106781186547,0.,-0.707106781186548));
#4343=DIRECTION('',(3.31722955226084E-16,-1.,0.));
#4344=DIRECTION('center_axis',(0.707106781186548,2.34563551115606E-16,0.707106781186547));
#4345=DIRECTION('ref_axis',(-0.707106781186547,0.,0.707106781186548));
#4346=DIRECTION('',(0.295241808844326,0.908660854566026,-0.295241808844327));
#4347=DIRECTION('center_axis',(0.,0.,1.));
#4348=DIRECTION('ref_axis',(-1.,0.,0.));
#4349=DIRECTION('',(0.,0.,1.));
#4350=DIRECTION('center_axis',(0.,0.,-1.));
#4351=DIRECTION('ref_axis',(-1.,0.,0.));
#4352=DIRECTION('',(0.,0.,1.));
#4353=DIRECTION('center_axis',(0.,0.,1.));
#4354=DIRECTION('ref_axis',(-1.,0.,0.));
#4355=DIRECTION('',(0.,0.,-1.));
#4356=DIRECTION('center_axis',(0.,0.,-1.));
#4357=DIRECTION('ref_axis',(-1.,0.,0.));
#4358=DIRECTION('',(0.,0.,-1.));
#4359=DIRECTION('center_axis',(0.,0.,1.));
#4360=DIRECTION('ref_axis',(-1.,0.,0.));
#4361=DIRECTION('',(3.31722955226084E-16,-1.,0.));
#4362=DIRECTION('',(-0.309016994374947,0.951056516295154,0.));
#4363=DIRECTION('',(0.309016994374947,0.951056516295154,0.));
#4364=DIRECTION('',(3.31722955226084E-16,-1.,0.));
#4365=DIRECTION('center_axis',(-1.,-3.31722955226084E-16,0.));
#4366=DIRECTION('ref_axis',(-3.31722955226084E-16,1.,0.));
#4367=DIRECTION('center_axis',(-1.,-3.31722955226084E-16,0.));
#4368=DIRECTION('ref_axis',(-3.31722955226084E-16,1.,0.));
#4369=DIRECTION('center_axis',(0.951056516295154,0.309016994374947,0.));
#4370=DIRECTION('ref_axis',(0.309016994374947,-0.951056516295154,0.));
#4371=DIRECTION('',(0.,0.,1.));
#4372=DIRECTION('',(0.309016994374947,-0.951056516295154,0.));
#4373=DIRECTION('',(0.,0.,-1.));
#4374=DIRECTION('center_axis',(0.,0.,1.));
#4375=DIRECTION('ref_axis',(-1.,0.,0.));
#4376=DIRECTION('',(0.,0.,1.));
#4377=DIRECTION('',(0.,0.,-1.));
#4378=DIRECTION('center_axis',(0.,0.,-1.));
#4379=DIRECTION('ref_axis',(-1.,0.,0.));
#4380=DIRECTION('center_axis',(0.,0.,1.));
#4381=DIRECTION('ref_axis',(-1.,0.,0.));
#4382=DIRECTION('',(0.,0.,1.));
#4383=DIRECTION('',(0.,0.,-1.));
#4384=DIRECTION('center_axis',(0.,0.,-1.));
#4385=DIRECTION('ref_axis',(-1.,0.,0.));
#4386=DIRECTION('center_axis',(0.951056516295154,0.309016994374947,0.));
#4387=DIRECTION('ref_axis',(0.309016994374947,-0.951056516295154,0.));
#4388=DIRECTION('',(0.,0.,-1.));
#4389=DIRECTION('',(0.309016994374947,-0.951056516295154,0.));
#4390=DIRECTION('center_axis',(0.,0.,1.));
#4391=DIRECTION('ref_axis',(-1.,0.,0.));
#4392=DIRECTION('',(3.31722955226084E-16,-1.,0.));
#4393=DIRECTION('',(0.309016994374948,-0.951056516295153,0.));
#4394=DIRECTION('',(0.309016994374947,0.951056516295154,0.));
#4395=DIRECTION('',(3.31722955226084E-16,-1.,0.));
#4396=DIRECTION('',(0.309016994374947,0.951056516295154,0.));
#4397=DIRECTION('center_axis',(0.951056516295154,-0.309016994374947,0.));
#4398=DIRECTION('ref_axis',(-0.309016994374947,-0.951056516295154,0.));
#4399=DIRECTION('',(0.,0.,-1.));
#4400=DIRECTION('center_axis',(-0.951056516295154,-0.309016994374948,0.));
#4401=DIRECTION('ref_axis',(-0.309016994374948,0.951056516295153,0.));
#4402=DIRECTION('',(0.,0.,-1.));
#4403=DIRECTION('',(0.,0.,-1.));
#4404=DIRECTION('',(0.,0.,-1.));
#4405=DIRECTION('center_axis',(-0.951056516295154,0.309016994374947,0.));
#4406=DIRECTION('ref_axis',(0.309016994374947,0.951056516295154,0.));
#4407=DIRECTION('',(0.,0.,-1.));
#4408=DIRECTION('center_axis',(-1.,-3.31722955226084E-16,0.));
#4409=DIRECTION('ref_axis',(-3.31722955226084E-16,1.,0.));
#4410=DIRECTION('center_axis',(-0.951056516295153,0.309016994374949,0.));
#4411=DIRECTION('ref_axis',(0.309016994374949,0.951056516295153,0.));
#4412=DIRECTION('',(0.,0.,1.));
#4413=DIRECTION('',(-0.309016994374949,-0.951056516295153,0.));
#4414=DIRECTION('',(0.,0.,-1.));
#4415=DIRECTION('center_axis',(0.,0.,1.));
#4416=DIRECTION('ref_axis',(-1.,0.,0.));
#4417=DIRECTION('center_axis',(-0.672498511963965,-0.218508012224413,0.70710678118654));
#4418=DIRECTION('ref_axis',(0.724617040067439,0.,0.68915175777466));
#4419=DIRECTION('',(-0.702713511301561,-0.111298886195948,-0.702713511301564));
#4420=DIRECTION('',(-0.309016994374948,0.951056516295153,0.));
#4421=DIRECTION('',(-0.672498511963951,-0.218508012224406,-0.707106781186555));
#4422=DIRECTION('',(-0.672498511963954,0.218508012224413,-0.707106781186549));
#4423=DIRECTION('center_axis',(-0.672498511963964,0.218508012224414,0.70710678118654));
#4424=DIRECTION('ref_axis',(0.72461704006744,0.,0.689151757774659));
#4425=DIRECTION('',(0.70271351130156,-0.111298886195951,0.702713511301563));
#4426=DIRECTION('',(0.309016994374949,0.951056516295153,0.));
#4427=DIRECTION('center_axis',(0.,0.,1.));
#4428=DIRECTION('ref_axis',(-1.,0.,0.));
#4429=DIRECTION('',(0.,-1.,0.));
#4430=DIRECTION('',(0.,-1.,0.));
#4431=DIRECTION('center_axis',(-0.707106781186549,0.,0.707106781186546));
#4432=DIRECTION('ref_axis',(0.707106781186546,0.,0.707106781186549));
#4433=DIRECTION('',(0.295241808844326,-0.908660854566025,0.295241808844328));
#4434=DIRECTION('center_axis',(-0.707106781186549,0.,0.707106781186546));
#4435=DIRECTION('ref_axis',(-0.707106781186546,0.,-0.707106781186549));
#4436=DIRECTION('',(0.,1.,0.));
#4437=DIRECTION('center_axis',(-0.707106781186549,0.,0.707106781186546));
#4438=DIRECTION('ref_axis',(0.707106781186546,0.,0.707106781186549));
#4439=DIRECTION('',(0.,1.,0.));
#4440=DIRECTION('center_axis',(-0.707106781186549,0.,0.707106781186546));
#4441=DIRECTION('ref_axis',(-0.707106781186546,0.,-0.707106781186549));
#4442=DIRECTION('',(-0.295241808844328,-0.908660854566025,-0.295241808844329));
#4443=DIRECTION('center_axis',(0.,0.,1.));
#4444=DIRECTION('ref_axis',(-1.,0.,0.));
#4445=DIRECTION('',(0.,0.,-1.));
#4446=DIRECTION('center_axis',(0.,0.,-1.));
#4447=DIRECTION('ref_axis',(-1.,0.,0.));
#4448=DIRECTION('',(0.,0.,-1.));
#4449=DIRECTION('center_axis',(0.,0.,1.));
#4450=DIRECTION('ref_axis',(-1.,0.,0.));
#4451=DIRECTION('',(0.,0.,1.));
#4452=DIRECTION('center_axis',(0.,0.,-1.));
#4453=DIRECTION('ref_axis',(-1.,0.,0.));
#4454=DIRECTION('',(0.,0.,1.));
#4455=DIRECTION('center_axis',(1.,0.,0.));
#4456=DIRECTION('ref_axis',(0.,-1.,0.));
#4457=DIRECTION('',(0.,-1.,0.));
#4458=DIRECTION('center_axis',(1.,0.,0.));
#4459=DIRECTION('ref_axis',(0.,-1.,0.));
#4460=DIRECTION('',(0.,-1.,0.));
#4461=DIRECTION('center_axis',(0.,0.,1.));
#4462=DIRECTION('ref_axis',(-1.,0.,0.));
#4463=DIRECTION('',(0.309016994374948,-0.951056516295153,0.));
#4464=DIRECTION('',(-0.309016994374949,-0.951056516295153,0.));
#4465=DIRECTION('center_axis',(-0.951056516295153,0.309016994374949,0.));
#4466=DIRECTION('ref_axis',(0.309016994374949,0.951056516295153,0.));
#4467=DIRECTION('',(0.,0.,-1.));
#4468=DIRECTION('',(-0.309016994374949,-0.951056516295153,0.));
#4469=DIRECTION('',(0.,0.,-1.));
#4470=DIRECTION('',(0.,0.,-1.));
#4471=DIRECTION('center_axis',(0.,0.,1.));
#4472=DIRECTION('ref_axis',(-1.,0.,0.));
#4473=DIRECTION('',(0.,0.,1.));
#4474=DIRECTION('center_axis',(0.,0.,-1.));
#4475=DIRECTION('ref_axis',(-1.,0.,0.));
#4476=DIRECTION('center_axis',(0.,0.,-1.));
#4477=DIRECTION('ref_axis',(-1.,0.,0.));
#4478=DIRECTION('center_axis',(0.,0.,1.));
#4479=DIRECTION('ref_axis',(-1.,0.,0.));
#4480=DIRECTION('',(0.,0.,1.));
#4481=DIRECTION('center_axis',(0.,0.,-1.));
#4482=DIRECTION('ref_axis',(-1.,0.,0.));
#4483=DIRECTION('',(0.,0.,1.));
#4484=DIRECTION('',(0.,0.,-1.));
#4485=DIRECTION('center_axis',(0.,0.,-1.));
#4486=DIRECTION('ref_axis',(-1.,0.,0.));
#4487=DIRECTION('center_axis',(-0.951056516295154,-0.309016994374948,0.));
#4488=DIRECTION('ref_axis',(-0.309016994374948,0.951056516295153,0.));
#4489=DIRECTION('',(-0.309016994374948,0.951056516295153,0.));
#4490=DIRECTION('center_axis',(-0.951056516295154,-0.309016994374948,0.));
#4491=DIRECTION('ref_axis',(-0.309016994374948,0.951056516295153,0.));
#4492=DIRECTION('',(0.,0.,-1.));
#4493=DIRECTION('',(-0.309016994374948,0.951056516295153,0.));
#4494=DIRECTION('center_axis',(0.951056516295154,0.309016994374948,0.));
#4495=DIRECTION('ref_axis',(0.309016994374948,-0.951056516295153,0.));
#4496=DIRECTION('',(-0.309016994374948,0.951056516295153,0.));
#4497=DIRECTION('',(0.,0.,-1.));
#4498=DIRECTION('',(0.,0.,-1.));
#4499=DIRECTION('',(0.,0.,-1.));
#4500=DIRECTION('center_axis',(0.951056516295153,-0.309016994374949,0.));
#4501=DIRECTION('ref_axis',(-0.309016994374949,-0.951056516295153,0.));
#4502=DIRECTION('',(-0.309016994374949,-0.951056516295153,0.));
#4503=DIRECTION('',(0.,0.,-1.));
#4504=DIRECTION('center_axis',(1.,0.,0.));
#4505=DIRECTION('ref_axis',(0.,-1.,0.));
#4506=DIRECTION('',(0.,-1.,0.));
#4507=DIRECTION('',(0.,-1.,0.));
#4508=DIRECTION('center_axis',(0.,0.,1.));
#4509=DIRECTION('ref_axis',(-1.,0.,0.));
#4510=DIRECTION('center_axis',(0.682657581254951,0.730738411988271,0.));
#4511=DIRECTION('ref_axis',(0.730738411988271,-0.682657581254951,0.));
#4512=DIRECTION('',(0.730738411988271,-0.682657581254951,0.));
#4513=DIRECTION('',(0.,0.,-1.));
#4514=DIRECTION('',(-0.730738411988271,0.682657581254951,0.));
#4515=DIRECTION('',(0.,0.,-1.));
#4516=DIRECTION('center_axis',(0.,0.,-1.));
#4517=DIRECTION('ref_axis',(-1.,0.,0.));
#4518=DIRECTION('',(0.730738411988263,0.682657581254959,0.));
#4519=DIRECTION('',(1.,-8.36025864635562E-16,0.));
#4520=DIRECTION('center_axis',(0.482711804933786,-0.516710086390388,0.707106781186551));
#4521=DIRECTION('ref_axis',(0.825904531593112,0.,-0.563809989884858));
#4522=DIRECTION('',(-0.873320058778035,-0.344464856651538,0.344464856651539));
#4523=DIRECTION('',(0.730738411988263,0.682657581254959,0.));
#4524=DIRECTION('',(-0.873320058778035,-0.344464856651538,0.344464856651539));
#4525=DIRECTION('',(-0.730738411988263,-0.682657581254959,0.));
#4526=DIRECTION('center_axis',(0.,0.,-1.));
#4527=DIRECTION('ref_axis',(-1.,0.,0.));
#4528=DIRECTION('',(-1.,0.,0.));
#4529=DIRECTION('',(0.730738411988271,-0.682657581254951,0.));
#4530=DIRECTION('',(1.,-8.36025864635562E-16,0.));
#4531=DIRECTION('center_axis',(-0.482711804933783,-0.516710086390396,0.707106781186547));
#4532=DIRECTION('ref_axis',(0.825904531593112,0.,0.563809989884858));
#4533=DIRECTION('',(-0.873320058778037,0.344464856651535,-0.344464856651537));
#4534=DIRECTION('',(-0.730738411988271,0.682657581254951,0.));
#4535=DIRECTION('',(-0.873320058778037,0.344464856651536,-0.344464856651536));
#4536=DIRECTION('center_axis',(0.,0.707106781186549,0.707106781186546));
#4537=DIRECTION('ref_axis',(1.,0.,0.));
#4538=DIRECTION('',(1.,0.,0.));
#4539=DIRECTION('center_axis',(5.91159558131153E-16,0.707106781186548,0.707106781186547));
#4540=DIRECTION('ref_axis',(1.,0.,-8.36025864635563E-16));
#4541=DIRECTION('',(0.603520165870258,0.563809989884861,-0.563809989884863));
#4542=DIRECTION('',(-0.603520165870267,0.563809989884857,-0.563809989884857));
#4543=DIRECTION('',(-1.,8.36025864635562E-16,0.));
#4544=DIRECTION('center_axis',(0.682657581254951,0.730738411988271,0.));
#4545=DIRECTION('ref_axis',(0.730738411988271,-0.682657581254951,0.));
#4546=DIRECTION('',(0.,0.,-1.));
#4547=DIRECTION('',(0.730738411988271,-0.682657581254951,0.));
#4548=DIRECTION('',(0.,0.,1.));
#4549=DIRECTION('center_axis',(0.,-1.,0.));
#4550=DIRECTION('ref_axis',(-1.,0.,0.));
#4551=DIRECTION('',(0.,0.,1.));
#4552=DIRECTION('',(-1.,0.,0.));
#4553=DIRECTION('center_axis',(-0.682657581254959,0.730738411988264,0.));
#4554=DIRECTION('ref_axis',(0.730738411988263,0.682657581254959,0.));
#4555=DIRECTION('',(0.,0.,-1.));
#4556=DIRECTION('',(0.730738411988263,0.682657581254959,0.));
#4557=DIRECTION('center_axis',(0.,0.,1.));
#4558=DIRECTION('ref_axis',(-1.,0.,0.));
#4559=DIRECTION('',(-1.,8.36025864635562E-16,0.));
#4560=DIRECTION('center_axis',(8.36025864635562E-16,1.,0.));
#4561=DIRECTION('ref_axis',(1.,-8.36025864635562E-16,0.));
#4562=DIRECTION('',(-1.,8.36025864635562E-16,0.));
#4563=DIRECTION('',(0.,0.,-1.));
#4564=DIRECTION('center_axis',(-0.682657581254959,0.730738411988264,0.));
#4565=DIRECTION('ref_axis',(0.730738411988263,0.682657581254959,0.));
#4566=DIRECTION('',(0.,0.,-1.));
#4567=DIRECTION('',(0.730738411988263,0.682657581254959,0.));
#4568=DIRECTION('center_axis',(0.,-1.,0.));
#4569=DIRECTION('ref_axis',(-1.,0.,0.));
#4570=DIRECTION('',(1.,0.,0.));
#4571=DIRECTION('center_axis',(0.,0.,1.));
#4572=DIRECTION('ref_axis',(-1.,0.,0.));
#4573=CARTESIAN_POINT('',(0.,0.,0.));
#4574=CARTESIAN_POINT('Origin',(82.3805132955246,-40.249999996577,17.5));
#4575=CARTESIAN_POINT('',(86.5,-17.9970860087231,17.5));
#4576=CARTESIAN_POINT('',(86.4535164020789,-18.1401478127936,17.5));
#4577=CARTESIAN_POINT('',(90.7797543233282,-4.82535658466142,17.5));
#4578=CARTESIAN_POINT('',(86.4535164020789,-62.3598521803605,17.5));
#4579=CARTESIAN_POINT('Ctrl Pts',(86.4535164020789,-18.1401478127936,17.5));
#4580=CARTESIAN_POINT('Ctrl Pts',(83.9685635780764,-25.7880462098831,17.5));
#4581=CARTESIAN_POINT('Ctrl Pts',(82.923443348995,-32.9471812318593,17.5));
#4582=CARTESIAN_POINT('Ctrl Pts',(82.9098814341812,-40.1438562707875,17.5));
#4583=CARTESIAN_POINT('Ctrl Pts',(82.8963195193674,-47.3405313097156,17.5));
#4584=CARTESIAN_POINT('Ctrl Pts',(83.9170467948831,-54.5534014277486,17.5));
#4585=CARTESIAN_POINT('Ctrl Pts',(86.4535164020789,-62.3598521803605,17.5));
#4586=CARTESIAN_POINT('',(86.5,-62.5029139844309,17.5));
#4587=CARTESIAN_POINT('',(90.7797543233282,-75.6746434084926,17.5));
#4588=CARTESIAN_POINT('',(86.5,-58.6576099398785,17.5));
#4589=CARTESIAN_POINT('Origin',(86.5,-77.0652198831799,23.));
#4590=CARTESIAN_POINT('',(83.,-66.2933275030666,18.));
#4591=CARTESIAN_POINT('',(84.,-69.3710110402418,19.));
#4592=CARTESIAN_POINT('',(82.9452180934257,-66.1247261310676,17.9452180934256));
#4593=CARTESIAN_POINT('',(82.1737620787508,-63.7504286550478,18.));
#4594=CARTESIAN_POINT('',(80.8934511845743,-59.8100368935747,18.));
#4595=CARTESIAN_POINT('',(82.1737620787508,-63.7504286550478,21.));
#4596=CARTESIAN_POINT('',(82.1737620787508,-63.7504286550478,23.));
#4597=CARTESIAN_POINT('',(83.5,-67.8321692716541,21.));
#4598=CARTESIAN_POINT('',(78.8822068004864,-53.6200631634314,21.));
#4599=CARTESIAN_POINT('',(83.5,-67.8321692716541,19.));
#4600=CARTESIAN_POINT('',(83.5,-67.8321692716541,19.5));
#4601=CARTESIAN_POINT('',(78.8818988560704,-53.6191154079717,19.));
#4602=CARTESIAN_POINT('Origin',(-2.07133044671977,-40.2644129372208,17.5));
#4603=CARTESIAN_POINT('',(-5.99997149515093,-62.5173261195673,17.5));
#4604=CARTESIAN_POINT('',(-5.95348789722986,-62.3742643154969,17.5));
#4605=CARTESIAN_POINT('',(-10.2797258184791,-75.6890555436291,17.5));
#4606=CARTESIAN_POINT('',(-5.95348789722989,-18.1545615589447,17.5));
#4607=CARTESIAN_POINT('Ctrl Pts',(-5.95348789722986,-62.3742643154969,17.5));
#4608=CARTESIAN_POINT('Ctrl Pts',(-4.75477511111777,-58.6850057078783,17.5));
#4609=CARTESIAN_POINT('Ctrl Pts',(-3.93054140520323,-54.8271597312667,17.5));
#4610=CARTESIAN_POINT('Ctrl Pts',(-3.42317373906621,-50.8260346106332,17.5));
#4611=CARTESIAN_POINT('Ctrl Pts',(-2.67397458999483,-44.9178151166121,17.5));
#4612=CARTESIAN_POINT('Ctrl Pts',(-2.5891124441669,-38.7191138991848,17.5));
#4613=CARTESIAN_POINT('Ctrl Pts',(-3.10771529945185,-32.7706406569581,17.5));
#4614=CARTESIAN_POINT('Ctrl Pts',(-3.55652051430321,-27.6227596063452,17.5));
#4615=CARTESIAN_POINT('Ctrl Pts',(-4.47542354550724,-22.7035758811271,17.5));
#4616=CARTESIAN_POINT('Ctrl Pts',(-5.95348789722989,-18.1545615589447,17.5));
#4617=CARTESIAN_POINT('',(-5.99997149515095,-18.0114997548744,17.5));
#4618=CARTESIAN_POINT('',(-10.2797258184792,-4.83977033081255,17.5));
#4619=CARTESIAN_POINT('',(-5.99997149515095,-21.8568033966731,17.5));
#4620=CARTESIAN_POINT('Origin',(-5.99997149515096,-3.44919385612528,23.));
#4621=CARTESIAN_POINT('',(-2.49997149515096,-14.2210862362387,18.));
#4622=CARTESIAN_POINT('',(-3.49997149515095,-11.1434026990634,19.));
#4623=CARTESIAN_POINT('',(-2.4451896426009,-14.3896874419679,17.9452181474499));
#4624=CARTESIAN_POINT('',(-1.67373357390169,-16.7639850842574,18.));
#4625=CARTESIAN_POINT('',(-0.40253486734202,-20.6763324159146,18.));
#4626=CARTESIAN_POINT('',(-1.67373357390169,-16.7639850842574,21.));
#4627=CARTESIAN_POINT('',(-1.67373357390169,-16.7639850842574,23.));
#4628=CARTESIAN_POINT('',(-2.99997149515095,-12.6822444676511,21.));
#4629=CARTESIAN_POINT('',(1.61631955719977,-26.8897274422803,21.));
#4630=CARTESIAN_POINT('',(-2.99997149515095,-12.6822444676511,19.));
#4631=CARTESIAN_POINT('',(-2.99997149515095,-12.6822444676511,19.5));
#4632=CARTESIAN_POINT('',(1.6160116127837,-26.8887796868206,19.));
#4633=CARTESIAN_POINT('Ctrl Pts',(-1.67373357390169,-16.7639850842574,23.5));
#4634=CARTESIAN_POINT('Ctrl Pts',(-1.67373357390169,-16.7639850842574,17.5));
#4635=CARTESIAN_POINT('Ctrl Pts',(-1.10976374230924,-18.499705750413,23.5));
#4636=CARTESIAN_POINT('Ctrl Pts',(-1.10976374230924,-18.499705750413,17.5));
#4637=CARTESIAN_POINT('Ctrl Pts',(-0.108412194603408,-22.0365693856067,
23.5));
#4638=CARTESIAN_POINT('Ctrl Pts',(-0.108412194603408,-22.0365693856067,
17.5));
#4639=CARTESIAN_POINT('Ctrl Pts',(1.01415623882315,-27.5379330115078,23.5));
#4640=CARTESIAN_POINT('Ctrl Pts',(1.01415623882315,-27.5379330115078,17.5));
#4641=CARTESIAN_POINT('Ctrl Pts',(1.82538013414244,-35.1919326303906,23.5));
#4642=CARTESIAN_POINT('Ctrl Pts',(1.82538013414244,-35.1919326303906,17.5));
#4643=CARTESIAN_POINT('Ctrl Pts',(1.85731060171142,-44.9773371044657,23.5));
#4644=CARTESIAN_POINT('Ctrl Pts',(1.85731060171142,-44.9773371044657,17.5));
#4645=CARTESIAN_POINT('Ctrl Pts',(1.07503256713518,-52.7128360882014,23.5));
#4646=CARTESIAN_POINT('Ctrl Pts',(1.07503256713518,-52.7128360882014,17.5));
#4647=CARTESIAN_POINT('Ctrl Pts',(-0.0609604553305808,-58.3297134268148,
23.5));
#4648=CARTESIAN_POINT('Ctrl Pts',(-0.0609604553305808,-58.3297134268148,
17.5));
#4649=CARTESIAN_POINT('Ctrl Pts',(-1.09070293616028,-61.9704569947387,23.5));
#4650=CARTESIAN_POINT('Ctrl Pts',(-1.09070293616028,-61.9704569947387,17.5));
#4651=CARTESIAN_POINT('Ctrl Pts',(-1.67373357390167,-63.7648407901842,23.5));
#4652=CARTESIAN_POINT('Ctrl Pts',(-1.67373357390167,-63.7648407901842,17.5));
#4653=CARTESIAN_POINT('',(-0.999971495150952,-18.9833301429458,18.));
#4654=CARTESIAN_POINT('Ctrl Pts',(-1.00106013254229,-18.9836370560707,18.));
#4655=CARTESIAN_POINT('Ctrl Pts',(-1.20996940489636,-18.2426253595191,18.));
#4656=CARTESIAN_POINT('Ctrl Pts',(-1.43387914165541,-17.5021811217004,18.));
#4657=CARTESIAN_POINT('Ctrl Pts',(-1.6737335739017,-16.7639850842574,18.));
#4658=CARTESIAN_POINT('',(-0.999971495150952,-18.9833301429458,19.));
#4659=CARTESIAN_POINT('Ctrl Pts',(-0.999971495150952,-18.9833301429458,
19.));
#4660=CARTESIAN_POINT('Ctrl Pts',(-0.999971495150952,-18.9833301429458,
18.6666666666667));
#4661=CARTESIAN_POINT('Ctrl Pts',(-0.999971495150952,-18.9833301429458,
18.3333333333333));
#4662=CARTESIAN_POINT('Ctrl Pts',(-0.999971495150952,-18.9833301429458,
18.));
#4663=CARTESIAN_POINT('',(-0.999971495150952,-18.9833301429458,21.));
#4664=CARTESIAN_POINT('Ctrl Pts',(-0.999971495150952,-18.9833301429458,
21.));
#4665=CARTESIAN_POINT('Ctrl Pts',(-0.999971495150952,-18.9833301429458,
20.3333333333333));
#4666=CARTESIAN_POINT('Ctrl Pts',(-0.999971495150952,-18.9833301429458,
19.6666666666667));
#4667=CARTESIAN_POINT('Ctrl Pts',(-0.999971495150952,-18.9833301429458,
19.));
#4668=CARTESIAN_POINT('Ctrl Pts',(-1.67373357390169,-16.7639850842574,21.));
#4669=CARTESIAN_POINT('Ctrl Pts',(-1.43383883451608,-17.5023051743195,21.));
#4670=CARTESIAN_POINT('Ctrl Pts',(-1.20939742728174,-18.2425786920133,21.));
#4671=CARTESIAN_POINT('Ctrl Pts',(-0.999971495150952,-18.9833301429458,
21.));
#4672=CARTESIAN_POINT('Origin',(81.5,-75.25,16.));
#4673=CARTESIAN_POINT('',(81.5,-61.5759205086786,19.));
#4674=CARTESIAN_POINT('',(81.5,-61.5759205086786,18.));
#4675=CARTESIAN_POINT('Ctrl Pts',(81.5,-61.5759205086786,19.));
#4676=CARTESIAN_POINT('Ctrl Pts',(81.5,-61.5759205086786,18.6666666666667));
#4677=CARTESIAN_POINT('Ctrl Pts',(81.5,-61.5759205086786,18.3333333333333));
#4678=CARTESIAN_POINT('Ctrl Pts',(81.5,-61.5759205086786,18.));
#4679=CARTESIAN_POINT('',(81.5,-61.5759205086786,17.5));
#4680=CARTESIAN_POINT('Ctrl Pts',(81.5,-61.5759205086786,17.5));
#4681=CARTESIAN_POINT('Ctrl Pts',(81.5,-61.5759205086786,17.6666666666667));
#4682=CARTESIAN_POINT('Ctrl Pts',(81.5,-61.5759205086786,17.8333333333333));
#4683=CARTESIAN_POINT('Ctrl Pts',(81.5,-61.5759205086786,18.));
#4684=CARTESIAN_POINT('',(81.5,-18.9253373805035,17.5));
#4685=CARTESIAN_POINT('',(81.5,-57.7499999982885,17.5));
#4686=CARTESIAN_POINT('',(81.5,-18.9253373805036,18.));
#4687=CARTESIAN_POINT('Ctrl Pts',(81.5,-18.9253373805036,18.));
#4688=CARTESIAN_POINT('Ctrl Pts',(81.5,-18.9253373805036,17.8333333333333));
#4689=CARTESIAN_POINT('Ctrl Pts',(81.5,-18.9253373805036,17.6666666666667));
#4690=CARTESIAN_POINT('Ctrl Pts',(81.5,-18.9253373805036,17.5));
#4691=CARTESIAN_POINT('',(81.5,-18.9253373805035,19.));
#4692=CARTESIAN_POINT('Ctrl Pts',(81.5,-18.9253373805036,18.));
#4693=CARTESIAN_POINT('Ctrl Pts',(81.5,-18.9253373805035,18.3333333333333));
#4694=CARTESIAN_POINT('Ctrl Pts',(81.5,-18.9253373805035,18.6666666666667));
#4695=CARTESIAN_POINT('Ctrl Pts',(81.5,-18.9253373805035,19.));
#4696=CARTESIAN_POINT('',(81.5,-18.9253373805034,21.));
#4697=CARTESIAN_POINT('Ctrl Pts',(81.5,-18.9253373805036,19.));
#4698=CARTESIAN_POINT('Ctrl Pts',(81.5,-18.9253373805036,19.6666666666667));
#4699=CARTESIAN_POINT('Ctrl Pts',(81.5,-18.9253373805034,20.3333333333333));
#4700=CARTESIAN_POINT('Ctrl Pts',(81.5,-18.9253373805034,21.));
#4701=CARTESIAN_POINT('',(81.5,-6.46014659335056,21.));
#4702=CARTESIAN_POINT('',(81.5,-57.7510481102757,21.));
#4703=CARTESIAN_POINT('',(81.5,-6.46014659335056,16.));
#4704=CARTESIAN_POINT('',(81.5,-6.46014659335056,16.));
#4705=CARTESIAN_POINT('',(81.5,-74.0398534112134,16.));
#4706=CARTESIAN_POINT('',(81.5,-57.7510481102757,16.));
#4707=CARTESIAN_POINT('',(81.5,-74.0398534112134,21.));
#4708=CARTESIAN_POINT('',(81.5,-74.0398534112134,16.));
#4709=CARTESIAN_POINT('',(81.5,-61.5759205086785,21.));
#4710=CARTESIAN_POINT('',(81.5,-57.7510481102757,21.));
#4711=CARTESIAN_POINT('Ctrl Pts',(81.5,-61.5759205086785,21.));
#4712=CARTESIAN_POINT('Ctrl Pts',(81.5,-61.5759205086785,20.3333333333333));
#4713=CARTESIAN_POINT('Ctrl Pts',(81.5,-61.5759205086785,19.6666666666667));
#4714=CARTESIAN_POINT('Ctrl Pts',(81.5,-61.5759205086786,19.));
#4715=CARTESIAN_POINT('Origin',(40.2500142524245,-40.2500000335276,19.));
#4716=CARTESIAN_POINT('',(-4.90213081130149,-6.82800005525001,19.));
#4717=CARTESIAN_POINT('',(1.6160116127837,-26.8887796868206,19.));
#4718=CARTESIAN_POINT('',(-2.99997149515096,-7.47390611516536,19.));
#4719=CARTESIAN_POINT('',(-2.99997149515096,-5.26307777816779,19.));
#4720=CARTESIAN_POINT('Origin',(-3.26794264498958,-5.1392345188045,19.));
#4721=CARTESIAN_POINT('Origin',(40.2500142524245,-40.2500000335276,19.));
#4722=CARTESIAN_POINT('',(85.3776127058425,-73.6108669856168,19.));
#4723=CARTESIAN_POINT('',(78.8818988560704,-53.6191154079717,19.));
#4724=CARTESIAN_POINT('',(83.5,-72.9659308352112,19.));
#4725=CARTESIAN_POINT('',(83.5,-5.24999999999999,19.));
#4726=CARTESIAN_POINT('Origin',(83.7468401170725,-75.302931039876,19.));
#4727=CARTESIAN_POINT('Origin',(40.2500142524245,-40.2500000335276,19.));
#4728=CARTESIAN_POINT('',(-5.99997149515093,-77.0796320183163,19.));
#4729=CARTESIAN_POINT('',(-5.5631998416968,-75.7353870909757,19.));
#4730=CARTESIAN_POINT('',(3.78336641952514,-46.9696139796953,19.));
#4731=CARTESIAN_POINT('',(12.0128885500841,-86.5,19.));
#4732=CARTESIAN_POINT('',(-5.99997149515093,-77.0796320183163,19.));
#4733=CARTESIAN_POINT('',(13.5480253046461,-86.5,19.));
#4734=CARTESIAN_POINT('',(12.0128885500841,-86.5,19.));
#4735=CARTESIAN_POINT('',(16.7593208299002,-83.5,19.));
#4736=CARTESIAN_POINT('',(32.2129411936075,-69.0631907040214,19.));
#4737=CARTESIAN_POINT('',(14.9501054997805,-83.5,19.));
#4738=CARTESIAN_POINT('',(12.75,-83.5,19.));
#4739=CARTESIAN_POINT('',(14.9941050679522,-83.9526168450329,19.));
#4740=CARTESIAN_POINT('Origin',(12.6441050679522,-83.9526168450329,19.));
#4741=CARTESIAN_POINT('',(10.8088686764639,-82.4848268779882,19.));
#4742=CARTESIAN_POINT('Origin',(12.6441050679522,-83.9526168450329,19.));
#4743=CARTESIAN_POINT('',(-1.08245312518911,-76.265901794527,19.));
#4744=CARTESIAN_POINT('',(-2.99997149515093,-75.2630777781678,19.));
#4745=CARTESIAN_POINT('Origin',(-3.24546928090405,-75.3472826622877,19.));
#4746=CARTESIAN_POINT('Origin',(40.2500142524245,-40.2500000335276,19.));
#4747=CARTESIAN_POINT('',(-2.99997149515094,-67.8465814067906,19.));
#4748=CARTESIAN_POINT('',(-3.49997149515093,-69.3854231753782,19.));
#4749=CARTESIAN_POINT('',(3.78336641952514,-46.9696139796953,19.));
#4750=CARTESIAN_POINT('',(-4.89243063343531,-73.6709717414653,19.));
#4751=CARTESIAN_POINT('',(3.78336641952514,-46.9696139796953,19.));
#4752=CARTESIAN_POINT('',(-2.99997149515093,-73.010141066836,19.));
#4753=CARTESIAN_POINT('Origin',(-3.24546928090405,-75.3472826622877,19.));
#4754=CARTESIAN_POINT('',(-2.99997149515096,-5.26307777816779,19.));
#4755=CARTESIAN_POINT('Origin',(40.2500142524245,-40.2500000335276,19.));
#4756=CARTESIAN_POINT('',(83.5,-12.6678307214999,19.));
#4757=CARTESIAN_POINT('',(84.,-11.1289889529122,19.));
#4758=CARTESIAN_POINT('',(76.7187798845862,-33.5382802326706,19.));
#4759=CARTESIAN_POINT('',(85.4041559858511,-6.80744119163227,19.));
#4760=CARTESIAN_POINT('',(76.7187798845862,-33.5382802326706,19.));
#4761=CARTESIAN_POINT('',(83.5,-7.40224253969263,19.));
#4762=CARTESIAN_POINT('Origin',(83.8176441412474,-5.07380911794074,19.));
#4763=CARTESIAN_POINT('',(83.5,-5.24999999999999,19.));
#4764=CARTESIAN_POINT('Origin',(40.2500142524245,-40.2500000335276,19.));
#4765=CARTESIAN_POINT('',(86.0607331523761,-75.7132955378209,19.));
#4766=CARTESIAN_POINT('',(86.5,-77.0652198831799,19.));
#4767=CARTESIAN_POINT('',(78.8818988560704,-53.6191154079717,19.));
#4768=CARTESIAN_POINT('',(81.5951513635916,-76.2477778571663,19.));
#4769=CARTESIAN_POINT('Origin',(83.7468401170725,-75.302931039876,19.));
#4770=CARTESIAN_POINT('',(69.6834868706809,-82.4872211629767,19.));
#4771=CARTESIAN_POINT('',(67.75,-83.5,19.));
#4772=CARTESIAN_POINT('',(70.2216325545129,-83.9837785247185,19.));
#4773=CARTESIAN_POINT('Origin',(67.8716325545129,-83.9837785247185,19.));
#4774=CARTESIAN_POINT('',(65.5719677226252,-83.5,19.));
#4775=CARTESIAN_POINT('Origin',(67.8716325545129,-83.9837785247185,19.));
#4776=CARTESIAN_POINT('',(63.741714769891,-83.5,19.));
#4777=CARTESIAN_POINT('',(12.75,-83.5,19.));
#4778=CARTESIAN_POINT('',(66.9530102951452,-86.5,19.));
#4779=CARTESIAN_POINT('',(45.560394365756,-66.5149667685633,19.));
#4780=CARTESIAN_POINT('',(68.4881470497071,-86.5,19.));
#4781=CARTESIAN_POINT('',(12.0128885500841,-86.5,19.));
#4782=CARTESIAN_POINT('',(68.4881470497071,-86.5,19.));
#4783=CARTESIAN_POINT('Origin',(40.2500142524245,-40.2500000335276,19.));
#4784=CARTESIAN_POINT('',(86.5,-3.43478010997415,19.));
#4785=CARTESIAN_POINT('',(86.1201625511261,-4.60379957317623,19.));
#4786=CARTESIAN_POINT('',(76.7187798845862,-33.5382802326706,19.));
#4787=CARTESIAN_POINT('',(68.4881470443925,5.99999993294477,19.));
#4788=CARTESIAN_POINT('',(86.5,-3.43478010997415,19.));
#4789=CARTESIAN_POINT('',(12.0108155303498,5.99999993294479,19.));
#4790=CARTESIAN_POINT('',(12.0108155303498,5.99999993294479,19.));
#4791=CARTESIAN_POINT('',(-5.99997149515096,-3.44919385612528,19.));
#4792=CARTESIAN_POINT('',(12.0108155303498,5.99999993294479,19.));
#4793=CARTESIAN_POINT('',(-5.58266012044481,-4.73354620393438,19.));
#4794=CARTESIAN_POINT('',(1.6160116127837,-26.8887796868206,19.));
#4795=CARTESIAN_POINT('',(-1.08851862836741,-4.26025160897605,19.));
#4796=CARTESIAN_POINT('Origin',(-3.26794264498958,-5.1392345188045,19.));
#4797=CARTESIAN_POINT('',(10.836969897394,1.99634628148277,19.));
#4798=CARTESIAN_POINT('',(12.75,2.99999993294479,19.));
#4799=CARTESIAN_POINT('',(14.9671441485837,3.53045176527491,19.));
#4800=CARTESIAN_POINT('Origin',(12.6171441485837,3.53045176527491,19.));
#4801=CARTESIAN_POINT('',(14.9064935875243,2.99999993294479,19.));
#4802=CARTESIAN_POINT('Origin',(12.6171441485837,3.53045176527491,19.));
#4803=CARTESIAN_POINT('',(65.5666415528793,2.99999993294476,19.));
#4804=CARTESIAN_POINT('',(12.75,2.99999993294479,19.));
#4805=CARTESIAN_POINT('',(70.2184131106894,3.4736534937429,19.));
#4806=CARTESIAN_POINT('Origin',(67.8684131106894,3.47365349374291,19.));
#4807=CARTESIAN_POINT('',(69.6870551139906,1.98535202433949,19.));
#4808=CARTESIAN_POINT('Origin',(67.8684131106894,3.47365349374291,19.));
#4809=CARTESIAN_POINT('',(81.6125601096627,-4.26134101785904,19.));
#4810=CARTESIAN_POINT('',(83.5,-5.24999999999999,19.));
#4811=CARTESIAN_POINT('Origin',(83.8176441412474,-5.07380911794074,19.));
#4812=CARTESIAN_POINT('Ctrl Pts',(82.1737620787508,-63.7504286550478,23.5));
#4813=CARTESIAN_POINT('Ctrl Pts',(82.1737620787508,-63.7504286550478,17.5));
#4814=CARTESIAN_POINT('Ctrl Pts',(81.5308045453216,-61.77160883931,23.5));
#4815=CARTESIAN_POINT('Ctrl Pts',(81.5308045453216,-61.77160883931,17.5));
#4816=CARTESIAN_POINT('Ctrl Pts',(80.394035499557,-57.8589460261637,23.5));
#4817=CARTESIAN_POINT('Ctrl Pts',(80.394035499557,-57.8589460261637,17.5));
#4818=CARTESIAN_POINT('Ctrl Pts',(79.1359541288114,-52.1247455150112,23.5));
#4819=CARTESIAN_POINT('Ctrl Pts',(79.1359541288114,-52.1247455150112,17.5));
#4820=CARTESIAN_POINT('Ctrl Pts',(78.2610265910492,-44.698244922151,23.5));
#4821=CARTESIAN_POINT('Ctrl Pts',(78.2610265910492,-44.698244922151,17.5));
#4822=CARTESIAN_POINT('Ctrl Pts',(78.2821330843009,-35.5640833483037,23.5));
#4823=CARTESIAN_POINT('Ctrl Pts',(78.2821330843009,-35.5640833483037,17.5));
#4824=CARTESIAN_POINT('Ctrl Pts',(79.1761942477491,-28.1914549948825,23.5));
#4825=CARTESIAN_POINT('Ctrl Pts',(79.1761942477491,-28.1914549948825,17.5));
#4826=CARTESIAN_POINT('Ctrl Pts',(80.425401774184,-22.5336106909343,23.5));
#4827=CARTESIAN_POINT('Ctrl Pts',(80.425401774184,-22.5336106909343,17.5));
#4828=CARTESIAN_POINT('Ctrl Pts',(81.5434040093126,-18.6896139909417,23.5));
#4829=CARTESIAN_POINT('Ctrl Pts',(81.5434040093126,-18.6896139909417,17.5));
#4830=CARTESIAN_POINT('Ctrl Pts',(82.1737620787507,-16.7495713381063,23.5));
#4831=CARTESIAN_POINT('Ctrl Pts',(82.1737620787507,-16.7495713381063,17.5));
#4832=CARTESIAN_POINT('',(82.1737620787507,-16.7495713381063,18.));
#4833=CARTESIAN_POINT('Ctrl Pts',(82.1737620787507,-16.7495713381063,18.));
#4834=CARTESIAN_POINT('Ctrl Pts',(81.9517780161029,-17.4327680332328,18.));
#4835=CARTESIAN_POINT('Ctrl Pts',(81.7255910411611,-18.1584310755566,18.));
#4836=CARTESIAN_POINT('Ctrl Pts',(81.4998331204839,-18.9252882603031,18.));
#4837=CARTESIAN_POINT('',(82.1737620787507,-16.7495713381063,21.));
#4838=CARTESIAN_POINT('',(82.1737620787507,-16.7495713381063,23.));
#4839=CARTESIAN_POINT('Ctrl Pts',(81.5,-18.9253373805034,21.));
#4840=CARTESIAN_POINT('Ctrl Pts',(81.6559129358019,-18.3955969234383,21.));
#4841=CARTESIAN_POINT('Ctrl Pts',(81.818274140415,-17.8642384784263,21.));
#4842=CARTESIAN_POINT('Ctrl Pts',(81.9871269783087,-17.3312383153545,21.));
#4843=CARTESIAN_POINT('Ctrl Pts',(82.0484818024473,-17.1375659336578,21.));
#4844=CARTESIAN_POINT('Ctrl Pts',(82.1106933147447,-16.9436770347978,21.));
#4845=CARTESIAN_POINT('Ctrl Pts',(82.1737620787507,-16.7495713381063,21.));
#4846=CARTESIAN_POINT('Origin',(82.1737620787507,-16.7495713381063,23.));
#4847=CARTESIAN_POINT('',(83.,-14.2066724900874,18.));
#4848=CARTESIAN_POINT('',(77.9857066665234,-29.6390805330959,12.9857066665234));
#4849=CARTESIAN_POINT('',(83.5,-12.6678307214999,21.));
#4850=CARTESIAN_POINT('',(83.5,-12.6678307214998,19.5));
#4851=CARTESIAN_POINT('',(76.7184717750929,-33.5392284961856,21.));
#4852=CARTESIAN_POINT('',(78.7303322239496,-27.3473587136454,18.));
#4853=CARTESIAN_POINT('Ctrl Pts',(82.1737620787508,-63.7504286550478,23.5));
#4854=CARTESIAN_POINT('Ctrl Pts',(82.1737620787508,-63.7504286550478,17.5));
#4855=CARTESIAN_POINT('Ctrl Pts',(81.5308045453216,-61.77160883931,23.5));
#4856=CARTESIAN_POINT('Ctrl Pts',(81.5308045453216,-61.77160883931,17.5));
#4857=CARTESIAN_POINT('Ctrl Pts',(80.394035499557,-57.8589460261637,23.5));
#4858=CARTESIAN_POINT('Ctrl Pts',(80.394035499557,-57.8589460261637,17.5));
#4859=CARTESIAN_POINT('Ctrl Pts',(79.1359541288114,-52.1247455150112,23.5));
#4860=CARTESIAN_POINT('Ctrl Pts',(79.1359541288114,-52.1247455150112,17.5));
#4861=CARTESIAN_POINT('Ctrl Pts',(78.2610265910492,-44.698244922151,23.5));
#4862=CARTESIAN_POINT('Ctrl Pts',(78.2610265910492,-44.698244922151,17.5));
#4863=CARTESIAN_POINT('Ctrl Pts',(78.2821330843009,-35.5640833483037,23.5));
#4864=CARTESIAN_POINT('Ctrl Pts',(78.2821330843009,-35.5640833483037,17.5));
#4865=CARTESIAN_POINT('Ctrl Pts',(79.1761942477491,-28.1914549948825,23.5));
#4866=CARTESIAN_POINT('Ctrl Pts',(79.1761942477491,-28.1914549948825,17.5));
#4867=CARTESIAN_POINT('Ctrl Pts',(80.425401774184,-22.5336106909343,23.5));
#4868=CARTESIAN_POINT('Ctrl Pts',(80.425401774184,-22.5336106909343,17.5));
#4869=CARTESIAN_POINT('Ctrl Pts',(81.5434040093126,-18.6896139909417,23.5));
#4870=CARTESIAN_POINT('Ctrl Pts',(81.5434040093126,-18.6896139909417,17.5));
#4871=CARTESIAN_POINT('Ctrl Pts',(82.1737620787507,-16.7495713381063,23.5));
#4872=CARTESIAN_POINT('Ctrl Pts',(82.1737620787507,-16.7495713381063,17.5));
#4873=CARTESIAN_POINT('Ctrl Pts',(81.4997338491981,-61.5759989391038,18.));
#4874=CARTESIAN_POINT('Ctrl Pts',(81.7238546984238,-62.3362136877708,18.));
#4875=CARTESIAN_POINT('Ctrl Pts',(81.9498415024695,-63.0612719837923,18.));
#4876=CARTESIAN_POINT('Ctrl Pts',(82.1737620787508,-63.7504286550478,18.));
#4877=CARTESIAN_POINT('Ctrl Pts',(82.1737620787508,-63.7504286550478,21.));
#4878=CARTESIAN_POINT('Ctrl Pts',(82.0009782352038,-63.2186546642735,21.));
#4879=CARTESIAN_POINT('Ctrl Pts',(81.8346609073708,-62.688831785486,21.));
#4880=CARTESIAN_POINT('Ctrl Pts',(81.6747833911202,-62.1609454338173,21.));
#4881=CARTESIAN_POINT('Ctrl Pts',(81.6156424785159,-61.9656729444692,21.));
#4882=CARTESIAN_POINT('Ctrl Pts',(81.5573823078285,-61.7706651800725,21.));
#4883=CARTESIAN_POINT('Ctrl Pts',(81.5,-61.5759205086785,21.));
#4884=CARTESIAN_POINT('Origin',(-1.67373357390167,-63.7648407901842,23.));
#4885=CARTESIAN_POINT('',(-2.49997149515094,-66.307739638203,18.));
#4886=CARTESIAN_POINT('',(2.51432167625269,-50.8753320940037,12.9857068285964));
#4887=CARTESIAN_POINT('',(-2.99997149515094,-67.8465814067906,21.));
#4888=CARTESIAN_POINT('',(-2.99997149515093,-67.8465814067906,19.5));
#4889=CARTESIAN_POINT('',(-1.67373357390167,-63.7648407901842,21.));
#4890=CARTESIAN_POINT('',(3.78305831003189,-46.9705622432103,21.));
#4891=CARTESIAN_POINT('',(-1.67373357390167,-63.7648407901842,18.));
#4892=CARTESIAN_POINT('',(-1.67373357390167,-63.7648407901842,23.));
#4893=CARTESIAN_POINT('',(1.76058409328263,-53.1950978444609,18.));
#4894=CARTESIAN_POINT('Ctrl Pts',(-1.67373357390169,-16.7639850842574,23.5));
#4895=CARTESIAN_POINT('Ctrl Pts',(-1.67373357390169,-16.7639850842574,17.5));
#4896=CARTESIAN_POINT('Ctrl Pts',(-1.10976374230924,-18.499705750413,23.5));
#4897=CARTESIAN_POINT('Ctrl Pts',(-1.10976374230924,-18.499705750413,17.5));
#4898=CARTESIAN_POINT('Ctrl Pts',(-0.108412194603408,-22.0365693856067,
23.5));
#4899=CARTESIAN_POINT('Ctrl Pts',(-0.108412194603408,-22.0365693856067,
17.5));
#4900=CARTESIAN_POINT('Ctrl Pts',(1.01415623882315,-27.5379330115078,23.5));
#4901=CARTESIAN_POINT('Ctrl Pts',(1.01415623882315,-27.5379330115078,17.5));
#4902=CARTESIAN_POINT('Ctrl Pts',(1.82538013414244,-35.1919326303906,23.5));
#4903=CARTESIAN_POINT('Ctrl Pts',(1.82538013414244,-35.1919326303906,17.5));
#4904=CARTESIAN_POINT('Ctrl Pts',(1.85731060171142,-44.9773371044657,23.5));
#4905=CARTESIAN_POINT('Ctrl Pts',(1.85731060171142,-44.9773371044657,17.5));
#4906=CARTESIAN_POINT('Ctrl Pts',(1.07503256713518,-52.7128360882014,23.5));
#4907=CARTESIAN_POINT('Ctrl Pts',(1.07503256713518,-52.7128360882014,17.5));
#4908=CARTESIAN_POINT('Ctrl Pts',(-0.0609604553305808,-58.3297134268148,
23.5));
#4909=CARTESIAN_POINT('Ctrl Pts',(-0.0609604553305808,-58.3297134268148,
17.5));
#4910=CARTESIAN_POINT('Ctrl Pts',(-1.09070293616028,-61.9704569947387,23.5));
#4911=CARTESIAN_POINT('Ctrl Pts',(-1.09070293616028,-61.9704569947387,17.5));
#4912=CARTESIAN_POINT('Ctrl Pts',(-1.67373357390167,-63.7648407901842,23.5));
#4913=CARTESIAN_POINT('Ctrl Pts',(-1.67373357390167,-63.7648407901842,17.5));
#4914=CARTESIAN_POINT('',(-0.999971495150939,-61.5497827716356,18.));
#4915=CARTESIAN_POINT('Ctrl Pts',(-1.67373357390167,-63.7648407901842,18.));
#4916=CARTESIAN_POINT('Ctrl Pts',(-1.43366942672737,-63.0259993165598,18.));
#4917=CARTESIAN_POINT('Ctrl Pts',(-1.20958358093484,-62.287351104301,18.));
#4918=CARTESIAN_POINT('Ctrl Pts',(-1.00049084928123,-61.5496355701035,18.));
#4919=CARTESIAN_POINT('',(-0.999971495150938,-61.5497827716356,21.));
#4920=CARTESIAN_POINT('Ctrl Pts',(-0.999971495150938,-61.5497827716356,
21.));
#4921=CARTESIAN_POINT('Ctrl Pts',(-1.20933068765627,-62.2875209583634,21.));
#4922=CARTESIAN_POINT('Ctrl Pts',(-1.43370933151127,-63.0261221308563,21.));
#4923=CARTESIAN_POINT('Ctrl Pts',(-1.67373357390167,-63.7648407901842,21.));
#4924=CARTESIAN_POINT('',(-0.999971495150938,-61.5497827716356,19.));
#4925=CARTESIAN_POINT('Ctrl Pts',(-0.999971495150939,-61.5497827716356,
19.));
#4926=CARTESIAN_POINT('Ctrl Pts',(-0.999971495150939,-61.5497827716356,
19.6666666666667));
#4927=CARTESIAN_POINT('Ctrl Pts',(-0.999971495150938,-61.5497827716356,
20.3333333333333));
#4928=CARTESIAN_POINT('Ctrl Pts',(-0.999971495150938,-61.5497827716356,
21.));
#4929=CARTESIAN_POINT('Ctrl Pts',(-0.999971495150939,-61.5497827716356,
18.));
#4930=CARTESIAN_POINT('Ctrl Pts',(-0.999971495150939,-61.5497827716356,
18.3333333333333));
#4931=CARTESIAN_POINT('Ctrl Pts',(-0.999971495150939,-61.5497827716356,
18.6666666666667));
#4932=CARTESIAN_POINT('Ctrl Pts',(-0.999971495150938,-61.5497827716356,
19.));
#4933=CARTESIAN_POINT('Origin',(83.5,-75.25,16.));
#4934=CARTESIAN_POINT('',(83.5,-7.40224253969263,21.));
#4935=CARTESIAN_POINT('',(83.5,-7.40224253969263,21.));
#4936=CARTESIAN_POINT('',(83.5,-5.24999999999999,21.));
#4937=CARTESIAN_POINT('Origin',(-2.99997149515096,-5.26307777816779,16.));
#4938=CARTESIAN_POINT('',(-2.99997149515096,-7.47390611516536,21.));
#4939=CARTESIAN_POINT('',(-2.99997149515096,-5.26307777816779,21.));
#4940=CARTESIAN_POINT('',(-2.99997149515096,-7.47390611516536,21.));
#4941=CARTESIAN_POINT('Origin',(-2.99997149515096,-5.26307777816779,16.));
#4942=CARTESIAN_POINT('',(-2.99997149515093,-73.010141066836,21.));
#4943=CARTESIAN_POINT('',(-2.99997149515093,-73.010141066836,21.));
#4944=CARTESIAN_POINT('',(-2.99997149515096,-5.26307777816779,21.));
#4945=CARTESIAN_POINT('Origin',(12.75,-83.5,16.));
#4946=CARTESIAN_POINT('',(16.7593208299002,-83.5,21.));
#4947=CARTESIAN_POINT('',(16.7593208299002,-83.5,19.5));
#4948=CARTESIAN_POINT('',(14.9501054997805,-83.5,21.));
#4949=CARTESIAN_POINT('',(12.75,-83.5,21.));
#4950=CARTESIAN_POINT('',(14.9501054997805,-83.5,21.));
#4951=CARTESIAN_POINT('Origin',(12.75,-83.5,16.));
#4952=CARTESIAN_POINT('',(63.741714769891,-83.5,21.));
#4953=CARTESIAN_POINT('',(63.741714769891,-83.5,19.5));
#4954=CARTESIAN_POINT('',(65.5719677226252,-83.5,21.));
#4955=CARTESIAN_POINT('',(65.5719677226252,-83.5,21.));
#4956=CARTESIAN_POINT('',(12.75,-83.5,21.));
#4957=CARTESIAN_POINT('Origin',(40.2500125237138,-40.2520962205514,21.));
#4958=CARTESIAN_POINT('',(81.6125601096627,-4.26134101785904,21.));
#4959=CARTESIAN_POINT('Origin',(83.8176441412474,-5.07380911794074,21.));
#4960=CARTESIAN_POINT('',(69.6870551139906,1.98535202433949,21.));
#4961=CARTESIAN_POINT('',(83.5,-5.24999999999999,21.));
#4962=CARTESIAN_POINT('',(65.5666415528793,2.99999993294476,21.));
#4963=CARTESIAN_POINT('Origin',(67.8684131106894,3.47365349374291,21.));
#4964=CARTESIAN_POINT('',(14.9064935875243,2.99999993294479,21.));
#4965=CARTESIAN_POINT('',(12.75,2.99999993294479,21.));
#4966=CARTESIAN_POINT('',(10.836969897394,1.99634628148277,21.));
#4967=CARTESIAN_POINT('Origin',(12.6171441485837,3.53045176527491,21.));
#4968=CARTESIAN_POINT('',(-1.08851862836741,-4.26025160897605,21.));
#4969=CARTESIAN_POINT('',(12.75,2.99999993294479,21.));
#4970=CARTESIAN_POINT('',(-0.917942644989576,-5.1392345188045,21.));
#4971=CARTESIAN_POINT('Origin',(-3.26794264498958,-5.1392345188045,21.));
#4972=CARTESIAN_POINT('Origin',(-3.26794264498958,-5.1392345188045,21.));
#4973=CARTESIAN_POINT('',(-0.999971495150955,-6.47233372619612,21.));
#4974=CARTESIAN_POINT('',(-0.999971495150951,-22.7575869993596,21.));
#4975=CARTESIAN_POINT('',(13.2427896464335,0.999999932944789,21.));
#4976=CARTESIAN_POINT('',(15.5643702575569,2.21799585174576,21.));
#4977=CARTESIAN_POINT('',(67.257901970405,0.999999932944762,21.));
#4978=CARTESIAN_POINT('',(54.0000062618569,0.999999932944771,21.));
#4979=CARTESIAN_POINT('',(72.7963985127795,-1.90111727995711,21.));
#4980=CARTESIAN_POINT('Origin',(40.2500125237138,-40.2520962205514,21.));
#4981=CARTESIAN_POINT('',(-0.89546928090405,-75.3472826622877,21.));
#4982=CARTESIAN_POINT('Origin',(-3.24546928090405,-75.3472826622877,21.));
#4983=CARTESIAN_POINT('',(-1.08245312518911,-76.265901794527,21.));
#4984=CARTESIAN_POINT('Origin',(-3.24546928090405,-75.3472826622877,21.));
#4985=CARTESIAN_POINT('',(10.8088686764639,-82.4848268779882,21.));
#4986=CARTESIAN_POINT('',(-2.99997149515093,-75.2630777781678,21.));
#4987=CARTESIAN_POINT('Origin',(12.6441050679522,-83.9526168450329,21.));
#4988=CARTESIAN_POINT('',(18.9001845134028,-81.5,21.));
#4989=CARTESIAN_POINT('',(32.2124178967779,-69.0636795691777,21.));
#4990=CARTESIAN_POINT('',(13.2414076332773,-81.5,21.));
#4991=CARTESIAN_POINT('',(26.5000062618569,-81.5,21.));
#4992=CARTESIAN_POINT('',(-0.999971495150935,-74.0520416180688,21.));
#4993=CARTESIAN_POINT('',(7.71871264045177,-78.6117402260181,21.));
#4994=CARTESIAN_POINT('',(-0.999971495150951,-22.7575869993596,21.));
#4995=CARTESIAN_POINT('Origin',(40.2748507481289,-40.2266633797218,14.));
#4996=CARTESIAN_POINT('',(10.8088686764639,-82.4848268779882,14.));
#4997=CARTESIAN_POINT('',(12.75,-83.5,14.));
#4998=CARTESIAN_POINT('',(14.6713677730423,-84.5048371777026,14.));
#4999=CARTESIAN_POINT('',(14.9941050679522,-83.9526168450329,14.));
#5000=CARTESIAN_POINT('Origin',(12.6441050679522,-83.9526168450329,14.));
#5001=CARTESIAN_POINT('',(14.9501054997805,-83.5,14.));
#5002=CARTESIAN_POINT('Origin',(12.6441050679522,-83.9526168450329,14.));
#5003=CARTESIAN_POINT('',(54.0124253740644,-83.5,14.));
#5004=CARTESIAN_POINT('Origin',(12.6441050679522,-83.9526168450329,21.));
#5005=CARTESIAN_POINT('',(10.8088686764639,-82.4848268779882,21.));
#5006=CARTESIAN_POINT('',(14.9941050679522,-83.9526168450329,21.));
#5007=CARTESIAN_POINT('',(10.8088686764639,-82.4848268779882,16.));
#5008=CARTESIAN_POINT('',(10.8088686764639,-82.4848268779882,21.));
#5009=CARTESIAN_POINT('',(14.9501054997805,-83.5,16.));
#5010=CARTESIAN_POINT('Origin',(12.6441050679522,-83.9526168450329,16.));
#5011=CARTESIAN_POINT('',(14.9501054997805,-83.5,21.));
#5012=CARTESIAN_POINT('Origin',(40.2748507481289,-40.2266633797218,14.));
#5013=CARTESIAN_POINT('',(-1.08851862836741,-4.26025160897605,14.));
#5014=CARTESIAN_POINT('',(-2.99997149515096,-5.26307777816779,14.));
#5015=CARTESIAN_POINT('',(6.77518560989726,-0.134631493537012,14.));
#5016=CARTESIAN_POINT('',(-2.99997149515096,-7.47390611516536,14.));
#5017=CARTESIAN_POINT('Origin',(-3.26794264498958,-5.1392345188045,14.));
#5018=CARTESIAN_POINT('',(-2.99997149515094,-57.7448705789448,14.));
#5019=CARTESIAN_POINT('Origin',(40.2748507481289,-40.2266633797218,14.));
#5020=CARTESIAN_POINT('',(14.9064935875243,2.99999993294479,14.));
#5021=CARTESIAN_POINT('',(12.75,2.99999993294479,14.));
#5022=CARTESIAN_POINT('',(26.5124253740645,2.99999993294478,14.));
#5023=CARTESIAN_POINT('',(14.9671441485837,3.53045176527491,14.));
#5024=CARTESIAN_POINT('Origin',(12.6171441485837,3.53045176527491,14.));
#5025=CARTESIAN_POINT('',(10.836969897394,1.99634628148277,14.));
#5026=CARTESIAN_POINT('Origin',(12.6171441485837,3.53045176527491,14.));
#5027=CARTESIAN_POINT('',(6.77518560989726,-0.134631493537012,14.));
#5028=CARTESIAN_POINT('Origin',(12.6171441485837,3.53045176527491,21.));
#5029=CARTESIAN_POINT('',(14.9064935875243,2.99999993294479,21.));
#5030=CARTESIAN_POINT('',(14.9671441485837,3.53045176527491,21.));
#5031=CARTESIAN_POINT('',(14.9064935875243,2.99999993294479,16.));
#5032=CARTESIAN_POINT('',(14.9064935875243,2.99999993294479,21.));
#5033=CARTESIAN_POINT('',(10.836969897394,1.99634628148276,16.));
#5034=CARTESIAN_POINT('Origin',(12.6171441485837,3.53045176527491,16.));
#5035=CARTESIAN_POINT('',(10.836969897394,1.99634628148277,21.));
#5036=CARTESIAN_POINT('',(10.836969897394,1.99634628148277,21.));
#5037=CARTESIAN_POINT('Origin',(40.2748507481289,-40.2266633797218,14.));
#5038=CARTESIAN_POINT('',(83.5,-7.40224253969263,14.));
#5039=CARTESIAN_POINT('',(83.5,-5.24999999999999,14.));
#5040=CARTESIAN_POINT('',(83.5,-22.7383316898609,14.));
#5041=CARTESIAN_POINT('',(86.1676441412474,-5.07380911794074,14.));
#5042=CARTESIAN_POINT('Origin',(83.8176441412474,-5.07380911794074,14.));
#5043=CARTESIAN_POINT('',(81.6125601096627,-4.26134101785905,14.));
#5044=CARTESIAN_POINT('Origin',(83.8176441412474,-5.07380911794074,14.));
#5045=CARTESIAN_POINT('',(65.8539308865941,3.99317898427539,14.));
#5046=CARTESIAN_POINT('Origin',(40.2748507481289,-40.2266633797218,14.));
#5047=CARTESIAN_POINT('',(69.6870551139906,1.98535202433949,14.));
#5048=CARTESIAN_POINT('',(67.75,2.99999993294476,14.));
#5049=CARTESIAN_POINT('',(65.8539308865941,3.99317898427539,14.));
#5050=CARTESIAN_POINT('',(70.2184131106894,3.4736534937429,14.));
#5051=CARTESIAN_POINT('Origin',(67.8684131106894,3.47365349374291,14.));
#5052=CARTESIAN_POINT('',(65.5666415528793,2.99999993294476,14.));
#5053=CARTESIAN_POINT('Origin',(67.8684131106894,3.47365349374291,14.));
#5054=CARTESIAN_POINT('',(26.5124253740645,2.99999993294478,14.));
#5055=CARTESIAN_POINT('Origin',(67.8684131106894,3.47365349374291,21.));
#5056=CARTESIAN_POINT('',(69.6870551139906,1.98535202433949,21.));
#5057=CARTESIAN_POINT('',(70.2184131106894,3.4736534937429,21.));
#5058=CARTESIAN_POINT('',(69.6870551139906,1.98535202433949,16.));
#5059=CARTESIAN_POINT('',(69.6870551139906,1.98535202433949,21.));
#5060=CARTESIAN_POINT('',(65.5666415528793,2.99999993294476,16.));
#5061=CARTESIAN_POINT('Origin',(67.8684131106894,3.47365349374291,16.));
#5062=CARTESIAN_POINT('',(65.5666415528793,2.99999993294476,21.));
#5063=CARTESIAN_POINT('',(65.5666415528793,2.99999993294476,21.));
#5064=CARTESIAN_POINT('Origin',(40.2748507481289,-40.2266633797218,14.));
#5065=CARTESIAN_POINT('',(81.5951513635916,-76.2477778571663,14.));
#5066=CARTESIAN_POINT('',(83.5,-75.25,14.));
#5067=CARTESIAN_POINT('',(73.7385230775882,-80.3631545784062,14.));
#5068=CARTESIAN_POINT('',(86.0968401170725,-75.302931039876,14.));
#5069=CARTESIAN_POINT('Origin',(83.7468401170725,-75.302931039876,14.));
#5070=CARTESIAN_POINT('',(83.5,-72.9659308352112,14.));
#5071=CARTESIAN_POINT('Origin',(83.7468401170725,-75.302931039876,14.));
#5072=CARTESIAN_POINT('',(83.5,-22.7383316898609,14.));
#5073=CARTESIAN_POINT('Origin',(40.2748507481289,-40.2266633797218,14.));
#5074=CARTESIAN_POINT('',(-2.99997149515093,-73.010141066836,14.));
#5075=CARTESIAN_POINT('',(-2.99997149515093,-75.2630777781678,14.));
#5076=CARTESIAN_POINT('',(-2.99997149515094,-57.7448705789448,14.));
#5077=CARTESIAN_POINT('',(-1.08245312518911,-76.265901794527,14.));
#5078=CARTESIAN_POINT('Origin',(-3.24546928090405,-75.3472826622877,14.));
#5079=CARTESIAN_POINT('',(14.6713677730423,-84.5048371777026,14.));
#5080=CARTESIAN_POINT('Origin',(40.2748507481289,-40.2266633797218,14.));
#5081=CARTESIAN_POINT('',(65.5719677226252,-83.5,14.));
#5082=CARTESIAN_POINT('',(67.75,-83.5,14.));
#5083=CARTESIAN_POINT('',(54.0124253740644,-83.5,14.));
#5084=CARTESIAN_POINT('',(70.2216325545129,-83.9837785247185,14.));
#5085=CARTESIAN_POINT('Origin',(67.8716325545129,-83.9837785247185,14.));
#5086=CARTESIAN_POINT('',(69.6834868706809,-82.4872211629767,14.));
#5087=CARTESIAN_POINT('Origin',(67.8716325545129,-83.9837785247185,14.));
#5088=CARTESIAN_POINT('',(73.7385230775882,-80.3631545784062,14.));
#5089=CARTESIAN_POINT('Origin',(67.8716325545129,-83.9837785247185,21.));
#5090=CARTESIAN_POINT('',(69.6834868706809,-82.4872211629767,21.));
#5091=CARTESIAN_POINT('',(69.6834868706809,-82.4872211629767,21.));
#5092=CARTESIAN_POINT('Origin',(67.8716325545129,-83.9837785247185,21.));
#5093=CARTESIAN_POINT('',(70.2216325545129,-83.9837785247185,21.));
#5094=CARTESIAN_POINT('',(65.5719677226252,-83.5,16.));
#5095=CARTESIAN_POINT('',(65.5719677226252,-83.5,21.));
#5096=CARTESIAN_POINT('',(69.6834868706809,-82.4872211629767,16.));
#5097=CARTESIAN_POINT('Origin',(67.8716325545129,-83.9837785247185,16.));
#5098=CARTESIAN_POINT('',(69.6834868706809,-82.4872211629767,21.));
#5099=CARTESIAN_POINT('Origin',(67.75,2.99999993294476,16.));
#5100=CARTESIAN_POINT('Origin',(67.75,2.99999993294476,0.));
#5101=CARTESIAN_POINT('',(81.6125601096627,-4.26134101785904,16.));
#5102=CARTESIAN_POINT('',(81.6125601096627,-4.26134101785905,21.));
#5103=CARTESIAN_POINT('',(65.8494124962018,3.99554576017592,16.));
#5104=CARTESIAN_POINT('',(67.75,2.99999993294476,6.));
#5105=CARTESIAN_POINT('',(67.75,2.99999993294476,0.));
#5106=CARTESIAN_POINT('',(83.5,-5.24999999999999,6.));
#5107=CARTESIAN_POINT('',(83.5,-5.24999999999999,6.));
#5108=CARTESIAN_POINT('',(83.5,-5.24999999999999,0.));
#5109=CARTESIAN_POINT('Origin',(83.5,-75.25,16.));
#5110=CARTESIAN_POINT('',(83.5,-72.9659308352112,21.));
#5111=CARTESIAN_POINT('',(83.5,-5.24999999999999,21.));
#5112=CARTESIAN_POINT('',(83.5,-72.9659308352112,21.));
#5113=CARTESIAN_POINT('Origin',(-2.99997149515093,-75.2630777781678,0.));
#5114=CARTESIAN_POINT('',(-2.99997149515095,-7.47390611516536,16.));
#5115=CARTESIAN_POINT('',(-2.99997149515096,-7.47390611516536,21.));
#5116=CARTESIAN_POINT('',(-2.99997149515093,-73.010141066836,16.));
#5117=CARTESIAN_POINT('',(-2.99997149515094,-57.7575869993596,16.));
#5118=CARTESIAN_POINT('',(-2.99997149515093,-73.010141066836,21.));
#5119=CARTESIAN_POINT('',(-2.99997149515093,-75.2630777781678,6.));
#5120=CARTESIAN_POINT('',(-2.99997149515093,-75.2630777781678,0.));
#5121=CARTESIAN_POINT('',(-2.99997149515096,-5.26307777816779,6.));
#5122=CARTESIAN_POINT('',(-2.99997149515096,-5.26307777816779,6.));
#5123=CARTESIAN_POINT('',(-2.99997149515096,-5.26307777816779,0.));
#5124=CARTESIAN_POINT('Origin',(40.2500125237138,-40.2520962205514,21.));
#5125=CARTESIAN_POINT('',(67.2579019668619,-81.5,21.));
#5126=CARTESIAN_POINT('',(64.9205369857572,-82.7243340377216,21.));
#5127=CARTESIAN_POINT('',(61.6008510863883,-81.5,21.));
#5128=CARTESIAN_POINT('',(26.5000062618569,-81.5,21.));
#5129=CARTESIAN_POINT('',(45.5609167394911,-66.5154547713624,21.));
#5130=CARTESIAN_POINT('',(81.5951513635916,-76.2477778571663,21.));
#5131=CARTESIAN_POINT('',(67.75,-83.5,21.));
#5132=CARTESIAN_POINT('Origin',(83.7468401170725,-75.302931039876,21.));
#5133=CARTESIAN_POINT('Origin',(67.75,-83.5,16.));
#5134=CARTESIAN_POINT('',(81.5951513635916,-76.2477778571663,21.));
#5135=CARTESIAN_POINT('Origin',(67.75,-83.5,0.));
#5136=CARTESIAN_POINT('',(54.0000062618569,-83.5,16.));
#5137=CARTESIAN_POINT('',(67.75,-83.5,6.));
#5138=CARTESIAN_POINT('',(67.75,-83.5,0.));
#5139=CARTESIAN_POINT('',(12.75,-83.5,6.));
#5140=CARTESIAN_POINT('',(12.75,-83.5,6.));
#5141=CARTESIAN_POINT('',(12.75,-83.5,0.));
#5142=CARTESIAN_POINT('Origin',(40.2500125237138,-40.2520962205514,16.));
#5143=CARTESIAN_POINT('',(-1.0824531251891,-76.265901794527,16.));
#5144=CARTESIAN_POINT('',(14.66683802063,-84.5024682071736,16.));
#5145=CARTESIAN_POINT('',(-0.89546928090405,-75.3472826622877,16.));
#5146=CARTESIAN_POINT('Origin',(-3.24546928090405,-75.3472826622877,16.));
#5147=CARTESIAN_POINT('Origin',(-3.24546928090405,-75.3472826622877,16.));
#5148=CARTESIAN_POINT('',(-0.917942644989576,-5.1392345188045,16.));
#5149=CARTESIAN_POINT('Origin',(-3.26794264498958,-5.1392345188045,16.));
#5150=CARTESIAN_POINT('',(-1.08851862836741,-4.26025160897605,16.));
#5151=CARTESIAN_POINT('Origin',(-3.26794264498958,-5.1392345188045,16.));
#5152=CARTESIAN_POINT('',(6.76021545065116,-0.142485449922671,16.));
#5153=CARTESIAN_POINT('',(26.5000062618569,2.99999993294478,16.));
#5154=CARTESIAN_POINT('',(83.5,-7.40224253969263,16.));
#5155=CARTESIAN_POINT('Origin',(83.8176441412474,-5.07380911794074,16.));
#5156=CARTESIAN_POINT('',(83.5,-72.9659308352112,16.));
#5157=CARTESIAN_POINT('',(83.5,-22.7510481102757,16.));
#5158=CARTESIAN_POINT('',(81.5951513635916,-76.2477778571663,16.));
#5159=CARTESIAN_POINT('Origin',(83.7468401170725,-75.302931039876,16.));
#5160=CARTESIAN_POINT('',(73.7235509750983,-80.3709971082819,16.));
#5161=CARTESIAN_POINT('',(67.257901970405,0.999999932944762,16.));
#5162=CARTESIAN_POINT('',(72.7963985127795,-1.90111727995711,16.));
#5163=CARTESIAN_POINT('',(13.2427896464335,0.999999932944789,16.));
#5164=CARTESIAN_POINT('',(54.0000062618569,0.999999932944771,16.));
#5165=CARTESIAN_POINT('',(-0.999971495150955,-6.47233372619612,16.));
#5166=CARTESIAN_POINT('',(15.5643702575569,2.21799585174576,16.));
#5167=CARTESIAN_POINT('',(-0.999971495150935,-74.0520416180688,16.));
#5168=CARTESIAN_POINT('',(-0.999971495150951,-22.7575869993596,16.));
#5169=CARTESIAN_POINT('',(13.2414076332773,-81.5,16.));
#5170=CARTESIAN_POINT('',(7.71871264045177,-78.6117402260181,16.));
#5171=CARTESIAN_POINT('',(67.2579019668619,-81.5,16.));
#5172=CARTESIAN_POINT('',(26.5000062618569,-81.5,16.));
#5173=CARTESIAN_POINT('',(64.9205369857572,-82.7243340377216,16.));
#5174=CARTESIAN_POINT('Origin',(83.5,-5.24999999999999,16.));
#5175=CARTESIAN_POINT('',(81.6125601096627,-4.26134101785904,21.));
#5176=CARTESIAN_POINT('Origin',(82.5719860165777,-7.02166307366064,16.));
#5177=CARTESIAN_POINT('',(67.257901970405,0.99999993294476,16.));
#5178=CARTESIAN_POINT('Origin',(66.8219860106589,-81.7283369294397,16.));
#5179=CARTESIAN_POINT('',(67.2579019668619,-81.5,16.));
#5180=CARTESIAN_POINT('Origin',(12.75,-81.5,16.));
#5181=CARTESIAN_POINT('',(61.6008510863883,-81.5,17.5));
#5182=CARTESIAN_POINT('',(61.6008510863883,-81.5,19.5));
#5183=CARTESIAN_POINT('',(13.2414076332773,-81.5,16.));
#5184=CARTESIAN_POINT('',(18.9001845134028,-81.5,17.5));
#5185=CARTESIAN_POINT('',(18.9001845134028,-81.5,19.5));
#5186=CARTESIAN_POINT('',(26.5002588999478,-81.5,17.5));
#5187=CARTESIAN_POINT('Origin',(-2.07311112775367,-73.4908109079284,16.));
#5188=CARTESIAN_POINT('',(-0.999971495150935,-74.0520416180688,16.));
#5189=CARTESIAN_POINT('Origin',(-0.999971495150956,-5.26307777816779,16.));
#5190=CARTESIAN_POINT('',(-0.999971495150938,-61.5497827716356,17.5));
#5191=CARTESIAN_POINT('Ctrl Pts',(-0.999971495150939,-61.5497827716356,
18.));
#5192=CARTESIAN_POINT('Ctrl Pts',(-0.999971495150939,-61.5497827716356,
17.8333333333333));
#5193=CARTESIAN_POINT('Ctrl Pts',(-0.999971495150938,-61.5497827716356,
17.6666666666667));
#5194=CARTESIAN_POINT('Ctrl Pts',(-0.999971495150939,-61.5497827716356,
17.5));
#5195=CARTESIAN_POINT('',(-0.999971495150955,-6.47233372619612,16.));
#5196=CARTESIAN_POINT('',(-0.999971495150952,-18.9833301429458,17.5));
#5197=CARTESIAN_POINT('Ctrl Pts',(-0.999971495150952,-18.9833301429458,
17.5));
#5198=CARTESIAN_POINT('Ctrl Pts',(-0.999971495150952,-18.9833301429458,
17.6666666666667));
#5199=CARTESIAN_POINT('Ctrl Pts',(-0.999971495150952,-18.9833301429458,
17.8333333333333));
#5200=CARTESIAN_POINT('Ctrl Pts',(-0.999971495150952,-18.9833301429458,
18.));
#5201=CARTESIAN_POINT('',(-0.999971495150951,-22.7637453576943,17.5));
#5202=CARTESIAN_POINT('Origin',(13.6791690593303,1.22894237905693,16.));
#5203=CARTESIAN_POINT('',(13.2427896464334,0.999999932944786,16.));
#5204=CARTESIAN_POINT('Origin',(67.75,0.99999993294476,16.));
#5205=CARTESIAN_POINT('Origin',(-2.99997149515093,-75.2630777781678,16.));
#5206=CARTESIAN_POINT('',(-1.08245312518911,-76.265901794527,21.));
#5207=CARTESIAN_POINT('Origin',(12.75,2.99999993294479,16.));
#5208=CARTESIAN_POINT('',(-1.08851862836741,-4.26025160897605,21.));
#5209=CARTESIAN_POINT('Origin',(83.5,-75.25,0.));
#5210=CARTESIAN_POINT('',(83.5,-75.25,6.));
#5211=CARTESIAN_POINT('',(83.5,-75.25,0.));
#5212=CARTESIAN_POINT('',(67.75,-83.5,6.));
#5213=CARTESIAN_POINT('',(81.5951513635916,-76.2477778571663,21.));
#5214=CARTESIAN_POINT('Origin',(83.5,-5.24999999999999,0.));
#5215=CARTESIAN_POINT('',(83.5,-5.24999999999999,6.));
#5216=CARTESIAN_POINT('',(83.5,-72.9659308352112,21.));
#5217=CARTESIAN_POINT('',(83.5,-7.40224253969263,21.));
#5218=CARTESIAN_POINT('Origin',(12.75,2.99999993294479,0.));
#5219=CARTESIAN_POINT('',(12.75,2.99999993294479,6.));
#5220=CARTESIAN_POINT('',(12.75,2.99999993294479,0.));
#5221=CARTESIAN_POINT('',(34.7926572132555,2.99999993294478,6.));
#5222=CARTESIAN_POINT('',(12.75,2.99999993294479,6.));
#5223=CARTESIAN_POINT('',(34.25,2.99999993294478,7.58499999999999));
#5224=CARTESIAN_POINT('Ctrl Pts',(34.7926572132555,2.99999993294478,6.00000000000007));
#5225=CARTESIAN_POINT('Ctrl Pts',(34.7483004274987,2.99999993294478,6.05465676536547));
#5226=CARTESIAN_POINT('Ctrl Pts',(34.706291181064,2.99999993294478,6.1113317624967));
#5227=CARTESIAN_POINT('Ctrl Pts',(34.5265195311122,2.99999993294478,6.37788635843143));
#5228=CARTESIAN_POINT('Ctrl Pts',(34.4208678314363,2.99999993294478,6.60519368365816));
#5229=CARTESIAN_POINT('Ctrl Pts',(34.2816792031804,2.99999993294478,7.08709037251936));
#5230=CARTESIAN_POINT('Ctrl Pts',(34.25,2.99999993294478,7.33367539487682));
#5231=CARTESIAN_POINT('Ctrl Pts',(34.25,2.99999993294478,7.585));
#5232=CARTESIAN_POINT('',(34.25,2.99999993294478,8.75499999999999));
#5233=CARTESIAN_POINT('',(34.25,2.99999993294478,4.37749999999996));
#5234=CARTESIAN_POINT('',(36.75,2.99999993294478,11.255));
#5235=CARTESIAN_POINT('Ctrl Pts',(34.25,2.99999993294478,8.75499999999999));
#5236=CARTESIAN_POINT('Ctrl Pts',(34.25,2.99999993294478,9.2836497956938));
#5237=CARTESIAN_POINT('Ctrl Pts',(34.4445984426391,2.99999993294478,9.83081317386404));
#5238=CARTESIAN_POINT('Ctrl Pts',(34.7284676279843,2.99999993294478,10.2179164687839));
#5239=CARTESIAN_POINT('Ctrl Pts',(35.0580977898468,2.99999993294478,10.6674225383021));
#5240=CARTESIAN_POINT('Ctrl Pts',(35.4994190915225,2.99999993294478,11.0015990752597));
#5241=CARTESIAN_POINT('Ctrl Pts',(36.0875788347376,2.99999993294478,11.1653392678194));
#5242=CARTESIAN_POINT('Ctrl Pts',(36.3010599885351,2.99999993294478,11.2247711579375));
#5243=CARTESIAN_POINT('Ctrl Pts',(36.5298016584789,2.99999993294478,11.255));
#5244=CARTESIAN_POINT('Ctrl Pts',(36.75,2.99999993294478,11.255));
#5245=CARTESIAN_POINT('',(43.75,2.99999993294477,11.255));
#5246=CARTESIAN_POINT('',(28.25,2.99999993294478,11.255));
#5247=CARTESIAN_POINT('',(46.25,2.99999993294477,8.75499999999999));
#5248=CARTESIAN_POINT('Ctrl Pts',(43.75,2.99999993294477,11.255));
#5249=CARTESIAN_POINT('Ctrl Pts',(43.9701919785428,2.99999993294477,11.255));
#5250=CARTESIAN_POINT('Ctrl Pts',(44.1989272913182,2.99999993294477,11.2247733150012));
#5251=CARTESIAN_POINT('Ctrl Pts',(44.4124041321173,2.99999993294477,11.1653446581295));
#5252=CARTESIAN_POINT('Ctrl Pts',(45.0005680228122,2.99999993294477,11.0016089108999));
#5253=CARTESIAN_POINT('Ctrl Pts',(45.4418967321011,2.99999993294477,10.667429801896));
#5254=CARTESIAN_POINT('Ctrl Pts',(45.7715278790037,2.99999993294477,10.2179248945013));
#5255=CARTESIAN_POINT('Ctrl Pts',(46.0554009086226,2.99999993294477,9.83081851487155));
#5256=CARTESIAN_POINT('Ctrl Pts',(46.25,2.99999993294477,9.28365240519132));
#5257=CARTESIAN_POINT('Ctrl Pts',(46.25,2.99999993294477,8.75499999999999));
#5258=CARTESIAN_POINT('',(46.25,2.99999993294477,7.58499999999999));
#5259=CARTESIAN_POINT('',(46.25,2.99999993294477,3.7925));
#5260=CARTESIAN_POINT('',(45.6714363145744,2.99999993294477,6.));
#5261=CARTESIAN_POINT('Ctrl Pts',(46.25,2.99999993294477,7.58499999999999));
#5262=CARTESIAN_POINT('Ctrl Pts',(46.25,2.99999993294477,7.06097823033235));
#5263=CARTESIAN_POINT('Ctrl Pts',(46.0581303477571,2.99999993294477,6.52636958723378));
#5264=CARTESIAN_POINT('Ctrl Pts',(45.7840229134966,2.99999993294477,6.14531015744651));
#5265=CARTESIAN_POINT('Ctrl Pts',(45.7478843494594,2.99999993294477,6.09507094871253));
#5266=CARTESIAN_POINT('Ctrl Pts',(45.7103978966637,2.99999993294477,6.04620415973425));
#5267=CARTESIAN_POINT('Ctrl Pts',(45.6714855857786,2.99999993294477,5.9987869386321));
#5268=CARTESIAN_POINT('',(12.75,2.99999993294479,6.));
#5269=CARTESIAN_POINT('Origin',(33.25,4.99999993294478,4.37750000000006));
#5270=CARTESIAN_POINT('',(33.25,5.99999993294478,8.755));
#5271=CARTESIAN_POINT('',(34.25,4.99999993294478,8.75499999999999));
#5272=CARTESIAN_POINT('Origin',(33.25,4.99999993294478,8.755));
#5273=CARTESIAN_POINT('',(34.25,4.99999993294478,7.58499999999999));
#5274=CARTESIAN_POINT('',(34.25,4.99999993294478,4.37750000000006));
#5275=CARTESIAN_POINT('',(33.25,5.99999993294478,7.585));
#5276=CARTESIAN_POINT('Origin',(33.25,4.99999993294478,7.585));
#5277=CARTESIAN_POINT('',(33.25,5.99999993294478,4.37750000000006));
#5278=CARTESIAN_POINT('Ctrl Pts',(34.25,4.99999993294478,7.58499999999992));
#5279=CARTESIAN_POINT('Ctrl Pts',(34.25,4.99999993294478,6.99471988296051));
#5280=CARTESIAN_POINT('Ctrl Pts',(34.5570552187232,4.99999993294478,6.08362047309476));
#5281=CARTESIAN_POINT('Ctrl Pts',(35.6167119013458,4.99999993294478,5.24842108072149));
#5282=CARTESIAN_POINT('Ctrl Pts',(36.3647590465665,4.99999993294478,5.08499999999996));
#5283=CARTESIAN_POINT('Ctrl Pts',(36.7500000000001,4.99999993294478,5.08499999999999));
#5284=CARTESIAN_POINT('Ctrl Pts',(34.25,5.29919923328667,7.58499999999992));
#5285=CARTESIAN_POINT('Ctrl Pts',(34.25,5.29919923328666,6.99535063193782));
#5286=CARTESIAN_POINT('Ctrl Pts',(34.5581339529054,5.29919923328667,6.08380058727539));
#5287=CARTESIAN_POINT('Ctrl Pts',(35.616788689829,5.29919923328666,5.2493414496388));
#5288=CARTESIAN_POINT('Ctrl Pts',(36.3652060046666,5.29919923328666,5.08499999999996));
#5289=CARTESIAN_POINT('Ctrl Pts',(36.7500000000001,5.29919923328666,5.08499999999999));
#5290=CARTESIAN_POINT('Ctrl Pts',(33.9988259221057,5.81714599137712,7.58499999999994));
#5291=CARTESIAN_POINT('Ctrl Pts',(33.9988259221057,5.81714599137711,6.9449724301231));
#5292=CARTESIAN_POINT('Ctrl Pts',(34.3381651789634,5.81714599137713,5.93217523286075));
#5293=CARTESIAN_POINT('Ctrl Pts',(35.5067132248854,5.81714599137712,5.01375922817665));
#5294=CARTESIAN_POINT('Ctrl Pts',(36.329507262094,5.81714599137712,4.83382592210565));
#5295=CARTESIAN_POINT('Ctrl Pts',(36.7500000000001,5.81714599137712,4.83382592210568));
#5296=CARTESIAN_POINT('Ctrl Pts',(33.4743994752564,5.99999993294478,7.58499999999997));
#5297=CARTESIAN_POINT('Ctrl Pts',(33.4743994752564,5.99999993294476,6.84155254142815));
#5298=CARTESIAN_POINT('Ctrl Pts',(33.8819104950651,5.99999993294479,5.61610054397102));
#5299=CARTESIAN_POINT('Ctrl Pts',(35.2771014693759,5.99999993294477,4.52446213038018));
#5300=CARTESIAN_POINT('Ctrl Pts',(36.2562223918441,5.99999993294478,4.30939947525636));
#5301=CARTESIAN_POINT('Ctrl Pts',(36.7500000000002,5.99999993294478,4.30939947525641));
#5302=CARTESIAN_POINT('Ctrl Pts',(33.25,5.99999993294479,7.58499999999999));
#5303=CARTESIAN_POINT('Ctrl Pts',(33.25,5.99999993294476,6.79735443381453));
#5304=CARTESIAN_POINT('Ctrl Pts',(33.6867750144219,5.99999993294479,5.48086938656728));
#5305=CARTESIAN_POINT('Ctrl Pts',(35.1788584034843,5.99999993294477,4.31517421844021));
#5306=CARTESIAN_POINT('Ctrl Pts',(36.2249029558766,5.99999993294478,4.08499999999995));
#5307=CARTESIAN_POINT('Ctrl Pts',(36.7500000000002,5.99999993294478,4.08499999999999));
#5308=CARTESIAN_POINT('',(36.7500000000001,4.99999993294478,5.08499999999999));
#5309=CARTESIAN_POINT('',(36.7500000000002,5.99999993294478,4.08499999999999));
#5310=CARTESIAN_POINT('Origin',(36.7500000000002,4.99999993294478,4.08499999999999));
#5311=CARTESIAN_POINT('Ctrl Pts',(36.7500000000002,5.99999993294478,4.08499999999999));
#5312=CARTESIAN_POINT('Ctrl Pts',(36.2249029558766,5.99999993294478,4.08499999999995));
#5313=CARTESIAN_POINT('Ctrl Pts',(35.1788584034843,5.99999993294477,4.31517421844021));
#5314=CARTESIAN_POINT('Ctrl Pts',(33.6867750144219,5.99999993294479,5.48086938656728));
#5315=CARTESIAN_POINT('Ctrl Pts',(33.25,5.99999993294476,6.79735443381453));
#5316=CARTESIAN_POINT('Ctrl Pts',(33.25,5.99999993294479,7.58499999999999));
#5317=CARTESIAN_POINT('Ctrl Pts',(34.25,4.99999993294478,7.58499999999992));
#5318=CARTESIAN_POINT('Ctrl Pts',(34.25,4.99999993294478,6.99471988296051));
#5319=CARTESIAN_POINT('Ctrl Pts',(34.5570552187232,4.99999993294478,6.08362047309476));
#5320=CARTESIAN_POINT('Ctrl Pts',(35.6167119013458,4.99999993294478,5.24842108072149));
#5321=CARTESIAN_POINT('Ctrl Pts',(36.3647590465665,4.99999993294478,5.08499999999996));
#5322=CARTESIAN_POINT('Ctrl Pts',(36.7500000000001,4.99999993294478,5.08499999999999));
#5323=CARTESIAN_POINT('Origin',(52.6190735221963,4.99999993294477,4.08500000000001));
#5324=CARTESIAN_POINT('',(43.7499999999999,4.99999993294478,5.085));
#5325=CARTESIAN_POINT('',(43.7499999999999,5.99999993294477,4.085));
#5326=CARTESIAN_POINT('Origin',(43.7499999999999,4.99999993294478,4.085));
#5327=CARTESIAN_POINT('',(52.6190735221963,5.99999993294477,4.08500000000001));
#5328=CARTESIAN_POINT('',(52.6190735221963,4.99999993294477,5.08500000000001));
#5329=CARTESIAN_POINT('Ctrl Pts',(43.75,4.99999993294478,5.085));
#5330=CARTESIAN_POINT('Ctrl Pts',(44.3133311650378,4.99999993294477,5.08499999999998));
#5331=CARTESIAN_POINT('Ctrl Pts',(45.2258731354135,4.99999993294477,5.41426589403016));
#5332=CARTESIAN_POINT('Ctrl Pts',(46.0852584185365,4.99999993294477,6.48063808509925));
#5333=CARTESIAN_POINT('Ctrl Pts',(46.25,4.99999993294477,7.20904588359918));
#5334=CARTESIAN_POINT('Ctrl Pts',(46.25,4.99999993294477,7.58499999999991));
#5335=CARTESIAN_POINT('Ctrl Pts',(43.75,5.29919923328666,5.085));
#5336=CARTESIAN_POINT('Ctrl Pts',(44.3126243747182,5.29919923328666,5.08499999999998));
#5337=CARTESIAN_POINT('Ctrl Pts',(45.2257507866953,5.29919923328666,5.41538451713431));
#5338=CARTESIAN_POINT('Ctrl Pts',(46.0842480651191,5.29919923328666,6.48068141392261));
#5339=CARTESIAN_POINT('Ctrl Pts',(46.25,5.29919923328666,7.20951579878803));
#5340=CARTESIAN_POINT('Ctrl Pts',(46.25,5.29919923328666,7.58499999999991));
#5341=CARTESIAN_POINT('Ctrl Pts',(43.75,5.81710519832157,4.83379192389716));
#5342=CARTESIAN_POINT('Ctrl Pts',(44.3690760324181,5.81710519832157,4.83379192389714));
#5343=CARTESIAN_POINT('Ctrl Pts',(45.3776342737845,5.81710519832158,5.19818330772516));
#5344=CARTESIAN_POINT('Ctrl Pts',(46.3165284987641,5.81710519832158,6.36493721368549));
#5345=CARTESIAN_POINT('Ctrl Pts',(46.5012080761029,5.81710519832157,7.17198346330856));
#5346=CARTESIAN_POINT('Ctrl Pts',(46.5012080761029,5.81710519832157,7.58499999999992));
#5347=CARTESIAN_POINT('Ctrl Pts',(43.7499999999999,5.99999993294477,4.30939947525641));
#5348=CARTESIAN_POINT('Ctrl Pts',(44.4849639352344,5.99999993294477,4.30939947525638));
#5349=CARTESIAN_POINT('Ctrl Pts',(45.6943501501616,5.99999993294478,4.74787206107058));
#5350=CARTESIAN_POINT('Ctrl Pts',(46.7986166758497,5.99999993294478,6.12344301144396));
#5351=CARTESIAN_POINT('Ctrl Pts',(47.0256005247436,5.99999993294476,7.09493446556892));
#5352=CARTESIAN_POINT('Ctrl Pts',(47.0256005247436,5.99999993294477,7.58499999999992));
#5353=CARTESIAN_POINT('Ctrl Pts',(43.7499999999999,5.99999993294477,4.085));
#5354=CARTESIAN_POINT('Ctrl Pts',(44.5344904437661,5.99999993294476,4.08499999999997));
#5355=CARTESIAN_POINT('Ctrl Pts',(45.8298689124107,5.99999993294478,4.5552758058862));
#5356=CARTESIAN_POINT('Ctrl Pts',(47.0048208939139,5.99999993294478,6.02010609876949));
#5357=CARTESIAN_POINT('Ctrl Pts',(47.25,5.99999993294476,7.06200637082243));
#5358=CARTESIAN_POINT('Ctrl Pts',(47.25,5.99999993294477,7.58499999999992));
#5359=CARTESIAN_POINT('',(46.25,4.99999993294477,7.58499999999995));
#5360=CARTESIAN_POINT('',(47.25,5.99999993294477,7.58499999999992));
#5361=CARTESIAN_POINT('Origin',(47.25,4.99999993294477,7.58499999999992));
#5362=CARTESIAN_POINT('Ctrl Pts',(47.25,5.99999993294477,7.58499999999992));
#5363=CARTESIAN_POINT('Ctrl Pts',(47.25,5.99999993294476,7.06200637082243));
#5364=CARTESIAN_POINT('Ctrl Pts',(47.0048208939139,5.99999993294478,6.02010609876949));
#5365=CARTESIAN_POINT('Ctrl Pts',(45.8298689124107,5.99999993294478,4.5552758058862));
#5366=CARTESIAN_POINT('Ctrl Pts',(44.5344904437661,5.99999993294476,4.08499999999997));
#5367=CARTESIAN_POINT('Ctrl Pts',(43.7499999999999,5.99999993294477,4.085));
#5368=CARTESIAN_POINT('Ctrl Pts',(43.75,4.99999993294478,5.085));
#5369=CARTESIAN_POINT('Ctrl Pts',(44.3133311650378,4.99999993294477,5.08499999999998));
#5370=CARTESIAN_POINT('Ctrl Pts',(45.2258731354135,4.99999993294477,5.41426589403016));
#5371=CARTESIAN_POINT('Ctrl Pts',(46.0852584185365,4.99999993294477,6.48063808509925));
#5372=CARTESIAN_POINT('Ctrl Pts',(46.25,4.99999993294477,7.20904588359918));
#5373=CARTESIAN_POINT('Ctrl Pts',(46.25,4.99999993294477,7.58499999999991));
#5374=CARTESIAN_POINT('Origin',(47.25,4.99999993294477,3.7925));
#5375=CARTESIAN_POINT('',(46.25,4.99999993294477,8.75499999999999));
#5376=CARTESIAN_POINT('',(47.25,5.99999993294477,8.75499999999999));
#5377=CARTESIAN_POINT('Origin',(47.25,4.99999993294477,8.75499999999999));
#5378=CARTESIAN_POINT('',(47.25,5.99999993294477,3.7925));
#5379=CARTESIAN_POINT('',(46.25,4.99999993294477,3.7925));
#5380=CARTESIAN_POINT('Ctrl Pts',(46.25,4.99999993294477,8.75500000000003));
#5381=CARTESIAN_POINT('Ctrl Pts',(46.25,4.99999993294477,9.32248307168332));
#5382=CARTESIAN_POINT('Ctrl Pts',(45.9245621518218,4.99999993294478,10.2338483647084));
#5383=CARTESIAN_POINT('Ctrl Pts',(44.8580888592546,4.99999993294478,11.0894904369981));
#5384=CARTESIAN_POINT('Ctrl Pts',(44.1267183543768,4.99999993294478,11.255));
#5385=CARTESIAN_POINT('Ctrl Pts',(43.75,4.99999993294478,11.255));
#5386=CARTESIAN_POINT('Ctrl Pts',(46.25,5.29919923328666,8.75500000000003));
#5387=CARTESIAN_POINT('Ctrl Pts',(46.25,5.29919923328666,9.3217882651893));
#5388=CARTESIAN_POINT('Ctrl Pts',(45.9234855232457,5.29919923328666,10.2336374096633));
#5389=CARTESIAN_POINT('Ctrl Pts',(44.8579338778718,5.29919923328666,11.0885807366215));
#5390=CARTESIAN_POINT('Ctrl Pts',(44.1262500248952,5.29919923328666,11.255));
#5391=CARTESIAN_POINT('Ctrl Pts',(43.75,5.29919923328666,11.255));
#5392=CARTESIAN_POINT('Ctrl Pts',(46.5012131900385,5.81709906232,8.75500000000002));
#5393=CARTESIAN_POINT('Ctrl Pts',(46.5012131900385,5.81709906232,9.37728276940153));
#5394=CARTESIAN_POINT('Ctrl Pts',(46.140846511352,5.81709906232,10.3857143928821));
#5395=CARTESIAN_POINT('Ctrl Pts',(44.9730063698486,5.81709906232001,11.3212911557697));
#5396=CARTESIAN_POINT('Ctrl Pts',(44.1636557092317,5.81709906232,11.5062131900385));
#5397=CARTESIAN_POINT('Ctrl Pts',(43.7499999999999,5.81709906232001,11.5062131900385));
#5398=CARTESIAN_POINT('Ctrl Pts',(47.0256005247436,5.99999993294477,8.755));
#5399=CARTESIAN_POINT('Ctrl Pts',(47.0256005247436,5.99999993294477,9.49120576073653));
#5400=CARTESIAN_POINT('Ctrl Pts',(46.5915991314315,5.99999993294479,10.7025807350596));
#5401=CARTESIAN_POINT('Ctrl Pts',(45.2127832717724,5.99999993294478,11.8045451186226));
#5402=CARTESIAN_POINT('Ctrl Pts',(44.2404447086657,5.99999993294478,12.0306005247436));
#5403=CARTESIAN_POINT('Ctrl Pts',(43.7499999999999,5.99999993294478,12.0306005247436));
#5404=CARTESIAN_POINT('Ctrl Pts',(47.25,5.99999993294477,8.75499999999999));
#5405=CARTESIAN_POINT('Ctrl Pts',(47.25,5.99999993294476,9.53989253360225));
#5406=CARTESIAN_POINT('Ctrl Pts',(46.7843892409461,5.9999999329448,10.8381569688756));
#5407=CARTESIAN_POINT('Ctrl Pts',(45.3153760076622,5.99999993294478,12.0112587918633));
#5408=CARTESIAN_POINT('Ctrl Pts',(44.2732616890681,5.99999993294478,12.255));
#5409=CARTESIAN_POINT('Ctrl Pts',(43.7499999999999,5.99999993294478,12.255));
#5410=CARTESIAN_POINT('',(43.75,4.99999993294478,11.255));
#5411=CARTESIAN_POINT('',(43.7499999999999,5.99999993294478,12.255));
#5412=CARTESIAN_POINT('Origin',(43.7499999999999,4.99999993294478,12.255));
#5413=CARTESIAN_POINT('Ctrl Pts',(43.7499999999999,5.99999993294478,12.255));
#5414=CARTESIAN_POINT('Ctrl Pts',(44.2732616890681,5.99999993294478,12.255));
#5415=CARTESIAN_POINT('Ctrl Pts',(45.3153760076622,5.99999993294478,12.0112587918633));
#5416=CARTESIAN_POINT('Ctrl Pts',(46.7843892409461,5.9999999329448,10.8381569688756));
#5417=CARTESIAN_POINT('Ctrl Pts',(47.25,5.99999993294476,9.53989253360225));
#5418=CARTESIAN_POINT('Ctrl Pts',(47.25,5.99999993294477,8.75499999999999));
#5419=CARTESIAN_POINT('Ctrl Pts',(46.25,4.99999993294477,8.75500000000003));
#5420=CARTESIAN_POINT('Ctrl Pts',(46.25,4.99999993294477,9.32248307168332));
#5421=CARTESIAN_POINT('Ctrl Pts',(45.9245621518218,4.99999993294478,10.2338483647084));
#5422=CARTESIAN_POINT('Ctrl Pts',(44.8580888592546,4.99999993294478,11.0894904369981));
#5423=CARTESIAN_POINT('Ctrl Pts',(44.1267183543768,4.99999993294478,11.255));
#5424=CARTESIAN_POINT('Ctrl Pts',(43.75,4.99999993294478,11.255));
#5425=CARTESIAN_POINT('Origin',(56.1190735221962,4.99999993294477,12.255));
#5426=CARTESIAN_POINT('',(36.75,4.99999993294478,11.255));
#5427=CARTESIAN_POINT('',(36.75,5.99999993294478,12.255));
#5428=CARTESIAN_POINT('Origin',(36.75,4.99999993294478,12.255));
#5429=CARTESIAN_POINT('',(56.1190735221962,5.99999993294477,12.255));
#5430=CARTESIAN_POINT('',(56.1190735221962,4.99999993294477,11.255));
#5431=CARTESIAN_POINT('Ctrl Pts',(36.7499999999999,4.99999993294478,11.255));
#5432=CARTESIAN_POINT('Ctrl Pts',(36.1849234998811,4.99999993294478,11.255));
#5433=CARTESIAN_POINT('Ctrl Pts',(35.2695525935048,4.99999993294478,10.9264164835865));
#5434=CARTESIAN_POINT('Ctrl Pts',(34.4133816192353,4.99999993294478,9.86344703276506));
#5435=CARTESIAN_POINT('Ctrl Pts',(34.25,4.99999993294478,9.13332195217445));
#5436=CARTESIAN_POINT('Ctrl Pts',(34.25,4.99999993294478,8.75500000000003));
#5437=CARTESIAN_POINT('Ctrl Pts',(36.7499999999999,5.29919923328666,11.255));
#5438=CARTESIAN_POINT('Ctrl Pts',(36.1856259998407,5.29919923328666,11.255));
#5439=CARTESIAN_POINT('Ctrl Pts',(35.2696582601725,5.29919923328666,10.9253013148139));
#5440=CARTESIAN_POINT('Ctrl Pts',(34.4143902568752,5.29919923328666,9.86341685737354));
#5441=CARTESIAN_POINT('Ctrl Pts',(34.25,5.29919923328667,9.13285874591231));
#5442=CARTESIAN_POINT('Ctrl Pts',(34.25,5.29919923328666,8.75500000000003));
#5443=CARTESIAN_POINT('Ctrl Pts',(36.7499999999999,5.81712064946729,11.5061951986347));
#5444=CARTESIAN_POINT('Ctrl Pts',(36.1295170151055,5.81712064946729,11.5061951986346));
#5445=CARTESIAN_POINT('Ctrl Pts',(35.1183356221849,5.81712064946729,11.1431441690542));
#5446=CARTESIAN_POINT('Ctrl Pts',(34.1815811367706,5.81712064946729,9.97857328828673));
#5447=CARTESIAN_POINT('Ctrl Pts',(33.9988048013653,5.81712064946729,9.16985523642658));
#5448=CARTESIAN_POINT('Ctrl Pts',(33.9988048013653,5.81712064946729,8.75500000000003));
#5449=CARTESIAN_POINT('Ctrl Pts',(36.7499999999998,5.99999993294478,12.0306005247436));
#5450=CARTESIAN_POINT('Ctrl Pts',(36.0143325752668,5.99999993294478,12.0306005247435));
#5451=CARTESIAN_POINT('Ctrl Pts',(34.8027217750713,5.99999993294477,11.5948247698342));
#5452=CARTESIAN_POINT('Ctrl Pts',(33.698360494863,5.99999993294477,10.2188947408003));
#5453=CARTESIAN_POINT('Ctrl Pts',(33.4743994752564,5.99999993294478,9.24580421422379));
#5454=CARTESIAN_POINT('Ctrl Pts',(33.4743994752564,5.99999993294478,8.75500000000003));
#5455=CARTESIAN_POINT('Ctrl Pts',(36.7499999999998,5.99999993294478,12.255));
#5456=CARTESIAN_POINT('Ctrl Pts',(35.9651067026456,5.99999993294478,12.2549999999999));
#5457=CARTESIAN_POINT('Ctrl Pts',(34.6676762068242,5.99999993294477,11.7880044934384));
#5458=CARTESIAN_POINT('Ctrl Pts',(33.491674852504,5.99999993294477,10.3217285353556));
#5459=CARTESIAN_POINT('Ctrl Pts',(33.25,5.99999993294478,9.2782621982362));
#5460=CARTESIAN_POINT('Ctrl Pts',(33.25,5.99999993294478,8.75500000000004));
#5461=CARTESIAN_POINT('Ctrl Pts',(33.25,5.99999993294478,8.75500000000004));
#5462=CARTESIAN_POINT('Ctrl Pts',(33.25,5.99999993294478,9.2782621982362));
#5463=CARTESIAN_POINT('Ctrl Pts',(33.491674852504,5.99999993294477,10.3217285353556));
#5464=CARTESIAN_POINT('Ctrl Pts',(34.6676762068242,5.99999993294477,11.7880044934384));
#5465=CARTESIAN_POINT('Ctrl Pts',(35.9651067026456,5.99999993294478,12.2549999999999));
#5466=CARTESIAN_POINT('Ctrl Pts',(36.7499999999998,5.99999993294478,12.255));
#5467=CARTESIAN_POINT('Ctrl Pts',(36.7499999999999,4.99999993294478,11.255));
#5468=CARTESIAN_POINT('Ctrl Pts',(36.1849234998811,4.99999993294478,11.255));
#5469=CARTESIAN_POINT('Ctrl Pts',(35.2695525935048,4.99999993294478,10.9264164835865));
#5470=CARTESIAN_POINT('Ctrl Pts',(34.4133816192353,4.99999993294478,9.86344703276506));
#5471=CARTESIAN_POINT('Ctrl Pts',(34.25,4.99999993294478,9.13332195217445));
#5472=CARTESIAN_POINT('Ctrl Pts',(34.25,4.99999993294478,8.75500000000003));
#5473=CARTESIAN_POINT('Ctrl Pts',(43.7499999999999,5.99999993294478,5.085));
#5474=CARTESIAN_POINT('Ctrl Pts',(43.7499999999999,1.99999993294478,5.085));
#5475=CARTESIAN_POINT('Ctrl Pts',(43.9911923471278,5.99999993294478,5.08499999999999));
#5476=CARTESIAN_POINT('Ctrl Pts',(43.9911923471278,1.99999993294478,5.08499999999999));
#5477=CARTESIAN_POINT('Ctrl Pts',(44.2424456168643,5.99999993294478,5.12207483389074));
#5478=CARTESIAN_POINT('Ctrl Pts',(44.2424456168643,1.99999993294478,5.12207483389074));
#5479=CARTESIAN_POINT('Ctrl Pts',(44.4725070011194,5.99999993294478,5.19311670864757));
#5480=CARTESIAN_POINT('Ctrl Pts',(44.4725070011194,1.99999993294478,5.19311670864757));
#5481=CARTESIAN_POINT('Ctrl Pts',(45.0478886329202,5.99999993294478,5.37079185372305));
#5482=CARTESIAN_POINT('Ctrl Pts',(45.0478886329202,1.99999993294478,5.37079185372305));
#5483=CARTESIAN_POINT('Ctrl Pts',(45.4676176043971,5.99999993294478,5.70544895122857));
#5484=CARTESIAN_POINT('Ctrl Pts',(45.4676176043971,1.99999993294478,5.70544895122857));
#5485=CARTESIAN_POINT('Ctrl Pts',(45.7840229134966,5.99999993294478,6.14531015744651));
#5486=CARTESIAN_POINT('Ctrl Pts',(45.7840229134966,1.99999993294478,6.14531015744651));
#5487=CARTESIAN_POINT('Ctrl Pts',(46.0581303477571,5.99999993294478,6.52636958723378));
#5488=CARTESIAN_POINT('Ctrl Pts',(46.0581303477571,1.99999993294478,6.52636958723378));
#5489=CARTESIAN_POINT('Ctrl Pts',(46.25,5.99999993294478,7.06097823033235));
#5490=CARTESIAN_POINT('Ctrl Pts',(46.25,1.99999993294478,7.06097823033235));
#5491=CARTESIAN_POINT('Ctrl Pts',(46.25,5.99999993294478,7.58499999999999));
#5492=CARTESIAN_POINT('Ctrl Pts',(46.25,1.99999993294478,7.58499999999999));
#5493=CARTESIAN_POINT('',(43.7499999999999,1.99999993294478,5.085));
#5494=CARTESIAN_POINT('',(43.7499999999999,5.99999993294478,5.085));
#5495=CARTESIAN_POINT('',(45.6714363710085,1.99999993294478,6.00000003386756));
#5496=CARTESIAN_POINT('Ctrl Pts',(43.7499999999999,1.99999993294478,5.085));
#5497=CARTESIAN_POINT('Ctrl Pts',(43.9911923471278,1.99999993294478,5.08499999999999));
#5498=CARTESIAN_POINT('Ctrl Pts',(44.2424456168643,1.99999993294478,5.12207483389074));
#5499=CARTESIAN_POINT('Ctrl Pts',(44.4725070011194,1.99999993294478,5.19311670864757));
#5500=CARTESIAN_POINT('Ctrl Pts',(44.9821708391227,1.99999993294478,5.35049850770421));
#5501=CARTESIAN_POINT('Ctrl Pts',(45.3697075330463,1.99999993294478,5.6310504310776));
#5502=CARTESIAN_POINT('Ctrl Pts',(45.6714856255648,1.99999993294478,5.99878698711423));
#5503=CARTESIAN_POINT('Ctrl Pts',(45.6714363145744,2.99999993294477,6.));
#5504=CARTESIAN_POINT('Ctrl Pts',(45.6714363145743,2.66666659961144,5.99999999999991));
#5505=CARTESIAN_POINT('Ctrl Pts',(45.6714363145742,2.33333326627811,5.99999999999973));
#5506=CARTESIAN_POINT('Ctrl Pts',(45.6714363145742,1.99999993294478,5.99999999999973));
#5507=CARTESIAN_POINT('',(46.25,5.99999993294478,7.58499999999999));
#5508=CARTESIAN_POINT('Origin',(36.7500000000001,5.99999993294478,5.08499999999999));
#5509=CARTESIAN_POINT('',(36.7500000000001,1.99999993294478,5.08499999999999));
#5510=CARTESIAN_POINT('',(36.7500000000001,5.99999993294478,5.08499999999999));
#5511=CARTESIAN_POINT('',(36.7500000000001,1.99999993294478,5.08499999999999));
#5512=CARTESIAN_POINT('Ctrl Pts',(34.25,5.99999993294478,7.58499999999999));
#5513=CARTESIAN_POINT('Ctrl Pts',(34.25,1.99999993294478,7.58499999999999));
#5514=CARTESIAN_POINT('Ctrl Pts',(34.25,5.99999993294478,7.42315955697651));
#5515=CARTESIAN_POINT('Ctrl Pts',(34.25,1.99999993294478,7.42315955697651));
#5516=CARTESIAN_POINT('Ctrl Pts',(34.2634190935299,5.99999993294478,7.25525369444523));
#5517=CARTESIAN_POINT('Ctrl Pts',(34.2634190935299,1.99999993294478,7.25525369444523));
#5518=CARTESIAN_POINT('Ctrl Pts',(34.2943106205573,5.99999993294478,7.08775645284361));
#5519=CARTESIAN_POINT('Ctrl Pts',(34.2943106205573,1.99999993294478,7.08775645284361));
#5520=CARTESIAN_POINT('Ctrl Pts',(34.3959642649323,5.99999993294478,6.53657926382187));
#5521=CARTESIAN_POINT('Ctrl Pts',(34.3959642649323,1.99999993294478,6.53657926382187));
#5522=CARTESIAN_POINT('Ctrl Pts',(34.7028303045998,5.99999993294478,6.03239314887839));
#5523=CARTESIAN_POINT('Ctrl Pts',(34.7028303045998,1.99999993294478,6.03239314887839));
#5524=CARTESIAN_POINT('Ctrl Pts',(35.0782750663716,5.99999993294478,5.70365784494373));
#5525=CARTESIAN_POINT('Ctrl Pts',(35.0782750663716,1.99999993294478,5.70365784494373));
#5526=CARTESIAN_POINT('Ctrl Pts',(35.5404767002838,5.99999993294478,5.29895917799157));
#5527=CARTESIAN_POINT('Ctrl Pts',(35.5404767002838,1.99999993294478,5.29895917799157));
#5528=CARTESIAN_POINT('Ctrl Pts',(36.1507661013845,5.99999993294478,5.08499999999994));
#5529=CARTESIAN_POINT('Ctrl Pts',(36.1507661013845,1.99999993294478,5.08499999999994));
#5530=CARTESIAN_POINT('Ctrl Pts',(36.7500000000001,5.99999993294478,5.08499999999999));
#5531=CARTESIAN_POINT('Ctrl Pts',(36.7500000000001,1.99999993294478,5.08499999999999));
#5532=CARTESIAN_POINT('',(34.25,5.99999993294478,7.58499999999999));
#5533=CARTESIAN_POINT('',(34.7926572132553,1.99999993294478,6.00000000000016));
#5534=CARTESIAN_POINT('Ctrl Pts',(34.7926572132555,1.99999993294478,5.99999999999999));
#5535=CARTESIAN_POINT('Ctrl Pts',(34.7926572132555,2.33333326627811,5.99999999999999));
#5536=CARTESIAN_POINT('Ctrl Pts',(34.7926572132555,2.66666659961144,5.99999999999999));
#5537=CARTESIAN_POINT('Ctrl Pts',(34.7926572132555,2.99999993294478,6.));
#5538=CARTESIAN_POINT('Ctrl Pts',(34.7924771611712,1.99999993294478,6.00498860741421));
#5539=CARTESIAN_POINT('Ctrl Pts',(34.8809868841095,1.99999993294478,5.89348845334301));
#5540=CARTESIAN_POINT('Ctrl Pts',(34.9771430060152,1.99999993294478,5.7922079646522));
#5541=CARTESIAN_POINT('Ctrl Pts',(35.0782750663716,1.99999993294478,5.70365784494373));
#5542=CARTESIAN_POINT('Ctrl Pts',(35.5404767002838,1.99999993294478,5.29895917799157));
#5543=CARTESIAN_POINT('Ctrl Pts',(36.1507661013845,1.99999993294478,5.08499999999994));
#5544=CARTESIAN_POINT('Ctrl Pts',(36.7500000000001,1.99999993294478,5.08499999999999));
#5545=CARTESIAN_POINT('Origin',(34.25,5.99999993294478,8.75499999999999));
#5546=CARTESIAN_POINT('',(34.25,5.99999993294478,8.75499999999999));
#5547=CARTESIAN_POINT('Origin',(68.4881470443925,5.99999993294476,0.));
#5548=CARTESIAN_POINT('',(12.0108155303498,5.99999993294479,0.));
#5549=CARTESIAN_POINT('',(68.4881470443925,5.99999993294476,0.));
#5550=CARTESIAN_POINT('',(12.0108155303498,5.99999993294479,0.));
#5551=CARTESIAN_POINT('',(12.0108155303498,5.99999993294479,0.));
#5552=CARTESIAN_POINT('',(68.4881470443925,5.99999993294476,0.));
#5553=CARTESIAN_POINT('Origin',(46.25,5.99999993294478,7.58499999999999));
#5554=CARTESIAN_POINT('',(46.25,5.99999993294478,8.75499999999999));
#5555=CARTESIAN_POINT('Origin',(40.2500262253473,1.99999993294478,8.1699737746527));
#5556=CARTESIAN_POINT('',(40.2500202388859,1.99999993294478,6.));
#5557=CARTESIAN_POINT('Ctrl Pts',(36.75,5.99999993294478,11.255));
#5558=CARTESIAN_POINT('Ctrl Pts',(36.75,1.99999993294478,11.255));
#5559=CARTESIAN_POINT('Ctrl Pts',(36.5298016584789,5.99999993294478,11.255));
#5560=CARTESIAN_POINT('Ctrl Pts',(36.5298016584789,1.99999993294478,11.255));
#5561=CARTESIAN_POINT('Ctrl Pts',(36.3010599885351,5.99999993294478,11.2247711579375));
#5562=CARTESIAN_POINT('Ctrl Pts',(36.3010599885351,1.99999993294478,11.2247711579375));
#5563=CARTESIAN_POINT('Ctrl Pts',(36.0875788347376,5.99999993294478,11.1653392678194));
#5564=CARTESIAN_POINT('Ctrl Pts',(36.0875788347376,1.99999993294478,11.1653392678194));
#5565=CARTESIAN_POINT('Ctrl Pts',(35.4994190915225,5.99999993294478,11.0015990752597));
#5566=CARTESIAN_POINT('Ctrl Pts',(35.4994190915225,1.99999993294478,11.0015990752597));
#5567=CARTESIAN_POINT('Ctrl Pts',(35.0580977898468,5.99999993294478,10.6674225383021));
#5568=CARTESIAN_POINT('Ctrl Pts',(35.0580977898468,1.99999993294478,10.6674225383021));
#5569=CARTESIAN_POINT('Ctrl Pts',(34.7284676279843,5.99999993294478,10.2179164687839));
#5570=CARTESIAN_POINT('Ctrl Pts',(34.7284676279843,1.99999993294478,10.2179164687839));
#5571=CARTESIAN_POINT('Ctrl Pts',(34.4445984426391,5.99999993294478,9.83081317386404));
#5572=CARTESIAN_POINT('Ctrl Pts',(34.4445984426391,1.99999993294478,9.83081317386404));
#5573=CARTESIAN_POINT('Ctrl Pts',(34.25,5.99999993294478,9.2836497956938));
#5574=CARTESIAN_POINT('Ctrl Pts',(34.25,1.99999993294478,9.2836497956938));
#5575=CARTESIAN_POINT('Ctrl Pts',(34.25,5.99999993294478,8.75499999999999));
#5576=CARTESIAN_POINT('Ctrl Pts',(34.25,1.99999993294478,8.75499999999999));
#5577=CARTESIAN_POINT('',(36.75,5.99999993294478,11.255));
#5578=CARTESIAN_POINT('Origin',(43.75,5.99999993294478,11.255));
#5579=CARTESIAN_POINT('',(43.75,5.99999993294478,11.255));
#5580=CARTESIAN_POINT('Ctrl Pts',(46.25,5.99999993294478,8.75499999999999));
#5581=CARTESIAN_POINT('Ctrl Pts',(46.25,1.99999993294478,8.75499999999999));
#5582=CARTESIAN_POINT('Ctrl Pts',(46.25,5.99999993294478,9.28365240519132));
#5583=CARTESIAN_POINT('Ctrl Pts',(46.25,1.99999993294478,9.28365240519132));
#5584=CARTESIAN_POINT('Ctrl Pts',(46.0554009086226,5.99999993294478,9.83081851487155));
#5585=CARTESIAN_POINT('Ctrl Pts',(46.0554009086226,1.99999993294478,9.83081851487155));
#5586=CARTESIAN_POINT('Ctrl Pts',(45.7715278790037,5.99999993294478,10.2179248945013));
#5587=CARTESIAN_POINT('Ctrl Pts',(45.7715278790037,1.99999993294478,10.2179248945013));
#5588=CARTESIAN_POINT('Ctrl Pts',(45.4418967321011,5.99999993294478,10.667429801896));
#5589=CARTESIAN_POINT('Ctrl Pts',(45.4418967321011,1.99999993294478,10.667429801896));
#5590=CARTESIAN_POINT('Ctrl Pts',(45.0005680228122,5.99999993294478,11.0016089108999));
#5591=CARTESIAN_POINT('Ctrl Pts',(45.0005680228122,1.99999993294478,11.0016089108999));
#5592=CARTESIAN_POINT('Ctrl Pts',(44.4124041321173,5.99999993294478,11.1653446581295));
#5593=CARTESIAN_POINT('Ctrl Pts',(44.4124041321173,1.99999993294478,11.1653446581295));
#5594=CARTESIAN_POINT('Ctrl Pts',(44.1989272913182,5.99999993294478,11.2247733150012));
#5595=CARTESIAN_POINT('Ctrl Pts',(44.1989272913182,1.99999993294478,11.2247733150012));
#5596=CARTESIAN_POINT('Ctrl Pts',(43.9701919785428,5.99999993294478,11.255));
#5597=CARTESIAN_POINT('Ctrl Pts',(43.9701919785428,1.99999993294478,11.255));
#5598=CARTESIAN_POINT('Ctrl Pts',(43.75,5.99999993294478,11.255));
#5599=CARTESIAN_POINT('Ctrl Pts',(43.75,1.99999993294478,11.255));
#5600=CARTESIAN_POINT('Origin',(40.2500142524245,-40.2500000335276,6.));
#5601=CARTESIAN_POINT('',(12.75,2.99999993294479,6.));
#5602=CARTESIAN_POINT('',(-2.99997149515093,-75.2630777781678,6.));
#5603=CARTESIAN_POINT('',(12.5,-23.5,6.));
#5604=CARTESIAN_POINT('',(12.5,-29.5,6.));
#5605=CARTESIAN_POINT('',(12.5,-34.8750000167638,6.));
#5606=CARTESIAN_POINT('',(6.49999999999999,-29.5,6.));
#5607=CARTESIAN_POINT('',(23.3750071262123,-29.5,6.));
#5608=CARTESIAN_POINT('',(6.49999999999999,-23.5,6.));
#5609=CARTESIAN_POINT('',(6.49999999999999,-31.8750000167638,6.));
#5610=CARTESIAN_POINT('',(26.3750071262123,-23.5,6.));
#5611=CARTESIAN_POINT('',(68.,-23.,6.));
#5612=CARTESIAN_POINT('',(68.,-29.,6.));
#5613=CARTESIAN_POINT('',(68.,-34.6250000167638,6.));
#5614=CARTESIAN_POINT('',(62.,-29.,6.));
#5615=CARTESIAN_POINT('',(51.1250071262123,-29.,6.));
#5616=CARTESIAN_POINT('',(62.,-23.,6.));
#5617=CARTESIAN_POINT('',(62.,-31.6250000167638,6.));
#5618=CARTESIAN_POINT('',(54.1250071262123,-23.,6.));
#5619=CARTESIAN_POINT('',(45.,-72.,6.));
#5620=CARTESIAN_POINT('',(45.,-78.,6.));
#5621=CARTESIAN_POINT('',(45.,-59.1250000167638,6.));
#5622=CARTESIAN_POINT('',(39.,-78.,6.));
#5623=CARTESIAN_POINT('',(39.6250071262123,-78.,6.));
#5624=CARTESIAN_POINT('',(39.,-72.,6.));
#5625=CARTESIAN_POINT('',(39.,-56.1250000167638,6.));
#5626=CARTESIAN_POINT('',(42.6250071262123,-72.,6.));
#5627=CARTESIAN_POINT('Origin',(12.75,-83.5,0.));
#5628=CARTESIAN_POINT('',(-1.08245312518911,-76.265901794527,21.));
#5629=CARTESIAN_POINT('Origin',(-2.99997149515096,-5.26307777816779,0.));
#5630=CARTESIAN_POINT('',(-1.08851862836741,-4.26025160897605,21.));
#5631=CARTESIAN_POINT('Origin',(86.5,-3.43478010997415,0.));
#5632=CARTESIAN_POINT('',(86.5,-3.43478010997415,0.));
#5633=CARTESIAN_POINT('',(86.5,-3.43478010997415,0.));
#5634=CARTESIAN_POINT('',(86.5,-3.43478010997415,23.));
#5635=CARTESIAN_POINT('Origin',(68.4881470497071,-86.5,0.));
#5636=CARTESIAN_POINT('',(68.4881470497071,-86.5,0.));
#5637=CARTESIAN_POINT('',(86.5,-77.0652198831799,0.));
#5638=CARTESIAN_POINT('',(68.4881470497071,-86.5,0.));
#5639=CARTESIAN_POINT('',(86.5,-77.0652198831799,23.));
#5640=CARTESIAN_POINT('',(68.4881470497071,-86.5,0.));
#5641=CARTESIAN_POINT('Origin',(-5.99997149515093,-77.0796320183163,0.));
#5642=CARTESIAN_POINT('',(-5.99997149515093,-77.0796320183163,0.));
#5643=CARTESIAN_POINT('',(12.0128885500841,-86.5,0.));
#5644=CARTESIAN_POINT('',(-5.99997149515093,-77.0796320183163,0.));
#5645=CARTESIAN_POINT('',(12.0128885500841,-86.5,0.));
#5646=CARTESIAN_POINT('',(-5.99997149515093,-77.0796320183163,23.));
#5647=CARTESIAN_POINT('Origin',(12.0108155303498,5.99999993294479,0.));
#5648=CARTESIAN_POINT('',(-5.99997149515096,-3.44919385612528,0.));
#5649=CARTESIAN_POINT('',(12.0108155303498,5.99999993294479,0.));
#5650=CARTESIAN_POINT('',(-5.99997149515096,-3.44919385612528,23.));
#5651=CARTESIAN_POINT('Origin',(42.,-75.,11.));
#5652=CARTESIAN_POINT('',(44.35,-75.,11.));
#5653=CARTESIAN_POINT('Origin',(42.,-75.,11.));
#5654=CARTESIAN_POINT('',(44.35,-75.,0.));
#5655=CARTESIAN_POINT('',(44.35,-75.,11.));
#5656=CARTESIAN_POINT('Origin',(42.,-75.,0.));
#5657=CARTESIAN_POINT('Origin',(65.,-26.,11.));
#5658=CARTESIAN_POINT('',(67.35,-26.,11.));
#5659=CARTESIAN_POINT('Origin',(65.,-26.,11.));
#5660=CARTESIAN_POINT('',(67.35,-26.,0.));
#5661=CARTESIAN_POINT('',(67.35,-26.,11.));
#5662=CARTESIAN_POINT('Origin',(65.,-26.,0.));
#5663=CARTESIAN_POINT('Origin',(9.49999999999999,-26.5,11.));
#5664=CARTESIAN_POINT('',(11.85,-26.5,11.));
#5665=CARTESIAN_POINT('Origin',(9.49999999999999,-26.5,11.));
#5666=CARTESIAN_POINT('',(11.85,-26.5,0.));
#5667=CARTESIAN_POINT('',(11.85,-26.5,11.));
#5668=CARTESIAN_POINT('Origin',(9.49999999999999,-26.5,0.));
#5669=CARTESIAN_POINT('Origin',(39.,-78.,0.));
#5670=CARTESIAN_POINT('',(45.,-78.,11.));
#5671=CARTESIAN_POINT('',(45.,-78.,0.));
#5672=CARTESIAN_POINT('',(39.,-78.,11.));
#5673=CARTESIAN_POINT('',(45.,-78.,11.));
#5674=CARTESIAN_POINT('',(39.,-78.,0.));
#5675=CARTESIAN_POINT('Origin',(45.,-78.,0.));
#5676=CARTESIAN_POINT('',(45.,-72.,11.));
#5677=CARTESIAN_POINT('',(45.,-72.,0.));
#5678=CARTESIAN_POINT('',(45.,-72.,11.));
#5679=CARTESIAN_POINT('Origin',(39.,-72.,0.));
#5680=CARTESIAN_POINT('',(39.,-72.,11.));
#5681=CARTESIAN_POINT('',(39.,-78.,11.));
#5682=CARTESIAN_POINT('',(39.,-72.,0.));
#5683=CARTESIAN_POINT('Origin',(45.,-72.,0.));
#5684=CARTESIAN_POINT('',(39.,-72.,11.));
#5685=CARTESIAN_POINT('Origin',(42.,-75.,11.));
#5686=CARTESIAN_POINT('Origin',(62.,-29.,0.));
#5687=CARTESIAN_POINT('',(68.,-29.,11.));
#5688=CARTESIAN_POINT('',(68.,-29.,0.));
#5689=CARTESIAN_POINT('',(62.,-29.,11.));
#5690=CARTESIAN_POINT('',(68.,-29.,11.));
#5691=CARTESIAN_POINT('',(62.,-29.,0.));
#5692=CARTESIAN_POINT('Origin',(68.,-29.,0.));
#5693=CARTESIAN_POINT('',(68.,-23.,11.));
#5694=CARTESIAN_POINT('',(68.,-23.,0.));
#5695=CARTESIAN_POINT('',(68.,-23.,11.));
#5696=CARTESIAN_POINT('Origin',(62.,-23.,0.));
#5697=CARTESIAN_POINT('',(62.,-23.,11.));
#5698=CARTESIAN_POINT('',(62.,-29.,11.));
#5699=CARTESIAN_POINT('',(62.,-23.,0.));
#5700=CARTESIAN_POINT('Origin',(68.,-23.,0.));
#5701=CARTESIAN_POINT('',(62.,-23.,11.));
#5702=CARTESIAN_POINT('Origin',(65.,-26.,11.));
#5703=CARTESIAN_POINT('Origin',(6.49999999999999,-29.5,0.));
#5704=CARTESIAN_POINT('',(12.5,-29.5,11.));
#5705=CARTESIAN_POINT('',(12.5,-29.5,0.));
#5706=CARTESIAN_POINT('',(6.49999999999999,-29.5,11.));
#5707=CARTESIAN_POINT('',(12.5,-29.5,11.));
#5708=CARTESIAN_POINT('',(6.49999999999999,-29.5,0.));
#5709=CARTESIAN_POINT('Origin',(12.5,-29.5,0.));
#5710=CARTESIAN_POINT('',(12.5,-23.5,11.));
#5711=CARTESIAN_POINT('',(12.5,-23.5,0.));
#5712=CARTESIAN_POINT('',(12.5,-23.5,11.));
#5713=CARTESIAN_POINT('Origin',(6.49999999999999,-23.5,0.));
#5714=CARTESIAN_POINT('',(6.49999999999999,-23.5,11.));
#5715=CARTESIAN_POINT('',(6.49999999999999,-29.5,11.));
#5716=CARTESIAN_POINT('',(6.49999999999999,-23.5,0.));
#5717=CARTESIAN_POINT('Origin',(12.5,-23.5,0.));
#5718=CARTESIAN_POINT('',(6.49999999999999,-23.5,11.));
#5719=CARTESIAN_POINT('Origin',(9.49999999999999,-26.5,11.));
#5720=CARTESIAN_POINT('Origin',(40.2500142524245,-40.2500000335276,0.));
#5721=CARTESIAN_POINT('',(86.5,-3.43478010997415,0.));
#5722=CARTESIAN_POINT('',(12.0128885500841,-86.5,0.));
#5723=CARTESIAN_POINT('',(-5.99997149515096,-3.44919385612528,0.));
#5724=CARTESIAN_POINT('Origin',(-1.67373357390167,-63.7648407901842,23.));
#5725=CARTESIAN_POINT('',(-5.5631998416968,-75.7353870909757,23.));
#5726=CARTESIAN_POINT('',(-5.5631998416968,-75.7353870909757,0.));
#5727=CARTESIAN_POINT('',(-5.99997149515093,-77.0796320183163,23.));
#5728=CARTESIAN_POINT('',(-5.99997149515093,-77.0796320183163,23.));
#5729=CARTESIAN_POINT('',(-5.99997149515093,-77.0796320183163,23.));
#5730=CARTESIAN_POINT('Origin',(-2.07133044671977,-40.2644129372208,17.5));
#5731=CARTESIAN_POINT('Ctrl Pts',(-0.999971495150953,-18.9833301429458,
17.5));
#5732=CARTESIAN_POINT('Ctrl Pts',(-0.626600302418138,-20.3039653190161,
17.5));
#5733=CARTESIAN_POINT('Ctrl Pts',(0.164997272702255,-23.4351773523562,17.5));
#5734=CARTESIAN_POINT('Ctrl Pts',(1.11375283576102,-28.5080685812868,17.5));
#5735=CARTESIAN_POINT('Ctrl Pts',(1.82699782739002,-35.6876905678019,17.5));
#5736=CARTESIAN_POINT('Ctrl Pts',(1.85574503340541,-44.4975533658447,17.5));
#5737=CARTESIAN_POINT('Ctrl Pts',(1.16788699182781,-51.7642980412018,17.5));
#5738=CARTESIAN_POINT('Ctrl Pts',(0.206579146652411,-56.9490918059448,17.5));
#5739=CARTESIAN_POINT('Ctrl Pts',(-0.610164260127907,-60.1761832688007,
17.5));
#5740=CARTESIAN_POINT('Ctrl Pts',(-0.999971495150943,-61.5497827716356,
17.5));
#5741=CARTESIAN_POINT('Ctrl Pts',(-1.67373357390169,-16.7639850842574,23.));
#5742=CARTESIAN_POINT('Ctrl Pts',(-1.67373357390169,-16.7639850842574,17.5));
#5743=CARTESIAN_POINT('Ctrl Pts',(-1.10976374230924,-18.499705750413,23.));
#5744=CARTESIAN_POINT('Ctrl Pts',(-1.10976374230924,-18.499705750413,17.5));
#5745=CARTESIAN_POINT('Ctrl Pts',(-0.108412194603408,-22.0365693856067,
23.));
#5746=CARTESIAN_POINT('Ctrl Pts',(-0.108412194603408,-22.0365693856067,
17.5));
#5747=CARTESIAN_POINT('Ctrl Pts',(1.01415623882315,-27.5379330115078,23.));
#5748=CARTESIAN_POINT('Ctrl Pts',(1.01415623882315,-27.5379330115078,17.5));
#5749=CARTESIAN_POINT('Ctrl Pts',(1.82538013414244,-35.1919326303906,23.));
#5750=CARTESIAN_POINT('Ctrl Pts',(1.82538013414244,-35.1919326303906,17.5));
#5751=CARTESIAN_POINT('Ctrl Pts',(1.85731060171142,-44.9773371044657,23.));
#5752=CARTESIAN_POINT('Ctrl Pts',(1.85731060171142,-44.9773371044657,17.5));
#5753=CARTESIAN_POINT('Ctrl Pts',(1.07503256713518,-52.7128360882014,23.));
#5754=CARTESIAN_POINT('Ctrl Pts',(1.07503256713518,-52.7128360882014,17.5));
#5755=CARTESIAN_POINT('Ctrl Pts',(-0.0609604553305808,-58.3297134268148,
23.));
#5756=CARTESIAN_POINT('Ctrl Pts',(-0.0609604553305808,-58.3297134268148,
17.5));
#5757=CARTESIAN_POINT('Ctrl Pts',(-1.09070293616028,-61.9704569947387,23.));
#5758=CARTESIAN_POINT('Ctrl Pts',(-1.09070293616028,-61.9704569947387,17.5));
#5759=CARTESIAN_POINT('Ctrl Pts',(-1.67373357390167,-63.7648407901842,23.));
#5760=CARTESIAN_POINT('Ctrl Pts',(-1.67373357390167,-63.7648407901842,17.5));
#5761=CARTESIAN_POINT('Ctrl Pts',(-1.00049084928123,-61.5496355701035,18.));
#5762=CARTESIAN_POINT('Ctrl Pts',(-0.567098362371207,-60.0205514767948,
18.));
#5763=CARTESIAN_POINT('Ctrl Pts',(0.89587082265212,-53.9737554308157,18.));
#5764=CARTESIAN_POINT('Ctrl Pts',(1.59411736504418,-46.9941587558863,18.));
#5765=CARTESIAN_POINT('Ctrl Pts',(1.73064376162802,-40.9615301532807,18.));
#5766=CARTESIAN_POINT('Ctrl Pts',(1.70504618098897,-38.0474400999371,18.));
#5767=CARTESIAN_POINT('Ctrl Pts',(1.57350504801702,-34.8101200262297,18.));
#5768=CARTESIAN_POINT('Ctrl Pts',(1.09781356597185,-28.6827393242332,18.));
#5769=CARTESIAN_POINT('Ctrl Pts',(0.188041942140674,-23.2014419232496,18.));
#5770=CARTESIAN_POINT('Ctrl Pts',(-1.00106013254229,-18.9836370560707,18.));
#5771=CARTESIAN_POINT('Origin',(-0.878063125489596,-20.8308409131021,18.5));
#5772=CARTESIAN_POINT('',(-3.49997149515095,-14.3794706765632,19.));
#5773=CARTESIAN_POINT('',(-3.80549012815953,-14.427860074261,19.3055186330086));
#5774=CARTESIAN_POINT('',(-2.62479009019685,-17.0730020786324,19.));
#5775=CARTESIAN_POINT('',(-1.35359138363717,-20.9853494102896,19.));
#5776=CARTESIAN_POINT('',(-2.62479009019685,-17.0730020786324,19.));
#5777=CARTESIAN_POINT('Ctrl Pts',(-1.6737335739017,-16.7639850842574,18.));
#5778=CARTESIAN_POINT('Ctrl Pts',(-0.0686386246017798,-21.7039593853209,
18.));
#5779=CARTESIAN_POINT('Ctrl Pts',(1.04518078509706,-28.0047766152142,18.));
#5780=CARTESIAN_POINT('Ctrl Pts',(1.57350504801702,-34.8101200262297,18.));
#5781=CARTESIAN_POINT('Ctrl Pts',(1.70504618098897,-38.0474400999371,18.));
#5782=CARTESIAN_POINT('Ctrl Pts',(1.73064376162802,-40.9615301532807,18.));
#5783=CARTESIAN_POINT('Ctrl Pts',(1.59411736504418,-46.9941587558863,18.));
#5784=CARTESIAN_POINT('Ctrl Pts',(0.824289198396152,-54.6892775799572,18.));
#5785=CARTESIAN_POINT('Ctrl Pts',(-0.936081600794881,-61.4945814563886,
18.));
#5786=CARTESIAN_POINT('Ctrl Pts',(-1.67373357390167,-63.7648407901842,18.));
#5787=CARTESIAN_POINT('Ctrl Pts',(-1.99075241266675,-16.8669907490491,18.3333333333333));
#5788=CARTESIAN_POINT('Ctrl Pts',(-0.394691996982807,-21.7791596147366,
18.3333333333333));
#5789=CARTESIAN_POINT('Ctrl Pts',(0.714314225277859,-28.0497877367226,18.3333333333333));
#5790=CARTESIAN_POINT('Ctrl Pts',(1.2406887468103,-34.8299210024196,18.3333333333333));
#5791=CARTESIAN_POINT('Ctrl Pts',(1.3717592710453,-38.0555463721748,18.3333333333333));
#5792=CARTESIAN_POINT('Ctrl Pts',(1.39725511473369,-40.9593551762833,18.3333333333333));
#5793=CARTESIAN_POINT('Ctrl Pts',(1.26127574968486,-46.9705162709126,18.3333333333333));
#5794=CARTESIAN_POINT('Ctrl Pts',(0.494026694705973,-54.6351926373947,18.3333333333333));
#5795=CARTESIAN_POINT('Ctrl Pts',(-1.25712628060972,-61.4039660563192,18.3333333333333));
#5796=CARTESIAN_POINT('Ctrl Pts',(-1.99075241266673,-63.6618351253925,18.3333333333333));
#5797=CARTESIAN_POINT('Ctrl Pts',(-2.3077712514318,-16.9699964138407,18.6666666666667));
#5798=CARTESIAN_POINT('Ctrl Pts',(-0.720745369363841,-21.8543598441523,
18.6666666666667));
#5799=CARTESIAN_POINT('Ctrl Pts',(0.383447665458657,-28.0947988582309,18.6666666666667));
#5800=CARTESIAN_POINT('Ctrl Pts',(0.907872445603576,-34.8497219786096,18.6666666666667));
#5801=CARTESIAN_POINT('Ctrl Pts',(1.03847236110163,-38.0636526444125,18.6666666666667));
#5802=CARTESIAN_POINT('Ctrl Pts',(1.06386646783935,-40.9571801992859,18.6666666666667));
#5803=CARTESIAN_POINT('Ctrl Pts',(0.928434134325541,-46.9468737859388,18.6666666666667));
#5804=CARTESIAN_POINT('Ctrl Pts',(0.163764191015796,-54.5811076948322,18.6666666666667));
#5805=CARTESIAN_POINT('Ctrl Pts',(-1.57817096042456,-61.3133506562497,18.6666666666667));
#5806=CARTESIAN_POINT('Ctrl Pts',(-2.30777125143178,-63.5588294606009,18.6666666666667));
#5807=CARTESIAN_POINT('Ctrl Pts',(-2.62479009019685,-17.0730020786324,19.));
#5808=CARTESIAN_POINT('Ctrl Pts',(-1.04679874174487,-21.929560073568,19.));
#5809=CARTESIAN_POINT('Ctrl Pts',(0.052581105639455,-28.1398099797393,19.));
#5810=CARTESIAN_POINT('Ctrl Pts',(0.575056144396853,-34.8695229547996,19.));
#5811=CARTESIAN_POINT('Ctrl Pts',(0.705185451157963,-38.0717589166501,19.));
#5812=CARTESIAN_POINT('Ctrl Pts',(0.730477820945017,-40.9550052222885,19.));
#5813=CARTESIAN_POINT('Ctrl Pts',(0.595592518966223,-46.9232313009651,19.));
#5814=CARTESIAN_POINT('Ctrl Pts',(-0.166498312674383,-54.5270227522697,
19.));
#5815=CARTESIAN_POINT('Ctrl Pts',(-1.8992156402394,-61.2227352561803,19.));
#5816=CARTESIAN_POINT('Ctrl Pts',(-2.62479009019683,-63.4558237958093,19.));
#5817=CARTESIAN_POINT('',(-2.62479009019682,-63.4558237958092,19.));
#5818=CARTESIAN_POINT('',(-2.62479009019682,-63.4558237958092,19.));
#5819=CARTESIAN_POINT('Ctrl Pts',(-2.62479009019685,-17.0730020786324,19.));
#5820=CARTESIAN_POINT('Ctrl Pts',(-1.04679874174487,-21.929560073568,19.));
#5821=CARTESIAN_POINT('Ctrl Pts',(0.052581105639455,-28.1398099797393,19.));
#5822=CARTESIAN_POINT('Ctrl Pts',(0.575056144396853,-34.8695229547996,19.));
#5823=CARTESIAN_POINT('Ctrl Pts',(0.705185451157963,-38.0717589166501,19.));
#5824=CARTESIAN_POINT('Ctrl Pts',(0.730477820945017,-40.9550052222885,19.));
#5825=CARTESIAN_POINT('Ctrl Pts',(0.595592518966223,-46.9232313009651,19.));
#5826=CARTESIAN_POINT('Ctrl Pts',(-0.166498312674383,-54.5270227522697,
19.));
#5827=CARTESIAN_POINT('Ctrl Pts',(-1.8992156402394,-61.2227352561803,19.));
#5828=CARTESIAN_POINT('Ctrl Pts',(-2.62479009019683,-63.4558237958093,19.));
#5829=CARTESIAN_POINT('Origin',(1.28505583513506,-53.0405893472735,18.5));
#5830=CARTESIAN_POINT('',(-3.49997149515094,-66.1493551978784,19.));
#5831=CARTESIAN_POINT('',(-4.40196468725928,-66.0064935109698,19.9019931921083));
#5832=CARTESIAN_POINT('',(0.809527576987481,-52.886080850086,19.));
#5833=CARTESIAN_POINT('Origin',(-2.07133044671977,-40.2644129372208,19.));
#5834=CARTESIAN_POINT('',(-3.49997149515095,-17.6172649608613,19.));
#5835=CARTESIAN_POINT('',(-3.49997149515095,-29.1379563460476,19.));
#5836=CARTESIAN_POINT('',(-3.49997149515093,-62.9116149694119,19.));
#5837=CARTESIAN_POINT('Ctrl Pts',(-3.49997483355492,-62.9116139002705,19.));
#5838=CARTESIAN_POINT('Ctrl Pts',(-1.40132797009138,-56.3585697744044,19.));
#5839=CARTESIAN_POINT('Ctrl Pts',(-0.446794948257238,-48.7090622878792,
19.));
#5840=CARTESIAN_POINT('Ctrl Pts',(-0.269776817765721,-40.9629437273246,
19.));
#5841=CARTESIAN_POINT('Ctrl Pts',(-0.290050545270906,-38.6221424754536,
19.));
#5842=CARTESIAN_POINT('Ctrl Pts',(-0.389313982855326,-35.55167936855,19.));
#5843=CARTESIAN_POINT('Ctrl Pts',(-0.814325760547966,-29.0720779041434,
19.));
#5844=CARTESIAN_POINT('Ctrl Pts',(-1.97608676029598,-22.3788128415788,19.));
#5845=CARTESIAN_POINT('Ctrl Pts',(-3.4999794503592,-17.6172675073258,19.));
#5846=CARTESIAN_POINT('',(-3.49997149515095,-29.1379563460476,19.));
#5847=CARTESIAN_POINT('Origin',(-3.99997149515095,-29.1379563460476,19.5));
#5848=CARTESIAN_POINT('',(-4.24047181044462,-8.86437706941103,19.7405003152937));
#5849=CARTESIAN_POINT('',(-2.4451896426009,-14.3896874419679,17.9452181474499));
#5850=CARTESIAN_POINT('',(-4.49997149515096,-8.78678231319596,20.));
#5851=CARTESIAN_POINT('Origin',(-3.26794264498958,-5.1392345188045,18.7679711498386));
#5852=CARTESIAN_POINT('',(-4.49997149515095,-17.7741426824125,20.));
#5853=CARTESIAN_POINT('',(-4.49997149515095,-29.1379563460476,20.));
#5854=CARTESIAN_POINT('Ctrl Pts',(-4.49997149515094,-17.7741426824126,20.));
#5855=CARTESIAN_POINT('Ctrl Pts',(-4.47913837938108,-17.7708596243126,19.9791668842302));
#5856=CARTESIAN_POINT('Ctrl Pts',(-4.45830518445263,-17.7675774880211,19.9583336893011));
#5857=CARTESIAN_POINT('Ctrl Pts',(-4.12499505156647,-17.7150815345499,19.6250235564149));
#5858=CARTESIAN_POINT('Ctrl Pts',(-3.81248030274663,-17.6660706382819,19.3125088075957));
#5859=CARTESIAN_POINT('Ctrl Pts',(-3.49997149515096,-17.6172649608613,19.));
#5860=CARTESIAN_POINT('Ctrl Pts',(-4.49997149515092,-62.7546902005632,20.));
#5861=CARTESIAN_POINT('Ctrl Pts',(-2.40153146672192,-56.2631531625264,20.));
#5862=CARTESIAN_POINT('Ctrl Pts',(-1.44598311225784,-48.664152457585,20.));
#5863=CARTESIAN_POINT('Ctrl Pts',(-1.26991606319829,-40.9559189813241,20.));
#5864=CARTESIAN_POINT('Ctrl Pts',(-1.28997266276441,-38.6408474704733,20.));
#5865=CARTESIAN_POINT('Ctrl Pts',(-1.3881299161671,-35.604179875064,20.));
#5866=CARTESIAN_POINT('Ctrl Pts',(-1.81145839515513,-29.1512576067735,20.));
#5867=CARTESIAN_POINT('Ctrl Pts',(-2.97258749600978,-22.4999107073174,20.));
#5868=CARTESIAN_POINT('Ctrl Pts',(-4.49997149515095,-17.7741426824125,20.));
#5869=CARTESIAN_POINT('Ctrl Pts',(-4.18279810204802,-62.8572189761275,19.6666666666667));
#5870=CARTESIAN_POINT('Ctrl Pts',(-2.07231737040306,-56.3284339491886,19.6666666666667));
#5871=CARTESIAN_POINT('Ctrl Pts',(-1.11325889719586,-48.6939350628926,19.6666666666667));
#5872=CARTESIAN_POINT('Ctrl Pts',(-0.936536314720769,-40.9582605633243,
19.6666666666667));
#5873=CARTESIAN_POINT('Ctrl Pts',(-0.956665290266577,-38.6346124721334,
19.6666666666667));
#5874=CARTESIAN_POINT('Ctrl Pts',(-1.05519127172984,-35.586679706226,19.6666666666667));
#5875=CARTESIAN_POINT('Ctrl Pts',(-1.48007372716723,-29.1097272708858,19.6666666666667));
#5876=CARTESIAN_POINT('Ctrl Pts',(-2.64636090186553,-22.4253927829963,19.6666666666667));
#5877=CARTESIAN_POINT('Ctrl Pts',(-4.18279304602959,-17.6716295489901,19.6666666666667));
#5878=CARTESIAN_POINT('Ctrl Pts',(-3.86562470894512,-62.9597477516917,19.3333333333333));
#5879=CARTESIAN_POINT('Ctrl Pts',(-1.74310327408421,-56.3937147358508,19.3333333333333));
#5880=CARTESIAN_POINT('Ctrl Pts',(-0.780534682133873,-48.7237176682001,
19.3333333333333));
#5881=CARTESIAN_POINT('Ctrl Pts',(-0.603156566243244,-40.9606021453245,
19.3333333333333));
#5882=CARTESIAN_POINT('Ctrl Pts',(-0.623357917768741,-38.6283774737935,
19.3333333333333));
#5883=CARTESIAN_POINT('Ctrl Pts',(-0.722252627292583,-35.569179537388,19.3333333333333));
#5884=CARTESIAN_POINT('Ctrl Pts',(-1.14868905917934,-29.068196934998,19.3333333333333));
#5885=CARTESIAN_POINT('Ctrl Pts',(-2.32013430772128,-22.3508748586751,19.3333333333333));
#5886=CARTESIAN_POINT('Ctrl Pts',(-3.86561459690822,-17.5691164155677,19.3333333333333));
#5887=CARTESIAN_POINT('Ctrl Pts',(-3.54845131584222,-63.062276527256,19.));
#5888=CARTESIAN_POINT('Ctrl Pts',(-1.41388917776535,-56.4589955225131,19.));
#5889=CARTESIAN_POINT('Ctrl Pts',(-0.44781046707189,-48.7535002735077,19.));
#5890=CARTESIAN_POINT('Ctrl Pts',(-0.269776817765721,-40.9629437273246,
19.));
#5891=CARTESIAN_POINT('Ctrl Pts',(-0.290050545270906,-38.6221424754536,
19.));
#5892=CARTESIAN_POINT('Ctrl Pts',(-0.389313982855326,-35.55167936855,19.));
#5893=CARTESIAN_POINT('Ctrl Pts',(-0.817304391191449,-29.0266665991103,
19.));
#5894=CARTESIAN_POINT('Ctrl Pts',(-1.99390771357703,-22.276356934354,19.));
#5895=CARTESIAN_POINT('Ctrl Pts',(-3.54843614778686,-17.4666032821453,19.));
#5896=CARTESIAN_POINT('',(-4.49997149515094,-62.7546902005633,20.));
#5897=CARTESIAN_POINT('Ctrl Pts',(-4.49997149515095,-17.7741426824125,20.));
#5898=CARTESIAN_POINT('Ctrl Pts',(-2.97258749600978,-22.4999107073174,20.));
#5899=CARTESIAN_POINT('Ctrl Pts',(-1.81145839515513,-29.1512576067735,20.));
#5900=CARTESIAN_POINT('Ctrl Pts',(-1.3881299161671,-35.604179875064,20.));
#5901=CARTESIAN_POINT('Ctrl Pts',(-1.28997266276441,-38.6408474704733,20.));
#5902=CARTESIAN_POINT('Ctrl Pts',(-1.26991606319829,-40.9559189813241,20.));
#5903=CARTESIAN_POINT('Ctrl Pts',(-1.44598311225784,-48.664152457585,20.));
#5904=CARTESIAN_POINT('Ctrl Pts',(-2.40153146672192,-56.2631531625264,20.));
#5905=CARTESIAN_POINT('Ctrl Pts',(-4.49997149515092,-62.7546902005632,20.));
#5906=CARTESIAN_POINT('Ctrl Pts',(-4.49997149515091,-62.7546902005632,20.));
#5907=CARTESIAN_POINT('Ctrl Pts',(-4.3333091721236,-62.780958466852,19.8333376769727));
#5908=CARTESIAN_POINT('Ctrl Pts',(-4.16663956616212,-62.8071699563542,19.6666680710112));
#5909=CARTESIAN_POINT('Ctrl Pts',(-3.83330802411613,-62.8594774190154,19.3333365289652));
#5910=CARTESIAN_POINT('Ctrl Pts',(-3.66664055732919,-62.8855742675901,19.1666690621783));
#5911=CARTESIAN_POINT('Ctrl Pts',(-3.49997149515095,-62.9116149694119,19.));
#5912=CARTESIAN_POINT('Origin',(-3.99997149515095,-29.1379563460476,19.5));
#5913=CARTESIAN_POINT('',(-4.49997149515093,-71.707402967236,20.));
#5914=CARTESIAN_POINT('',(-4.49997149515095,-29.1379563460476,20.));
#5915=CARTESIAN_POINT('',(-4.22753837147126,-71.6246437728233,19.7275668763203));
#5916=CARTESIAN_POINT('Origin',(-3.24546928090405,-75.3472826622877,18.7454977857531));
#5917=CARTESIAN_POINT('',(2.51432167625269,-50.8753320940037,12.9857068285964));
#5918=CARTESIAN_POINT('Origin',(-3.24546928090405,-75.3472826622877,0.));
#5919=CARTESIAN_POINT('',(-4.49997149515093,-71.707402967236,21.5));
#5920=CARTESIAN_POINT('',(-4.49997149515093,-71.707402967236,0.));
#5921=CARTESIAN_POINT('',(-4.22753837146171,-71.6246437728062,21.5));
#5922=CARTESIAN_POINT('Origin',(-3.24546928090405,-75.3472826622877,21.5));
#5923=CARTESIAN_POINT('',(-4.22753837147126,-71.6246437728233,0.));
#5924=CARTESIAN_POINT('Origin',(-3.26794264498958,-5.1392345188045,0.));
#5925=CARTESIAN_POINT('',(-4.24047181043193,-8.86437706943372,21.5));
#5926=CARTESIAN_POINT('',(-4.24047181044462,-8.86437706941103,0.));
#5927=CARTESIAN_POINT('',(-4.49997149515096,-8.78678231319596,21.5));
#5928=CARTESIAN_POINT('Origin',(-3.26794264498958,-5.1392345188045,21.5));
#5929=CARTESIAN_POINT('',(-4.49997149515096,-8.78678231319596,0.));
#5930=CARTESIAN_POINT('Ctrl Pts',(-4.67266078222248,-63.2863857559207,22.));
#5931=CARTESIAN_POINT('Ctrl Pts',(-4.67266078222248,-63.2863857559207,18.5));
#5932=CARTESIAN_POINT('Ctrl Pts',(-4.62407489574403,-63.1368537729669,22.));
#5933=CARTESIAN_POINT('Ctrl Pts',(-4.62407489574403,-63.1368537729669,18.5));
#5934=CARTESIAN_POINT('Ctrl Pts',(-4.57548900926558,-62.9873217900132,22.));
#5935=CARTESIAN_POINT('Ctrl Pts',(-4.57548900926558,-62.9873217900132,18.5));
#5936=CARTESIAN_POINT('Ctrl Pts',(-4.52690312278713,-62.8377898070594,22.));
#5937=CARTESIAN_POINT('Ctrl Pts',(-4.52690312278713,-62.8377898070594,18.5));
#5938=CARTESIAN_POINT('Ctrl Pts',(-3.46159131106555,-59.5590971821655,22.));
#5939=CARTESIAN_POINT('Ctrl Pts',(-3.46159131106555,-59.5590971821655,18.5));
#5940=CARTESIAN_POINT('Ctrl Pts',(-2.68575379893705,-56.1582332825519,22.));
#5941=CARTESIAN_POINT('Ctrl Pts',(-2.68575379893705,-56.1582332825519,18.5));
#5942=CARTESIAN_POINT('Ctrl Pts',(-2.16123465768353,-52.6522657087357,22.));
#5943=CARTESIAN_POINT('Ctrl Pts',(-2.16123465768353,-52.6522657087357,18.5));
#5944=CARTESIAN_POINT('Ctrl Pts',(-1.23404730353703,-46.4548011305672,22.));
#5945=CARTESIAN_POINT('Ctrl Pts',(-1.23404730353703,-46.4548011305672,18.5));
#5946=CARTESIAN_POINT('Ctrl Pts',(-1.05789022146389,-39.935370218601,22.));
#5947=CARTESIAN_POINT('Ctrl Pts',(-1.05789022146389,-39.935370218601,18.5));
#5948=CARTESIAN_POINT('Ctrl Pts',(-1.53275774203572,-33.6328002310787,22.));
#5949=CARTESIAN_POINT('Ctrl Pts',(-1.53275774203572,-33.6328002310787,18.5));
#5950=CARTESIAN_POINT('Ctrl Pts',(-1.95425302923172,-28.0386009399485,22.));
#5951=CARTESIAN_POINT('Ctrl Pts',(-1.95425302923172,-28.0386009399485,18.5));
#5952=CARTESIAN_POINT('Ctrl Pts',(-2.91267797629827,-22.6591102260254,22.));
#5953=CARTESIAN_POINT('Ctrl Pts',(-2.91267797629827,-22.6591102260254,18.5));
#5954=CARTESIAN_POINT('Ctrl Pts',(-4.52690312278716,-17.6910360673823,22.));
#5955=CARTESIAN_POINT('Ctrl Pts',(-4.52690312278716,-17.6910360673823,18.5));
#5956=CARTESIAN_POINT('Ctrl Pts',(-4.5739006087532,-17.546392678536,22.));
#5957=CARTESIAN_POINT('Ctrl Pts',(-4.5739006087532,-17.546392678536,18.5));
#5958=CARTESIAN_POINT('Ctrl Pts',(-4.62089809471922,-17.4017492896897,22.));
#5959=CARTESIAN_POINT('Ctrl Pts',(-4.62089809471922,-17.4017492896897,18.5));
#5960=CARTESIAN_POINT('Ctrl Pts',(-4.66789558068527,-17.2571059008434,22.));
#5961=CARTESIAN_POINT('Ctrl Pts',(-4.66789558068527,-17.2571059008434,18.5));
#5962=CARTESIAN_POINT('',(-4.49997149515123,-17.7741426824108,21.5));
#5963=CARTESIAN_POINT('Ctrl Pts',(-4.49997149515095,-17.7741426824125,20.));
#5964=CARTESIAN_POINT('Ctrl Pts',(-4.49997149515095,-17.7741426824125,20.0833333333333));
#5965=CARTESIAN_POINT('Ctrl Pts',(-4.49997149515095,-17.7741426824125,20.1666666666667));
#5966=CARTESIAN_POINT('Ctrl Pts',(-4.49997149515095,-17.7741426824125,20.6666666666667));
#5967=CARTESIAN_POINT('Ctrl Pts',(-4.49997149515095,-17.7741426824125,21.0833333333333));
#5968=CARTESIAN_POINT('Ctrl Pts',(-4.49997149515095,-17.7741426824125,21.5));
#5969=CARTESIAN_POINT('',(-4.49997149515096,-62.7546902005634,21.5));
#5970=CARTESIAN_POINT('Ctrl Pts',(-4.49997208541679,-17.7741476389455,21.5));
#5971=CARTESIAN_POINT('Ctrl Pts',(-2.90201050575145,-22.7190853833256,21.5));
#5972=CARTESIAN_POINT('Ctrl Pts',(-1.95190369581487,-28.0697819275762,21.5));
#5973=CARTESIAN_POINT('Ctrl Pts',(-1.53275774203572,-33.6328002310787,21.5));
#5974=CARTESIAN_POINT('Ctrl Pts',(-1.05789022146389,-39.935370218601,21.5));
#5975=CARTESIAN_POINT('Ctrl Pts',(-1.23404730353703,-46.4548011305672,21.5));
#5976=CARTESIAN_POINT('Ctrl Pts',(-2.16123465768353,-52.6522657087357,21.5));
#5977=CARTESIAN_POINT('Ctrl Pts',(-2.68132370527467,-56.1286218470337,21.5));
#5978=CARTESIAN_POINT('Ctrl Pts',(-3.44850377684833,-59.5016422268171,21.5));
#5979=CARTESIAN_POINT('Ctrl Pts',(-4.49997214769009,-62.7546880646455,21.5));
#5980=CARTESIAN_POINT('Ctrl Pts',(-4.49997149515094,-62.7546902005633,21.5));
#5981=CARTESIAN_POINT('Ctrl Pts',(-4.49997149515094,-62.7546902005633,21.0833333333333));
#5982=CARTESIAN_POINT('Ctrl Pts',(-4.49997149515094,-62.7546902005633,20.6666666666667));
#5983=CARTESIAN_POINT('Ctrl Pts',(-4.49997149515094,-62.7546902005633,20.1666666666667));
#5984=CARTESIAN_POINT('Ctrl Pts',(-4.49997149515094,-62.7546902005633,20.0833333333333));
#5985=CARTESIAN_POINT('Ctrl Pts',(-4.49997149515094,-62.7546902005633,20.));
#5986=CARTESIAN_POINT('Origin',(-2.07133044671977,-40.2644129372208,21.5));
#5987=CARTESIAN_POINT('',(-4.49997149515095,-29.1379563460476,21.5));
#5988=CARTESIAN_POINT('',(-1.67373357390169,-16.7639850842574,21.5));
#5989=CARTESIAN_POINT('',(-0.402534867342019,-20.6763324159146,21.5));
#5990=CARTESIAN_POINT('',(-1.67373357390167,-63.7648407901842,21.5));
#5991=CARTESIAN_POINT('Ctrl Pts',(-1.67373357390167,-63.7648407901842,21.5));
#5992=CARTESIAN_POINT('Ctrl Pts',(-1.51664725982944,-63.2813788274485,21.5));
#5993=CARTESIAN_POINT('Ctrl Pts',(-1.36550211315248,-62.7956500703067,21.5));
#5994=CARTESIAN_POINT('Ctrl Pts',(-1.22027315979146,-62.3076735229386,21.5));
#5995=CARTESIAN_POINT('Ctrl Pts',(-1.06898088682252,-61.7993239184122,21.5));
#5996=CARTESIAN_POINT('Ctrl Pts',(-0.924108835460439,-61.2885349298228,
21.5));
#5997=CARTESIAN_POINT('Ctrl Pts',(-0.78558291820018,-60.7753663205849,21.5));
#5998=CARTESIAN_POINT('Ctrl Pts',(-0.639942659694798,-60.2358426676512,
21.5));
#5999=CARTESIAN_POINT('Ctrl Pts',(-0.501316726630109,-59.6936887010446,
21.5));
#6000=CARTESIAN_POINT('Ctrl Pts',(-0.369574558580947,-59.1490152715807,
21.5));
#6001=CARTESIAN_POINT('Ctrl Pts',(-0.229205311932882,-58.5686741393888,
21.5));
#6002=CARTESIAN_POINT('Ctrl Pts',(-0.096650324388927,-57.9854727587952,
21.5));
#6003=CARTESIAN_POINT('Ctrl Pts',(0.028290010734169,-57.3995912662184,21.5));
#6004=CARTESIAN_POINT('Ctrl Pts',(0.163846430303909,-56.7639278725862,21.5));
#6005=CARTESIAN_POINT('Ctrl Pts',(0.290440226915787,-56.1251095473102,21.5));
#6006=CARTESIAN_POINT('Ctrl Pts',(0.408361221414218,-55.4834194101972,21.5));
#6007=CARTESIAN_POINT('Ctrl Pts',(0.53592006602191,-54.7892830281693,21.5));
#6008=CARTESIAN_POINT('Ctrl Pts',(0.653332405967166,-54.091786451676,21.5));
#6009=CARTESIAN_POINT('Ctrl Pts',(0.760980226085935,-53.3913458597257,21.5));
#6010=CARTESIAN_POINT('Ctrl Pts',(0.871239664424495,-52.673912044784,21.5));
#6011=CARTESIAN_POINT('Ctrl Pts',(0.971256311590843,-51.9533900421033,21.5));
#6012=CARTESIAN_POINT('Ctrl Pts',(1.06143047401992,-51.2302794831788,21.5));
#6013=CARTESIAN_POINT('Ctrl Pts',(1.15217270949843,-50.5026135215844,21.5));
#6014=CARTESIAN_POINT('Ctrl Pts',(1.23294932918258,-49.7723268674434,21.5));
#6015=CARTESIAN_POINT('Ctrl Pts',(1.30413905682824,-49.0399734369793,21.5));
#6016=CARTESIAN_POINT('Ctrl Pts',(1.37087942649605,-48.3533920959192,21.5));
#6017=CARTESIAN_POINT('Ctrl Pts',(1.4291943935896,-47.664995074327,21.5));
#6018=CARTESIAN_POINT('Ctrl Pts',(1.47935797099017,-46.9752672151404,21.5));
#6019=CARTESIAN_POINT('Ctrl Pts',(1.52719706332401,-46.3175000372263,21.5));
#6020=CARTESIAN_POINT('Ctrl Pts',(1.56762312451083,-45.6585230312777,21.5));
#6021=CARTESIAN_POINT('Ctrl Pts',(1.60083103744314,-44.9987741589538,21.5));
#6022=CARTESIAN_POINT('Ctrl Pts',(1.63377766436179,-44.3442163130343,21.5));
#6023=CARTESIAN_POINT('Ctrl Pts',(1.65961959826883,-43.6888990091428,21.5));
#6024=CARTESIAN_POINT('Ctrl Pts',(1.67849736034235,-43.0332614246145,21.5));
#6025=CARTESIAN_POINT('Ctrl Pts',(1.69738675361568,-42.3772198805638,21.5));
#6026=CARTESIAN_POINT('Ctrl Pts',(1.70930341478296,-41.7208578867888,21.5));
#6027=CARTESIAN_POINT('Ctrl Pts',(1.71433647811462,-41.0646231763644,21.5));
#6028=CARTESIAN_POINT('Ctrl Pts',(1.71936791734245,-40.4086002243121,21.5));
#6029=CARTESIAN_POINT('Ctrl Pts',(1.71752021649055,-39.7527047001646,21.5));
#6030=CARTESIAN_POINT('Ctrl Pts',(1.70883053771301,-39.0973882449762,21.5));
#6031=CARTESIAN_POINT('Ctrl Pts',(1.70015175357537,-38.4428933894101,21.5));
#6032=CARTESIAN_POINT('Ctrl Pts',(1.68464814475999,-37.7889763772525,21.5));
#6033=CARTESIAN_POINT('Ctrl Pts',(1.66230480351482,-37.1360880951874,21.5));
#6034=CARTESIAN_POINT('Ctrl Pts',(1.63998221570854,-36.48380624333,21.5));
#6035=CARTESIAN_POINT('Ctrl Pts',(1.61083260615941,-35.8325514352186,21.5));
#6036=CARTESIAN_POINT('Ctrl Pts',(1.57478910063427,-35.1827708775855,21.5));
#6037=CARTESIAN_POINT('Ctrl Pts',(1.53784706361427,-34.5167918873286,21.5));
#6038=CARTESIAN_POINT('Ctrl Pts',(1.493662992164,-33.8523619511152,21.5));
#6039=CARTESIAN_POINT('Ctrl Pts',(1.44210970855347,-33.1899557024142,21.5));
#6040=CARTESIAN_POINT('Ctrl Pts',(1.38652073540369,-32.4756950269648,21.5));
#6041=CARTESIAN_POINT('Ctrl Pts',(1.32236346215419,-31.7637880976815,21.5));
#6042=CARTESIAN_POINT('Ctrl Pts',(1.24941773274351,-31.0548122249923,21.5));
#6043=CARTESIAN_POINT('Ctrl Pts',(1.17603446445669,-30.3415838140249,21.5));
#6044=CARTESIAN_POINT('Ctrl Pts',(1.09375600366614,-29.631322447623,21.5));
#6045=CARTESIAN_POINT('Ctrl Pts',(1.00230916630769,-28.9245869155107,21.5));
#6046=CARTESIAN_POINT('Ctrl Pts',(0.910837789411484,-28.2176617326265,21.5));
#6047=CARTESIAN_POINT('Ctrl Pts',(0.810192065753128,-27.5142649771727,21.5));
#6048=CARTESIAN_POINT('Ctrl Pts',(0.700065085033102,-26.8149163390061,21.5));
#6049=CARTESIAN_POINT('Ctrl Pts',(0.593203628195819,-26.1363050321034,21.5));
#6050=CARTESIAN_POINT('Ctrl Pts',(0.477413776939453,-25.461505761147,21.5));
#6051=CARTESIAN_POINT('Ctrl Pts',(0.352399208661423,-24.7909482786243,21.5));
#6052=CARTESIAN_POINT('Ctrl Pts',(0.236936501404262,-24.1716253999384,21.5));
#6053=CARTESIAN_POINT('Ctrl Pts',(0.113603401273451,-23.5559212016231,21.5));
#6054=CARTESIAN_POINT('Ctrl Pts',(-0.0178290289863905,-22.9441303851516,
21.5));
#6055=CARTESIAN_POINT('Ctrl Pts',(-0.13608239854817,-22.393685374193,21.5));
#6056=CARTESIAN_POINT('Ctrl Pts',(-0.26089290879289,-21.8464081719714,21.5));
#6057=CARTESIAN_POINT('Ctrl Pts',(-0.392409861528851,-21.3024755294699,
21.5));
#6058=CARTESIAN_POINT('Ctrl Pts',(-0.51823961303941,-20.7820642226337,21.5));
#6059=CARTESIAN_POINT('Ctrl Pts',(-0.650208857921495,-20.2647146217755,
21.5));
#6060=CARTESIAN_POINT('Ctrl Pts',(-0.788423278451522,-19.7505441657616,
21.5));
#6061=CARTESIAN_POINT('Ctrl Pts',(-0.923891849855522,-19.2465885230202,
21.5));
#6062=CARTESIAN_POINT('Ctrl Pts',(-1.06536043436554,-18.7456872045033,21.5));
#6063=CARTESIAN_POINT('Ctrl Pts',(-1.21289627574639,-18.2479110412167,21.5));
#6064=CARTESIAN_POINT('Ctrl Pts',(-1.35203271257862,-17.7784739129128,21.5));
#6065=CARTESIAN_POINT('Ctrl Pts',(-1.49656539496482,-17.3118161616535,21.5));
#6066=CARTESIAN_POINT('Ctrl Pts',(-1.64651739764084,-16.8479607182403,21.5));
#6067=CARTESIAN_POINT('Ctrl Pts',(-1.65556971752216,-16.8199586390581,21.5));
#6068=CARTESIAN_POINT('Ctrl Pts',(-1.66464177603474,-16.7919667608759,21.5));
#6069=CARTESIAN_POINT('Ctrl Pts',(-1.67373357390169,-16.7639850842574,21.5));
#6070=CARTESIAN_POINT('',(1.76058409328263,-53.1950978444609,21.5));
#6071=CARTESIAN_POINT('',(-4.49997149515094,-58.6720224777686,21.5));
#6072=CARTESIAN_POINT('Origin',(-4.49997149515095,-18.0114997548744,23.));
#6073=CARTESIAN_POINT('Origin',(-4.49997149515095,-18.0114997548744,23.));
#6074=CARTESIAN_POINT('Origin',(-5.99997149515096,-3.44919385612528,23.));
#6075=CARTESIAN_POINT('',(-4.90213081130149,-6.82800005525001,23.));
#6076=CARTESIAN_POINT('',(-4.90213081130149,-6.82800005525001,0.));
#6077=CARTESIAN_POINT('',(-1.67373357390169,-16.7639850842574,23.));
#6078=CARTESIAN_POINT('',(-5.99997149515096,-3.44919385612528,23.));
#6079=CARTESIAN_POINT('',(-1.67373357390169,-16.7639850842574,23.));
#6080=CARTESIAN_POINT('Origin',(-3.26794264498958,-5.1392345188045,0.));
#6081=CARTESIAN_POINT('',(-0.917942644989576,-5.1392345188045,0.));
#6082=CARTESIAN_POINT('',(-5.58266012044481,-4.73354620393438,23.));
#6083=CARTESIAN_POINT('',(-5.58266012044481,-4.73354620393438,0.));
#6084=CARTESIAN_POINT('Origin',(-3.26794264498958,-5.1392345188045,23.));
#6085=CARTESIAN_POINT('Origin',(-3.24546928090405,-75.3472826622877,0.));
#6086=CARTESIAN_POINT('',(-0.89546928090405,-75.3472826622877,0.));
#6087=CARTESIAN_POINT('',(-4.89243063343531,-73.6709717414653,23.));
#6088=CARTESIAN_POINT('',(-4.89243063343531,-73.6709717414653,0.));
#6089=CARTESIAN_POINT('Origin',(-3.24546928090405,-75.3472826622877,23.));
#6090=CARTESIAN_POINT('Origin',(-5.99997149515096,-3.44919385612528,23.));
#6091=CARTESIAN_POINT('',(-5.99997149515096,-3.44919385612528,23.));
#6092=CARTESIAN_POINT('',(-5.99997149515096,-3.44919385612528,23.));
#6093=CARTESIAN_POINT('',(-5.99997149515096,-3.44919385612528,23.));
#6094=CARTESIAN_POINT('Origin',(-2.07133044671977,-40.2644129372208,23.));
#6095=CARTESIAN_POINT('',(-5.99997149515095,-18.0114997548744,23.));
#6096=CARTESIAN_POINT('',(-5.99997149515096,-3.44919385612528,23.));
#6097=CARTESIAN_POINT('',(-5.95348789722989,-18.1545615589447,23.));
#6098=CARTESIAN_POINT('',(-10.2797258184792,-4.83977033081255,23.));
#6099=CARTESIAN_POINT('',(-5.95348789722986,-62.3742643154969,23.));
#6100=CARTESIAN_POINT('Ctrl Pts',(-5.95348789722989,-18.1545615589447,23.));
#6101=CARTESIAN_POINT('Ctrl Pts',(-4.47542354550724,-22.7035758811271,23.));
#6102=CARTESIAN_POINT('Ctrl Pts',(-3.55652051430321,-27.6227596063452,23.));
#6103=CARTESIAN_POINT('Ctrl Pts',(-3.10771529945185,-32.7706406569581,23.));
#6104=CARTESIAN_POINT('Ctrl Pts',(-2.5891124441669,-38.7191138991848,23.));
#6105=CARTESIAN_POINT('Ctrl Pts',(-2.67397458999483,-44.9178151166121,23.));
#6106=CARTESIAN_POINT('Ctrl Pts',(-3.42317373906621,-50.8260346106332,23.));
#6107=CARTESIAN_POINT('Ctrl Pts',(-3.93054140520323,-54.8271597312667,23.));
#6108=CARTESIAN_POINT('Ctrl Pts',(-4.75477511111777,-58.6850057078783,23.));
#6109=CARTESIAN_POINT('Ctrl Pts',(-5.95348789722986,-62.3742643154969,23.));
#6110=CARTESIAN_POINT('',(-5.99997149515093,-62.5173261195673,23.));
#6111=CARTESIAN_POINT('',(-10.2797258184791,-75.6890555436291,23.));
#6112=CARTESIAN_POINT('',(-5.99997149515096,-3.44919385612528,23.));
#6113=CARTESIAN_POINT('',(-1.67373357390167,-63.7648407901842,23.));
#6114=CARTESIAN_POINT('',(-5.99997149515093,-77.0796320183163,23.));
#6115=CARTESIAN_POINT('Ctrl Pts',(-1.67373357390169,-16.7639850842574,23.));
#6116=CARTESIAN_POINT('Ctrl Pts',(-1.10976374230924,-18.499705750413,23.));
#6117=CARTESIAN_POINT('Ctrl Pts',(-0.108412194603408,-22.0365693856067,
23.));
#6118=CARTESIAN_POINT('Ctrl Pts',(1.01415623882315,-27.5379330115078,23.));
#6119=CARTESIAN_POINT('Ctrl Pts',(1.82538013414244,-35.1919326303906,23.));
#6120=CARTESIAN_POINT('Ctrl Pts',(1.85731060171142,-44.9773371044657,23.));
#6121=CARTESIAN_POINT('Ctrl Pts',(1.07503256713518,-52.7128360882014,23.));
#6122=CARTESIAN_POINT('Ctrl Pts',(-0.0609604553305808,-58.3297134268148,
23.));
#6123=CARTESIAN_POINT('Ctrl Pts',(-1.09070293616028,-61.9704569947387,23.));
#6124=CARTESIAN_POINT('Ctrl Pts',(-1.67373357390167,-63.7648407901842,23.));
#6125=CARTESIAN_POINT('Origin',(-1.67373357390167,-63.7648407901842,23.));
#6126=CARTESIAN_POINT('',(-1.67373357390167,-63.7648407901842,23.));
#6127=CARTESIAN_POINT('Origin',(-5.95348789722989,-18.1545615589447,23.));
#6128=CARTESIAN_POINT('',(-5.99997149515095,-18.0114997548744,23.));
#6129=CARTESIAN_POINT('',(-5.95348789722989,-18.1545615589447,23.));
#6130=CARTESIAN_POINT('Ctrl Pts',(-5.95348789722986,-62.3742643154969,23.));
#6131=CARTESIAN_POINT('Ctrl Pts',(-5.95348789722986,-62.3742643154969,17.5));
#6132=CARTESIAN_POINT('Ctrl Pts',(-4.75477511111777,-58.6850057078783,23.));
#6133=CARTESIAN_POINT('Ctrl Pts',(-4.75477511111777,-58.6850057078783,17.5));
#6134=CARTESIAN_POINT('Ctrl Pts',(-3.93054140520323,-54.8271597312667,23.));
#6135=CARTESIAN_POINT('Ctrl Pts',(-3.93054140520323,-54.8271597312667,17.5));
#6136=CARTESIAN_POINT('Ctrl Pts',(-3.42317373906621,-50.8260346106332,23.));
#6137=CARTESIAN_POINT('Ctrl Pts',(-3.42317373906621,-50.8260346106332,17.5));
#6138=CARTESIAN_POINT('Ctrl Pts',(-2.67397458999483,-44.9178151166121,23.));
#6139=CARTESIAN_POINT('Ctrl Pts',(-2.67397458999483,-44.9178151166121,17.5));
#6140=CARTESIAN_POINT('Ctrl Pts',(-2.5891124441669,-38.7191138991848,23.));
#6141=CARTESIAN_POINT('Ctrl Pts',(-2.5891124441669,-38.7191138991848,17.5));
#6142=CARTESIAN_POINT('Ctrl Pts',(-3.10771529945185,-32.7706406569581,23.));
#6143=CARTESIAN_POINT('Ctrl Pts',(-3.10771529945185,-32.7706406569581,17.5));
#6144=CARTESIAN_POINT('Ctrl Pts',(-3.55652051430321,-27.6227596063452,23.));
#6145=CARTESIAN_POINT('Ctrl Pts',(-3.55652051430321,-27.6227596063452,17.5));
#6146=CARTESIAN_POINT('Ctrl Pts',(-4.47542354550724,-22.7035758811271,23.));
#6147=CARTESIAN_POINT('Ctrl Pts',(-4.47542354550724,-22.7035758811271,17.5));
#6148=CARTESIAN_POINT('Ctrl Pts',(-5.95348789722989,-18.1545615589447,23.));
#6149=CARTESIAN_POINT('Ctrl Pts',(-5.95348789722989,-18.1545615589447,17.5));
#6150=CARTESIAN_POINT('',(-5.95348789722986,-62.3742643154969,23.));
#6151=CARTESIAN_POINT('Origin',(-5.99997149515093,-62.5173261195673,23.));
#6152=CARTESIAN_POINT('',(-5.99997149515093,-62.5173261195673,23.));
#6153=CARTESIAN_POINT('Origin',(-5.99997149515093,-77.0796320183163,23.));
#6154=CARTESIAN_POINT('Ctrl Pts',(-1.67373357390169,-16.7639850842574,23.));
#6155=CARTESIAN_POINT('Ctrl Pts',(-1.67373357390169,-16.7639850842574,17.5));
#6156=CARTESIAN_POINT('Ctrl Pts',(-1.10976374230924,-18.499705750413,23.));
#6157=CARTESIAN_POINT('Ctrl Pts',(-1.10976374230924,-18.499705750413,17.5));
#6158=CARTESIAN_POINT('Ctrl Pts',(-0.108412194603408,-22.0365693856067,
23.));
#6159=CARTESIAN_POINT('Ctrl Pts',(-0.108412194603408,-22.0365693856067,
17.5));
#6160=CARTESIAN_POINT('Ctrl Pts',(1.01415623882315,-27.5379330115078,23.));
#6161=CARTESIAN_POINT('Ctrl Pts',(1.01415623882315,-27.5379330115078,17.5));
#6162=CARTESIAN_POINT('Ctrl Pts',(1.82538013414244,-35.1919326303906,23.));
#6163=CARTESIAN_POINT('Ctrl Pts',(1.82538013414244,-35.1919326303906,17.5));
#6164=CARTESIAN_POINT('Ctrl Pts',(1.85731060171142,-44.9773371044657,23.));
#6165=CARTESIAN_POINT('Ctrl Pts',(1.85731060171142,-44.9773371044657,17.5));
#6166=CARTESIAN_POINT('Ctrl Pts',(1.07503256713518,-52.7128360882014,23.));
#6167=CARTESIAN_POINT('Ctrl Pts',(1.07503256713518,-52.7128360882014,17.5));
#6168=CARTESIAN_POINT('Ctrl Pts',(-0.0609604553305808,-58.3297134268148,
23.));
#6169=CARTESIAN_POINT('Ctrl Pts',(-0.0609604553305808,-58.3297134268148,
17.5));
#6170=CARTESIAN_POINT('Ctrl Pts',(-1.09070293616028,-61.9704569947387,23.));
#6171=CARTESIAN_POINT('Ctrl Pts',(-1.09070293616028,-61.9704569947387,17.5));
#6172=CARTESIAN_POINT('Ctrl Pts',(-1.67373357390167,-63.7648407901842,23.));
#6173=CARTESIAN_POINT('Ctrl Pts',(-1.67373357390167,-63.7648407901842,17.5));
#6174=CARTESIAN_POINT('Origin',(82.1737620787507,-16.7495713381063,23.));
#6175=CARTESIAN_POINT('',(86.120162551126,-4.60379957317622,23.));
#6176=CARTESIAN_POINT('',(86.1201625511261,-4.60379957317623,0.));
#6177=CARTESIAN_POINT('',(86.5,-3.43478010997415,23.));
#6178=CARTESIAN_POINT('',(86.5,-3.43478010997415,23.));
#6179=CARTESIAN_POINT('',(86.5,-3.43478010997415,23.));
#6180=CARTESIAN_POINT('Origin',(82.3805132955246,-40.249999996577,17.5));
#6181=CARTESIAN_POINT('Ctrl Pts',(81.4999999999918,-61.5759205086506,17.5));
#6182=CARTESIAN_POINT('Ctrl Pts',(81.0502632762396,-60.049599351565,17.5));
#6183=CARTESIAN_POINT('Ctrl Pts',(80.1258934052148,-56.5949833121579,17.5));
#6184=CARTESIAN_POINT('Ctrl Pts',(79.0420446077932,-51.3049092574357,17.5));
#6185=CARTESIAN_POINT('Ctrl Pts',(78.2619590107416,-44.294725871251,17.5));
#6186=CARTESIAN_POINT('Ctrl Pts',(78.2811822706878,-35.9755626530848,17.5));
#6187=CARTESIAN_POINT('Ctrl Pts',(79.0782856122856,-29.0215605976491,17.5));
#6188=CARTESIAN_POINT('Ctrl Pts',(80.1537776613983,-23.8058625030939,17.5));
#6189=CARTESIAN_POINT('Ctrl Pts',(81.0613061105794,-20.4158737513207,17.5));
#6190=CARTESIAN_POINT('Ctrl Pts',(81.499999999997,-18.9253373805139,17.5));
#6191=CARTESIAN_POINT('Ctrl Pts',(82.1737620787508,-63.7504286550478,23.));
#6192=CARTESIAN_POINT('Ctrl Pts',(82.1737620787508,-63.7504286550478,17.5));
#6193=CARTESIAN_POINT('Ctrl Pts',(81.5308045453216,-61.77160883931,23.));
#6194=CARTESIAN_POINT('Ctrl Pts',(81.5308045453216,-61.77160883931,17.5));
#6195=CARTESIAN_POINT('Ctrl Pts',(80.394035499557,-57.8589460261637,23.));
#6196=CARTESIAN_POINT('Ctrl Pts',(80.394035499557,-57.8589460261637,17.5));
#6197=CARTESIAN_POINT('Ctrl Pts',(79.1359541288114,-52.1247455150112,23.));
#6198=CARTESIAN_POINT('Ctrl Pts',(79.1359541288114,-52.1247455150112,17.5));
#6199=CARTESIAN_POINT('Ctrl Pts',(78.2610265910492,-44.698244922151,23.));
#6200=CARTESIAN_POINT('Ctrl Pts',(78.2610265910492,-44.698244922151,17.5));
#6201=CARTESIAN_POINT('Ctrl Pts',(78.2821330843009,-35.5640833483037,23.));
#6202=CARTESIAN_POINT('Ctrl Pts',(78.2821330843009,-35.5640833483037,17.5));
#6203=CARTESIAN_POINT('Ctrl Pts',(79.1761942477491,-28.1914549948825,23.));
#6204=CARTESIAN_POINT('Ctrl Pts',(79.1761942477491,-28.1914549948825,17.5));
#6205=CARTESIAN_POINT('Ctrl Pts',(80.425401774184,-22.5336106909343,23.));
#6206=CARTESIAN_POINT('Ctrl Pts',(80.425401774184,-22.5336106909343,17.5));
#6207=CARTESIAN_POINT('Ctrl Pts',(81.5434040093126,-18.6896139909417,23.));
#6208=CARTESIAN_POINT('Ctrl Pts',(81.5434040093126,-18.6896139909417,17.5));
#6209=CARTESIAN_POINT('Ctrl Pts',(82.1737620787507,-16.7495713381063,23.));
#6210=CARTESIAN_POINT('Ctrl Pts',(82.1737620787507,-16.7495713381063,17.5));
#6211=CARTESIAN_POINT('Ctrl Pts',(81.4998331204839,-18.9252882603031,18.));
#6212=CARTESIAN_POINT('Ctrl Pts',(81.2188662668643,-19.8796798038093,18.));
#6213=CARTESIAN_POINT('Ctrl Pts',(80.4330377448768,-22.734199665658,18.));
#6214=CARTESIAN_POINT('Ctrl Pts',(79.4941009046822,-27.1442005242434,18.));
#6215=CARTESIAN_POINT('Ctrl Pts',(78.9154562146584,-31.3874180651838,18.));
#6216=CARTESIAN_POINT('Ctrl Pts',(78.6977767958192,-33.6244989431076,18.));
#6217=CARTESIAN_POINT('Ctrl Pts',(78.5962231416862,-34.9367823591583,18.));
#6218=CARTESIAN_POINT('Ctrl Pts',(78.4679161026244,-36.9319602371335,18.));
#6219=CARTESIAN_POINT('Ctrl Pts',(78.3914907416319,-39.3810319359953,18.));
#6220=CARTESIAN_POINT('Ctrl Pts',(78.4250592744407,-42.2291703348284,18.));
#6221=CARTESIAN_POINT('Ctrl Pts',(78.506243868977,-44.2692118669879,18.));
#6222=CARTESIAN_POINT('Ctrl Pts',(78.6385934771804,-46.2622638237322,18.));
#6223=CARTESIAN_POINT('Ctrl Pts',(78.8773558051228,-48.8277438326852,18.));
#6224=CARTESIAN_POINT('Ctrl Pts',(79.62797410428,-54.4919561892569,18.));
#6225=CARTESIAN_POINT('Ctrl Pts',(80.6780488586296,-58.7888550801249,18.));
#6226=CARTESIAN_POINT('Ctrl Pts',(81.4997338491981,-61.5759989391038,18.));
#6227=CARTESIAN_POINT('Origin',(81.3689794427219,-59.6555283963873,18.5));
#6228=CARTESIAN_POINT('',(84.,-66.1349430627421,19.));
#6229=CARTESIAN_POINT('',(84.3043655157191,-66.0867363008809,19.3043655157191));
#6230=CARTESIAN_POINT('',(83.1248185950459,-63.4414116606728,19.));
#6231=CARTESIAN_POINT('',(81.8445077008694,-59.5010198991998,19.));
#6232=CARTESIAN_POINT('',(83.1248185950459,-63.4414116606728,19.));
#6233=CARTESIAN_POINT('Ctrl Pts',(82.1737620787508,-63.7504286550478,18.));
#6234=CARTESIAN_POINT('Ctrl Pts',(81.1288907643058,-60.5346454121139,18.));
#6235=CARTESIAN_POINT('Ctrl Pts',(79.7665641463417,-55.5377652637564,18.));
#6236=CARTESIAN_POINT('Ctrl Pts',(78.8773558051228,-48.8277438326852,18.));
#6237=CARTESIAN_POINT('Ctrl Pts',(78.6385934771804,-46.2622638237322,18.));
#6238=CARTESIAN_POINT('Ctrl Pts',(78.506243868977,-44.2692118669879,18.));
#6239=CARTESIAN_POINT('Ctrl Pts',(78.4250592744407,-42.2291703348284,18.));
#6240=CARTESIAN_POINT('Ctrl Pts',(78.3914907416319,-39.3810319359953,18.));
#6241=CARTESIAN_POINT('Ctrl Pts',(78.4679161026244,-36.9319602371335,18.));
#6242=CARTESIAN_POINT('Ctrl Pts',(78.5962231416862,-34.9367823591583,18.));
#6243=CARTESIAN_POINT('Ctrl Pts',(78.6977767958192,-33.6244989431076,18.));
#6244=CARTESIAN_POINT('Ctrl Pts',(78.9154562146584,-31.3874180651838,18.));
#6245=CARTESIAN_POINT('Ctrl Pts',(79.4941009046822,-27.1442005242434,18.));
#6246=CARTESIAN_POINT('Ctrl Pts',(80.6366510306643,-21.7778682845657,18.));
#6247=CARTESIAN_POINT('Ctrl Pts',(81.6755079147094,-18.2830399761054,18.));
#6248=CARTESIAN_POINT('Ctrl Pts',(82.1737620787507,-16.7495713381063,18.));
#6249=CARTESIAN_POINT('Ctrl Pts',(82.4907809175158,-63.6474229902561,18.3333333333333));
#6250=CARTESIAN_POINT('Ctrl Pts',(81.4500271082655,-60.444312125274,18.3333333333333));
#6251=CARTESIAN_POINT('Ctrl Pts',(80.0938103459746,-55.4695254210532,18.3333333333333));
#6252=CARTESIAN_POINT('Ctrl Pts',(79.2086083674896,-48.7897908526672,18.3333333333333));
#6253=CARTESIAN_POINT('Ctrl Pts',(78.9709128414175,-46.2357778689662,18.3333333333333));
#6254=CARTESIAN_POINT('Ctrl Pts',(78.8391515308638,-44.2515904750635,18.3333333333333));
#6255=CARTESIAN_POINT('Ctrl Pts',(78.7583256335357,-42.2205720734236,18.3333333333333));
#6256=CARTESIAN_POINT('Ctrl Pts',(78.7249047711378,-39.3849893929927,18.3333333333333));
#6257=CARTESIAN_POINT('Ctrl Pts',(78.8009939285318,-36.9466910834978,18.3333333333333));
#6258=CARTESIAN_POINT('Ctrl Pts',(78.928734356088,-34.9603255729329,18.3333333333333));
#6259=CARTESIAN_POINT('Ctrl Pts',(79.0298387041927,-33.6538493993624,18.3333333333333));
#6260=CARTESIAN_POINT('Ctrl Pts',(79.2465513639374,-31.4267016728761,18.3333333333333));
#6261=CARTESIAN_POINT('Ctrl Pts',(79.8226145136662,-27.2024416476452,18.3333333333333));
#6262=CARTESIAN_POINT('Ctrl Pts',(80.9600469723894,-21.8600822923643,18.3333333333333));
#6263=CARTESIAN_POINT('Ctrl Pts',(81.9945156748773,-18.3799243702386,18.3333333333333));
#6264=CARTESIAN_POINT('Ctrl Pts',(82.4907809175158,-16.852577002898,18.3333333333333));
#6265=CARTESIAN_POINT('Ctrl Pts',(82.8077997562809,-63.5444173254645,18.6666666666667));
#6266=CARTESIAN_POINT('Ctrl Pts',(81.7711634522252,-60.3539788384341,18.6666666666667));
#6267=CARTESIAN_POINT('Ctrl Pts',(80.4210565456075,-55.4012855783501,18.6666666666667));
#6268=CARTESIAN_POINT('Ctrl Pts',(79.5398609298565,-48.7518378726492,18.6666666666667));
#6269=CARTESIAN_POINT('Ctrl Pts',(79.3032322056546,-46.2092919142001,18.6666666666667));
#6270=CARTESIAN_POINT('Ctrl Pts',(79.1720591927507,-44.2339690831392,18.6666666666667));
#6271=CARTESIAN_POINT('Ctrl Pts',(79.0915919926307,-42.2119738120187,18.6666666666667));
#6272=CARTESIAN_POINT('Ctrl Pts',(79.0583188006438,-39.38894684999,18.6666666666667));
#6273=CARTESIAN_POINT('Ctrl Pts',(79.1340717544392,-36.9614219298621,18.6666666666667));
#6274=CARTESIAN_POINT('Ctrl Pts',(79.2612455704899,-34.9838687867075,18.6666666666667));
#6275=CARTESIAN_POINT('Ctrl Pts',(79.3619006125663,-33.6831998556173,18.6666666666667));
#6276=CARTESIAN_POINT('Ctrl Pts',(79.5776465132164,-31.4659852805683,18.6666666666667));
#6277=CARTESIAN_POINT('Ctrl Pts',(80.1511281226502,-27.260682771047,18.6666666666667));
#6278=CARTESIAN_POINT('Ctrl Pts',(81.2834429141146,-21.942296300163,18.6666666666667));
#6279=CARTESIAN_POINT('Ctrl Pts',(82.3135234350453,-18.4768087643717,18.6666666666667));
#6280=CARTESIAN_POINT('Ctrl Pts',(82.8077997562808,-16.9555826676896,18.6666666666667));
#6281=CARTESIAN_POINT('Ctrl Pts',(83.1248185950459,-63.4414116606728,19.));
#6282=CARTESIAN_POINT('Ctrl Pts',(82.0922997961848,-60.2636455515942,19.));
#6283=CARTESIAN_POINT('Ctrl Pts',(80.7483027452404,-55.3330457356469,19.));
#6284=CARTESIAN_POINT('Ctrl Pts',(79.8711134922233,-48.7138848926311,19.));
#6285=CARTESIAN_POINT('Ctrl Pts',(79.6355515698917,-46.1828059594341,19.));
#6286=CARTESIAN_POINT('Ctrl Pts',(79.5049668546375,-44.2163476912148,19.));
#6287=CARTESIAN_POINT('Ctrl Pts',(79.4248583517256,-42.2033755506139,19.));
#6288=CARTESIAN_POINT('Ctrl Pts',(79.3917328301497,-39.3929043069873,19.));
#6289=CARTESIAN_POINT('Ctrl Pts',(79.4671495803465,-36.9761527762263,19.));
#6290=CARTESIAN_POINT('Ctrl Pts',(79.5937567848918,-35.0074120004822,19.));
#6291=CARTESIAN_POINT('Ctrl Pts',(79.6939625209398,-33.7125503118721,19.));
#6292=CARTESIAN_POINT('Ctrl Pts',(79.9087416624955,-31.5052688882606,19.));
#6293=CARTESIAN_POINT('Ctrl Pts',(80.4796417316342,-27.3189238944488,19.));
#6294=CARTESIAN_POINT('Ctrl Pts',(81.6068388558398,-22.0245103079616,19.));
#6295=CARTESIAN_POINT('Ctrl Pts',(82.6325311952132,-18.5736931585049,19.));
#6296=CARTESIAN_POINT('Ctrl Pts',(83.1248185950459,-17.0585883324813,19.));
#6297=CARTESIAN_POINT('',(83.1248185950459,-17.0585883324813,19.));
#6298=CARTESIAN_POINT('',(83.1248185950459,-17.0585883324813,19.));
#6299=CARTESIAN_POINT('Ctrl Pts',(83.1248185950459,-63.4414116606728,19.));
#6300=CARTESIAN_POINT('Ctrl Pts',(82.0922997961848,-60.2636455515942,19.));
#6301=CARTESIAN_POINT('Ctrl Pts',(80.7483027452404,-55.3330457356469,19.));
#6302=CARTESIAN_POINT('Ctrl Pts',(79.8711134922233,-48.7138848926311,19.));
#6303=CARTESIAN_POINT('Ctrl Pts',(79.6355515698917,-46.1828059594341,19.));
#6304=CARTESIAN_POINT('Ctrl Pts',(79.5049668546375,-44.2163476912148,19.));
#6305=CARTESIAN_POINT('Ctrl Pts',(79.4248583517256,-42.2033755506139,19.));
#6306=CARTESIAN_POINT('Ctrl Pts',(79.3917328301497,-39.3929043069873,19.));
#6307=CARTESIAN_POINT('Ctrl Pts',(79.4671495803465,-36.9761527762263,19.));
#6308=CARTESIAN_POINT('Ctrl Pts',(79.5937567848918,-35.0074120004822,19.));
#6309=CARTESIAN_POINT('Ctrl Pts',(79.6939625209398,-33.7125503118721,19.));
#6310=CARTESIAN_POINT('Ctrl Pts',(79.9087416624955,-31.5052688882606,19.));
#6311=CARTESIAN_POINT('Ctrl Pts',(80.4796417316342,-27.3189238944488,19.));
#6312=CARTESIAN_POINT('Ctrl Pts',(81.6068388558398,-22.0245103079616,19.));
#6313=CARTESIAN_POINT('Ctrl Pts',(82.6325311952132,-18.5736931585049,19.));
#6314=CARTESIAN_POINT('Ctrl Pts',(83.1248185950459,-17.0585883324813,19.));
#6315=CARTESIAN_POINT('Origin',(79.2058604820972,-27.5018672108329,18.5));
#6316=CARTESIAN_POINT('',(84.,-14.3650569304119,19.));
#6317=CARTESIAN_POINT('',(84.9008401063184,-14.507735986473,19.9008401063183));
#6318=CARTESIAN_POINT('',(79.6813887402447,-27.6563757080203,19.));
#6319=CARTESIAN_POINT('Origin',(82.3805132955246,-40.249999996577,19.));
#6320=CARTESIAN_POINT('',(84.,-62.8976804771289,19.));
#6321=CARTESIAN_POINT('',(84.,-51.376456990504,19.));
#6322=CARTESIAN_POINT('',(84.0000000000001,-17.6023353248212,19.));
#6323=CARTESIAN_POINT('Ctrl Pts',(83.9999978357099,-17.6023346288238,19.));
#6324=CARTESIAN_POINT('Ctrl Pts',(83.5334958269482,-19.0529106242689,19.));
#6325=CARTESIAN_POINT('Ctrl Pts',(82.5488542440323,-22.3966148682085,19.));
#6326=CARTESIAN_POINT('Ctrl Pts',(81.4599356815508,-27.526767354918,19.));
#6327=CARTESIAN_POINT('Ctrl Pts',(80.9006658663162,-31.6363307865603,19.));
#6328=CARTESIAN_POINT('Ctrl Pts',(80.6900547584733,-33.8024078760731,19.));
#6329=CARTESIAN_POINT('Ctrl Pts',(80.5916921333954,-35.0728134272293,19.));
#6330=CARTESIAN_POINT('Ctrl Pts',(80.4672783392252,-37.0044606524405,19.));
#6331=CARTESIAN_POINT('Ctrl Pts',(80.3925999707912,-39.373640720956,19.));
#6332=CARTESIAN_POINT('Ctrl Pts',(80.423610368589,-42.1330211030914,19.));
#6333=CARTESIAN_POINT('Ctrl Pts',(80.5009881952131,-44.1103522800432,19.));
#6334=CARTESIAN_POINT('Ctrl Pts',(80.6277756315104,-46.04272936198,19.));
#6335=CARTESIAN_POINT('Ctrl Pts',(80.8571943865299,-48.5312528748651,19.));
#6336=CARTESIAN_POINT('Ctrl Pts',(81.4019821906278,-52.6761923567167,19.));
#6337=CARTESIAN_POINT('Ctrl Pts',(82.4911537360837,-57.8953117221353,19.));
#6338=CARTESIAN_POINT('Ctrl Pts',(83.5074027170644,-61.3661324895835,19.));
#6339=CARTESIAN_POINT('Ctrl Pts',(83.9999984404321,-62.8976809787193,19.));
#6340=CARTESIAN_POINT('',(84.,-51.376456990504,19.));
#6341=CARTESIAN_POINT('Origin',(84.5,-51.376456990504,19.5));
#6342=CARTESIAN_POINT('',(84.7168085431326,-71.5771208927474,19.7168085431326));
#6343=CARTESIAN_POINT('',(82.9452180934257,-66.1247261310676,17.9452180934256));
#6344=CARTESIAN_POINT('',(85.,-71.6625889806979,20.));
#6345=CARTESIAN_POINT('Origin',(83.7468401170725,-75.302931039876,18.7468401170725));
#6346=CARTESIAN_POINT('',(85.,-62.7403393979934,20.));
#6347=CARTESIAN_POINT('',(85.,-51.376456990504,20.));
#6348=CARTESIAN_POINT('Ctrl Pts',(85.,-62.7403393979933,20.));
#6349=CARTESIAN_POINT('Ctrl Pts',(84.9791663706443,-62.7436276833609,19.9791663706443));
#6350=CARTESIAN_POINT('Ctrl Pts',(84.9583326890947,-62.7469153299797,19.9583326891059));
#6351=CARTESIAN_POINT('Ctrl Pts',(84.6250127299707,-62.7995043472928,19.625012729982));
#6352=CARTESIAN_POINT('Ctrl Pts',(84.3125104481847,-62.8486634832093,19.3125104481848));
#6353=CARTESIAN_POINT('Ctrl Pts',(84.,-62.8976804771289,19.));
#6354=CARTESIAN_POINT('Ctrl Pts',(85.,-17.7596626266867,20.));
#6355=CARTESIAN_POINT('Ctrl Pts',(84.5245012526547,-19.2285207599282,20.));
#6356=CARTESIAN_POINT('Ctrl Pts',(83.5340651603504,-22.572583267841,20.));
#6357=CARTESIAN_POINT('Ctrl Pts',(82.4455486171659,-27.7010322725496,20.));
#6358=CARTESIAN_POINT('Ctrl Pts',(81.8939697766157,-31.7539988183148,20.));
#6359=CARTESIAN_POINT('Ctrl Pts',(81.6862414995665,-33.8904326742457,20.));
#6360=CARTESIAN_POINT('Ctrl Pts',(81.5892200327501,-35.1435121115912,20.));
#6361=CARTESIAN_POINT('Ctrl Pts',(81.4664993979549,-37.0488669331965,20.));
#6362=CARTESIAN_POINT('Ctrl Pts',(81.392832844631,-39.3859289315773,20.));
#6363=CARTESIAN_POINT('Ctrl Pts',(81.4234231138412,-42.1078274647785,20.));
#6364=CARTESIAN_POINT('Ctrl Pts',(81.4997467644667,-44.0582034534087,20.));
#6365=CARTESIAN_POINT('Ctrl Pts',(81.6247985390454,-45.9641014904057,20.));
#6366=CARTESIAN_POINT('Ctrl Pts',(81.8510549872389,-48.4183209007921,20.));
#6367=CARTESIAN_POINT('Ctrl Pts',(82.3882926332984,-52.5056956934192,20.));
#6368=CARTESIAN_POINT('Ctrl Pts',(83.4761800526447,-57.7189779089527,20.));
#6369=CARTESIAN_POINT('Ctrl Pts',(84.4979037666471,-61.1893951039174,20.));
#6370=CARTESIAN_POINT('Ctrl Pts',(85.0000000000001,-62.7403393979935,20.));
#6371=CARTESIAN_POINT('Ctrl Pts',(84.6828695330819,-17.6570011535655,19.6666666666667));
#6372=CARTESIAN_POINT('Ctrl Pts',(84.2053978447221,-19.1319538779531,19.6666666666667));
#6373=CARTESIAN_POINT('Ctrl Pts',(83.2106080786991,-22.4906227359438,19.6666666666667));
#6374=CARTESIAN_POINT('Ctrl Pts',(82.1170109719609,-27.6429439666724,19.6666666666667));
#6375=CARTESIAN_POINT('Ctrl Pts',(81.5628684731825,-31.7147761410633,19.6666666666667));
#6376=CARTESIAN_POINT('Ctrl Pts',(81.3541792525354,-33.8610910748549,19.6666666666667));
#6377=CARTESIAN_POINT('Ctrl Pts',(81.2567107329652,-35.1199458834706,19.6666666666667));
#6378=CARTESIAN_POINT('Ctrl Pts',(81.1334257117117,-37.0340648396112,19.6666666666667));
#6379=CARTESIAN_POINT('Ctrl Pts',(81.0594218866844,-39.3818328613702,19.6666666666667));
#6380=CARTESIAN_POINT('Ctrl Pts',(81.0901521987572,-42.1162253442162,19.6666666666667));
#6381=CARTESIAN_POINT('Ctrl Pts',(81.1668272413822,-44.0755863956202,19.6666666666667));
#6382=CARTESIAN_POINT('Ctrl Pts',(81.2924575698671,-45.9903107809305,19.6666666666667));
#6383=CARTESIAN_POINT('Ctrl Pts',(81.5197681203359,-48.4559648921498,19.6666666666667));
#6384=CARTESIAN_POINT('Ctrl Pts',(82.0595224857416,-52.5625279145184,19.6666666666667));
#6385=CARTESIAN_POINT('Ctrl Pts',(83.1525252415317,-57.8002165408795,19.6666666666667));
#6386=CARTESIAN_POINT('Ctrl Pts',(84.1787187352393,-61.2857101541728,19.6666666666667));
#6387=CARTESIAN_POINT('Ctrl Pts',(84.6828710042674,-62.8430054156271,19.6666666666667));
#6388=CARTESIAN_POINT('Ctrl Pts',(84.3657390661638,-17.5543396804444,19.3333333333333));
#6389=CARTESIAN_POINT('Ctrl Pts',(83.8862944367896,-19.0353869959779,19.3333333333333));
#6390=CARTESIAN_POINT('Ctrl Pts',(82.8871509970478,-22.4086622040467,19.3333333333333));
#6391=CARTESIAN_POINT('Ctrl Pts',(81.7884733267559,-27.5848556607952,19.3333333333333));
#6392=CARTESIAN_POINT('Ctrl Pts',(81.2317671697494,-31.6755534638118,19.3333333333334));
#6393=CARTESIAN_POINT('Ctrl Pts',(81.0221170055044,-33.831749475464,19.3333333333334));
#6394=CARTESIAN_POINT('Ctrl Pts',(80.9242014331804,-35.09637965535,19.3333333333334));
#6395=CARTESIAN_POINT('Ctrl Pts',(80.8003520254685,-37.0192627460259,19.3333333333334));
#6396=CARTESIAN_POINT('Ctrl Pts',(80.7260109287378,-39.3777367911631,19.3333333333333));
#6397=CARTESIAN_POINT('Ctrl Pts',(80.7568812836731,-42.1246232236538,19.3333333333334));
#6398=CARTESIAN_POINT('Ctrl Pts',(80.8339077182976,-44.0929693378317,19.3333333333333));
#6399=CARTESIAN_POINT('Ctrl Pts',(80.9601166006887,-46.0165200714553,19.3333333333334));
#6400=CARTESIAN_POINT('Ctrl Pts',(81.1884812534329,-48.4936088835074,19.3333333333333));
#6401=CARTESIAN_POINT('Ctrl Pts',(81.7307523381847,-52.6193601356175,19.3333333333333));
#6402=CARTESIAN_POINT('Ctrl Pts',(82.8288704304188,-57.8814551728064,19.3333333333333));
#6403=CARTESIAN_POINT('Ctrl Pts',(83.8595337038316,-61.3820252044282,19.3333333333333));
#6404=CARTESIAN_POINT('Ctrl Pts',(84.3657420085349,-62.9456714332607,19.3333333333333));
#6405=CARTESIAN_POINT('Ctrl Pts',(84.0486085992457,-17.4516782073232,19.));
#6406=CARTESIAN_POINT('Ctrl Pts',(83.567191028857,-18.9388201140028,19.));
#6407=CARTESIAN_POINT('Ctrl Pts',(82.5636939153965,-22.3267016721496,19.));
#6408=CARTESIAN_POINT('Ctrl Pts',(81.4599356815508,-27.526767354918,19.));
#6409=CARTESIAN_POINT('Ctrl Pts',(80.9006658663162,-31.6363307865603,19.));
#6410=CARTESIAN_POINT('Ctrl Pts',(80.6900547584733,-33.8024078760731,19.));
#6411=CARTESIAN_POINT('Ctrl Pts',(80.5916921333954,-35.0728134272293,19.));
#6412=CARTESIAN_POINT('Ctrl Pts',(80.4672783392252,-37.0044606524405,19.));
#6413=CARTESIAN_POINT('Ctrl Pts',(80.3925999707912,-39.373640720956,19.));
#6414=CARTESIAN_POINT('Ctrl Pts',(80.423610368589,-42.1330211030914,19.));
#6415=CARTESIAN_POINT('Ctrl Pts',(80.5009881952131,-44.1103522800432,19.));
#6416=CARTESIAN_POINT('Ctrl Pts',(80.6277756315104,-46.04272936198,19.));
#6417=CARTESIAN_POINT('Ctrl Pts',(80.8571943865299,-48.5312528748651,19.));
#6418=CARTESIAN_POINT('Ctrl Pts',(81.4019821906278,-52.6761923567167,19.));
#6419=CARTESIAN_POINT('Ctrl Pts',(82.5052156193059,-57.9626938047332,19.));
#6420=CARTESIAN_POINT('Ctrl Pts',(83.5403486724239,-61.4783402546836,19.));
#6421=CARTESIAN_POINT('Ctrl Pts',(84.0486130128022,-63.0483374508944,19.));
#6422=CARTESIAN_POINT('',(85.,-17.7596626266867,20.));
#6423=CARTESIAN_POINT('Ctrl Pts',(85.0000000000001,-62.7403393979935,20.));
#6424=CARTESIAN_POINT('Ctrl Pts',(84.4979037666471,-61.1893951039174,20.));
#6425=CARTESIAN_POINT('Ctrl Pts',(83.4761800526447,-57.7189779089527,20.));
#6426=CARTESIAN_POINT('Ctrl Pts',(82.3882926332984,-52.5056956934192,20.));
#6427=CARTESIAN_POINT('Ctrl Pts',(81.8510549872389,-48.4183209007921,20.));
#6428=CARTESIAN_POINT('Ctrl Pts',(81.6247985390454,-45.9641014904057,20.));
#6429=CARTESIAN_POINT('Ctrl Pts',(81.4997467644667,-44.0582034534087,20.));
#6430=CARTESIAN_POINT('Ctrl Pts',(81.4234231138412,-42.1078274647785,20.));
#6431=CARTESIAN_POINT('Ctrl Pts',(81.392832844631,-39.3859289315773,20.));
#6432=CARTESIAN_POINT('Ctrl Pts',(81.4664993979549,-37.0488669331965,20.));
#6433=CARTESIAN_POINT('Ctrl Pts',(81.5892200327501,-35.1435121115912,20.));
#6434=CARTESIAN_POINT('Ctrl Pts',(81.6862414995665,-33.8904326742457,20.));
#6435=CARTESIAN_POINT('Ctrl Pts',(81.8939697766157,-31.7539988183148,20.));
#6436=CARTESIAN_POINT('Ctrl Pts',(82.4455486171659,-27.7010322725496,20.));
#6437=CARTESIAN_POINT('Ctrl Pts',(83.5340651603504,-22.572583267841,20.));
#6438=CARTESIAN_POINT('Ctrl Pts',(84.5245012526547,-19.2285207599282,20.));
#6439=CARTESIAN_POINT('Ctrl Pts',(85.,-17.7596626266867,20.));
#6440=CARTESIAN_POINT('Ctrl Pts',(85.,-17.7596626266867,20.));
#6441=CARTESIAN_POINT('Ctrl Pts',(84.8333349575022,-17.7333581977945,19.8333349575022));
#6442=CARTESIAN_POINT('Ctrl Pts',(84.6666661021863,-17.7070951146498,19.6666661021863));
#6443=CARTESIAN_POINT('Ctrl Pts',(84.3333331141791,-17.6546529502642,19.3333331141791));
#6444=CARTESIAN_POINT('Ctrl Pts',(84.1666678766375,-17.628473690159,19.1666678766375));
#6445=CARTESIAN_POINT('Ctrl Pts',(84.,-17.6023353248214,19.));
#6446=CARTESIAN_POINT('Origin',(84.5,-51.376456990504,19.5));
#6447=CARTESIAN_POINT('',(85.,-8.73775980309921,20.));
#6448=CARTESIAN_POINT('',(85.,-51.376456990504,20.));
#6449=CARTESIAN_POINT('',(84.7540732966907,-8.80818998186392,19.7540732966907));
#6450=CARTESIAN_POINT('Origin',(83.8176441412474,-5.07380911794074,18.8176441412473));
#6451=CARTESIAN_POINT('',(77.9857066665234,-29.6390805330959,12.9857066665234));
#6452=CARTESIAN_POINT('Origin',(83.7468401170725,-75.302931039876,0.));
#6453=CARTESIAN_POINT('',(84.7168085431189,-71.577120892723,21.5));
#6454=CARTESIAN_POINT('',(84.7168085431326,-71.5771208927474,0.));
#6455=CARTESIAN_POINT('',(85.,-71.6625889806979,21.5));
#6456=CARTESIAN_POINT('Origin',(83.7468401170725,-75.302931039876,21.5));
#6457=CARTESIAN_POINT('',(85.,-71.6625889806979,0.));
#6458=CARTESIAN_POINT('Origin',(83.8176441412474,-5.07380911794074,0.));
#6459=CARTESIAN_POINT('',(85.,-8.73775980309921,21.5));
#6460=CARTESIAN_POINT('',(85.,-8.73775980309921,0.));
#6461=CARTESIAN_POINT('',(84.7540732966595,-8.80818998191982,21.5));
#6462=CARTESIAN_POINT('Origin',(83.8176441412474,-5.07380911794074,21.5));
#6463=CARTESIAN_POINT('',(84.7540732966907,-8.80818998186392,0.));
#6464=CARTESIAN_POINT('Ctrl Pts',(85.1845211449957,-17.1916116580224,22.));
#6465=CARTESIAN_POINT('Ctrl Pts',(85.1845211449957,-17.1916116580224,18.5));
#6466=CARTESIAN_POINT('Ctrl Pts',(85.1319913058758,-17.3532818790921,22.));
#6467=CARTESIAN_POINT('Ctrl Pts',(85.1319913058758,-17.3532818790921,18.5));
#6468=CARTESIAN_POINT('Ctrl Pts',(85.079461466756,-17.5149521001617,22.));
#6469=CARTESIAN_POINT('Ctrl Pts',(85.079461466756,-17.5149521001617,18.5));
#6470=CARTESIAN_POINT('Ctrl Pts',(85.0269316276361,-17.6766223212313,22.));
#6471=CARTESIAN_POINT('Ctrl Pts',(85.0269316276361,-17.6766223212313,18.5));
#6472=CARTESIAN_POINT('Ctrl Pts',(82.4947990929704,-25.4697249371178,22.));
#6473=CARTESIAN_POINT('Ctrl Pts',(82.4947990929704,-25.4697249371178,18.5));
#6474=CARTESIAN_POINT('Ctrl Pts',(81.4237318671117,-32.7926647862318,22.));
#6475=CARTESIAN_POINT('Ctrl Pts',(81.4237318671117,-32.7926647862318,18.5));
#6476=CARTESIAN_POINT('Ctrl Pts',(81.4098840975932,-40.1410295715146,22.));
#6477=CARTESIAN_POINT('Ctrl Pts',(81.4098840975932,-40.1410295715146,18.5));
#6478=CARTESIAN_POINT('Ctrl Pts',(81.3960363280747,-47.4893943567973,22.));
#6479=CARTESIAN_POINT('Ctrl Pts',(81.3960363280747,-47.4893943567973,18.5));
#6480=CARTESIAN_POINT('Ctrl Pts',(82.4429553152984,-54.8707163149903,22.));
#6481=CARTESIAN_POINT('Ctrl Pts',(82.4429553152984,-54.8707163149903,18.5));
#6482=CARTESIAN_POINT('Ctrl Pts',(85.0269316276362,-62.8233776719229,22.));
#6483=CARTESIAN_POINT('Ctrl Pts',(85.0269316276362,-62.8233776719229,18.5));
#6484=CARTESIAN_POINT('Ctrl Pts',(85.0805114220886,-62.9882793232344,22.));
#6485=CARTESIAN_POINT('Ctrl Pts',(85.0805114220886,-62.9882793232344,18.5));
#6486=CARTESIAN_POINT('Ctrl Pts',(85.1340912165411,-63.1531809745459,22.));
#6487=CARTESIAN_POINT('Ctrl Pts',(85.1340912165411,-63.1531809745459,18.5));
#6488=CARTESIAN_POINT('Ctrl Pts',(85.1876710109936,-63.3180826258575,22.));
#6489=CARTESIAN_POINT('Ctrl Pts',(85.1876710109936,-63.3180826258575,18.5));
#6490=CARTESIAN_POINT('',(85.,-62.7403393979935,21.5));
#6491=CARTESIAN_POINT('Ctrl Pts',(85.,-62.7403393979935,20.));
#6492=CARTESIAN_POINT('Ctrl Pts',(85.,-62.7403393979935,20.0833333333333));
#6493=CARTESIAN_POINT('Ctrl Pts',(85.,-62.7403393979935,20.1666666666667));
#6494=CARTESIAN_POINT('Ctrl Pts',(85.,-62.7403393979935,20.6666666666667));
#6495=CARTESIAN_POINT('Ctrl Pts',(85.,-62.7403393979935,21.0833333333333));
#6496=CARTESIAN_POINT('Ctrl Pts',(85.,-62.7403393979935,21.5));
#6497=CARTESIAN_POINT('',(85.,-17.7596626266867,21.5));
#6498=CARTESIAN_POINT('Ctrl Pts',(85.0000000238284,-17.7596616970051,21.5));
#6499=CARTESIAN_POINT('Ctrl Pts',(82.4872023051225,-25.5217561013088,21.5));
#6500=CARTESIAN_POINT('Ctrl Pts',(81.4236826716287,-32.8187705323236,21.5));
#6501=CARTESIAN_POINT('Ctrl Pts',(81.4098840975932,-40.1410295715146,21.5));
#6502=CARTESIAN_POINT('Ctrl Pts',(81.3960845370509,-47.4638121037937,21.5));
#6503=CARTESIAN_POINT('Ctrl Pts',(82.4356787821409,-54.8193227373016,21.5));
#6504=CARTESIAN_POINT('Ctrl Pts',(85.000000291773,-62.7403403544406,21.5));
#6505=CARTESIAN_POINT('Ctrl Pts',(85.,-17.7596626266867,21.5));
#6506=CARTESIAN_POINT('Ctrl Pts',(85.,-17.7596626266867,21.0833333333334));
#6507=CARTESIAN_POINT('Ctrl Pts',(85.,-17.7596626266867,20.6666666666667));
#6508=CARTESIAN_POINT('Ctrl Pts',(85.,-17.7596626266867,20.1666666666667));
#6509=CARTESIAN_POINT('Ctrl Pts',(85.,-17.7596626266867,20.0833333333333));
#6510=CARTESIAN_POINT('Ctrl Pts',(85.,-17.7596626266867,20.));
#6511=CARTESIAN_POINT('Origin',(85.,-62.5029139844309,23.));
#6512=CARTESIAN_POINT('',(85.,-51.376456990504,21.5));
#6513=CARTESIAN_POINT('Origin',(85.,-62.5029139844309,23.));
#6514=CARTESIAN_POINT('',(85.,-21.8423900532756,21.5));
#6515=CARTESIAN_POINT('Origin',(82.3805132955246,-40.249999996577,21.5));
#6516=CARTESIAN_POINT('',(82.1737620787508,-63.7504286550478,21.5));
#6517=CARTESIAN_POINT('',(80.8934511845743,-59.8100368935747,21.5));
#6518=CARTESIAN_POINT('',(82.1737620787507,-16.7495713381063,21.5));
#6519=CARTESIAN_POINT('Ctrl Pts',(82.1737620787507,-16.7495713381063,21.5));
#6520=CARTESIAN_POINT('Ctrl Pts',(81.9981401110173,-17.2900801769658,21.5));
#6521=CARTESIAN_POINT('Ctrl Pts',(81.8291689267529,-17.8289059343551,21.5));
#6522=CARTESIAN_POINT('Ctrl Pts',(81.666820355511,-18.3660636095106,21.5));
#6523=CARTESIAN_POINT('Ctrl Pts',(81.4963515205826,-18.9300885489118,21.5));
#6524=CARTESIAN_POINT('Ctrl Pts',(81.3331840285318,-19.4922743484829,21.5));
#6525=CARTESIAN_POINT('Ctrl Pts',(81.1772328117385,-20.0526693965029,21.5));
#6526=CARTESIAN_POINT('Ctrl Pts',(81.0111884661179,-20.6493330901301,21.5));
#6527=CARTESIAN_POINT('Ctrl Pts',(80.85332421718,-21.2439666889146,21.5));
#6528=CARTESIAN_POINT('Ctrl Pts',(80.703485523988,-21.836663587184,21.5));
#6529=CARTESIAN_POINT('Ctrl Pts',(80.5403038734381,-22.4821394390819,21.5));
#6530=CARTESIAN_POINT('Ctrl Pts',(80.3866399432546,-23.1253181950827,21.5));
#6531=CARTESIAN_POINT('Ctrl Pts',(80.2422443888707,-23.766362319776,21.5));
#6532=CARTESIAN_POINT('Ctrl Pts',(80.0801357980288,-24.4860434773086,21.5));
#6533=CARTESIAN_POINT('Ctrl Pts',(79.9297071425682,-25.2030339661548,21.5));
#6534=CARTESIAN_POINT('Ctrl Pts',(79.7905661258043,-25.9176174443334,21.5));
#6535=CARTESIAN_POINT('Ctrl Pts',(79.6368671736232,-26.7069657931977,21.5));
#6536=CARTESIAN_POINT('Ctrl Pts',(79.496937961583,-27.4933771952138,21.5));
#6537=CARTESIAN_POINT('Ctrl Pts',(79.3702507078372,-28.277296166532,21.5));
#6538=CARTESIAN_POINT('Ctrl Pts',(79.2514814074506,-29.0122202021429,21.5));
#6539=CARTESIAN_POINT('Ctrl Pts',(79.1443492028724,-29.744954670686,21.5));
#6540=CARTESIAN_POINT('Ctrl Pts',(79.0484515042208,-30.4759076557098,21.5));
#6541=CARTESIAN_POINT('Ctrl Pts',(78.9585474117349,-31.1611760791696,21.5));
#6542=CARTESIAN_POINT('Ctrl Pts',(78.8785166471462,-31.8448794550349,21.5));
#6543=CARTESIAN_POINT('Ctrl Pts',(78.8080709186133,-32.5273800217408,21.5));
#6544=CARTESIAN_POINT('Ctrl Pts',(78.7420280481137,-33.1672243030276,21.5));
#6545=CARTESIAN_POINT('Ctrl Pts',(78.6844091549189,-33.8060119047335,21.5));
#6546=CARTESIAN_POINT('Ctrl Pts',(78.6350236316761,-34.4440568067579,21.5));
#6547=CARTESIAN_POINT('Ctrl Pts',(78.5882105634726,-35.048866426139,21.5));
#6548=CARTESIAN_POINT('Ctrl Pts',(78.5487952452865,-35.6530090139069,21.5));
#6549=CARTESIAN_POINT('Ctrl Pts',(78.5166630715274,-36.2567609984716,21.5));
#6550=CARTESIAN_POINT('Ctrl Pts',(78.4845478810099,-36.8601938740379,21.5));
#6551=CARTESIAN_POINT('Ctrl Pts',(78.4597080857658,-37.4632367041977,21.5));
#6552=CARTESIAN_POINT('Ctrl Pts',(78.4420811539867,-38.0661714715047,21.5));
#6553=CARTESIAN_POINT('Ctrl Pts',(78.424431627727,-38.6698790901562,21.5));
#6554=CARTESIAN_POINT('Ctrl Pts',(78.4140134676408,-39.2734785048709,21.5));
#6555=CARTESIAN_POINT('Ctrl Pts',(78.4108160923347,-39.8772567171492,21.5));
#6556=CARTESIAN_POINT('Ctrl Pts',(78.4076156836364,-40.4816077417982,21.5));
#6557=CARTESIAN_POINT('Ctrl Pts',(78.4116497697984,-41.0861380408151,21.5));
#6558=CARTESIAN_POINT('Ctrl Pts',(78.4229599736667,-41.6911373170492,21.5));
#6559=CARTESIAN_POINT('Ctrl Pts',(78.4342770374888,-42.2965035422028,21.5));
#6560=CARTESIAN_POINT('Ctrl Pts',(78.4528790537194,-42.902339451835,21.5));
#6561=CARTESIAN_POINT('Ctrl Pts',(78.4788599267266,-43.5089350924681,21.5));
#6562=CARTESIAN_POINT('Ctrl Pts',(78.5050026177018,-44.1193088230032,21.5));
#6563=CARTESIAN_POINT('Ctrl Pts',(78.5386163323065,-44.7304519228978,21.5));
#6564=CARTESIAN_POINT('Ctrl Pts',(78.579849914846,-45.3426575758698,21.5));
#6565=CARTESIAN_POINT('Ctrl Pts',(78.6228086117225,-45.9804764471003,21.5));
#6566=CARTESIAN_POINT('Ctrl Pts',(78.6740384045665,-46.6194489621454,21.5));
#6567=CARTESIAN_POINT('Ctrl Pts',(78.733764604938,-47.2599007128314,21.5));
#6568=CARTESIAN_POINT('Ctrl Pts',(78.7990187584632,-47.9596294182363,21.5));
#6569=CARTESIAN_POINT('Ctrl Pts',(78.8744151373715,-48.6611244996281,21.5));
#6570=CARTESIAN_POINT('Ctrl Pts',(78.9603100719924,-49.3647957356764,21.5));
#6571=CARTESIAN_POINT('Ctrl Pts',(79.0511657550094,-50.1091065737122,21.5));
#6572=CARTESIAN_POINT('Ctrl Pts',(79.153768757216,-50.8558530484955,21.5));
#6573=CARTESIAN_POINT('Ctrl Pts',(79.2685965550057,-51.6054922077437,21.5));
#6574=CARTESIAN_POINT('Ctrl Pts',(79.3862472932998,-52.3735605869806,21.5));
#6575=CARTESIAN_POINT('Ctrl Pts',(79.5167330343464,-53.1446665139149,21.5));
#6576=CARTESIAN_POINT('Ctrl Pts',(79.6606017615481,-53.9192596524724,21.5));
#6577=CARTESIAN_POINT('Ctrl Pts',(79.7941228967349,-54.6381410743057,21.5));
#6578=CARTESIAN_POINT('Ctrl Pts',(79.9391734338543,-55.360026400313,21.5));
#6579=CARTESIAN_POINT('Ctrl Pts',(80.0961932349502,-56.0852330038434,21.5));
#6580=CARTESIAN_POINT('Ctrl Pts',(80.2321670365544,-56.7132372309675,21.5));
#6581=CARTESIAN_POINT('Ctrl Pts',(80.3771178413413,-57.3437318793719,21.5));
#6582=CARTESIAN_POINT('Ctrl Pts',(80.5313079209235,-57.9768898886232,21.5));
#6583=CARTESIAN_POINT('Ctrl Pts',(80.6711897940503,-58.5512934336456,21.5));
#6584=CARTESIAN_POINT('Ctrl Pts',(80.8186763037955,-59.1278888814344,21.5));
#6585=CARTESIAN_POINT('Ctrl Pts',(80.973931386005,-59.7067776983701,21.5));
#6586=CARTESIAN_POINT('Ctrl Pts',(81.1221116157265,-60.2592870053504,21.5));
#6587=CARTESIAN_POINT('Ctrl Pts',(81.2773690230096,-60.8138854942357,21.5));
#6588=CARTESIAN_POINT('Ctrl Pts',(81.4398083233437,-61.3706348204777,21.5));
#6589=CARTESIAN_POINT('Ctrl Pts',(81.5936805628462,-61.8980211456721,21.5));
#6590=CARTESIAN_POINT('Ctrl Pts',(81.7539973658545,-62.4273374042525,21.5));
#6591=CARTESIAN_POINT('Ctrl Pts',(81.9208080545465,-62.9586113465892,21.5));
#6592=CARTESIAN_POINT('Ctrl Pts',(82.0035291609693,-63.2220690942209,21.5));
#6593=CARTESIAN_POINT('Ctrl Pts',(82.0878465594452,-63.4860078756933,21.5));
#6594=CARTESIAN_POINT('Ctrl Pts',(82.1737620787508,-63.7504286550478,21.5));
#6595=CARTESIAN_POINT('',(78.7303322239496,-27.3473587136454,21.5));
#6596=CARTESIAN_POINT('Origin',(82.1737620787507,-16.7495713381063,23.));
#6597=CARTESIAN_POINT('',(82.1737620787507,-16.7495713381063,23.));
#6598=CARTESIAN_POINT('',(82.1737620787507,-16.7495713381063,23.));
#6599=CARTESIAN_POINT('',(85.4041559858511,-6.80744119163227,23.));
#6600=CARTESIAN_POINT('',(86.5,-3.43478010997415,23.));
#6601=CARTESIAN_POINT('',(85.4041559858511,-6.80744119163227,0.));
#6602=CARTESIAN_POINT('Ctrl Pts',(82.1737620787508,-63.7504286550478,23.));
#6603=CARTESIAN_POINT('Ctrl Pts',(82.1737620787508,-63.7504286550478,17.5));
#6604=CARTESIAN_POINT('Ctrl Pts',(81.5308045453216,-61.77160883931,23.));
#6605=CARTESIAN_POINT('Ctrl Pts',(81.5308045453216,-61.77160883931,17.5));
#6606=CARTESIAN_POINT('Ctrl Pts',(80.394035499557,-57.8589460261637,23.));
#6607=CARTESIAN_POINT('Ctrl Pts',(80.394035499557,-57.8589460261637,17.5));
#6608=CARTESIAN_POINT('Ctrl Pts',(79.1359541288114,-52.1247455150112,23.));
#6609=CARTESIAN_POINT('Ctrl Pts',(79.1359541288114,-52.1247455150112,17.5));
#6610=CARTESIAN_POINT('Ctrl Pts',(78.2610265910492,-44.698244922151,23.));
#6611=CARTESIAN_POINT('Ctrl Pts',(78.2610265910492,-44.698244922151,17.5));
#6612=CARTESIAN_POINT('Ctrl Pts',(78.2821330843009,-35.5640833483037,23.));
#6613=CARTESIAN_POINT('Ctrl Pts',(78.2821330843009,-35.5640833483037,17.5));
#6614=CARTESIAN_POINT('Ctrl Pts',(79.1761942477491,-28.1914549948825,23.));
#6615=CARTESIAN_POINT('Ctrl Pts',(79.1761942477491,-28.1914549948825,17.5));
#6616=CARTESIAN_POINT('Ctrl Pts',(80.425401774184,-22.5336106909343,23.));
#6617=CARTESIAN_POINT('Ctrl Pts',(80.425401774184,-22.5336106909343,17.5));
#6618=CARTESIAN_POINT('Ctrl Pts',(81.5434040093126,-18.6896139909417,23.));
#6619=CARTESIAN_POINT('Ctrl Pts',(81.5434040093126,-18.6896139909417,17.5));
#6620=CARTESIAN_POINT('Ctrl Pts',(82.1737620787507,-16.7495713381063,23.));
#6621=CARTESIAN_POINT('Ctrl Pts',(82.1737620787507,-16.7495713381063,17.5));
#6622=CARTESIAN_POINT('',(82.1737620787508,-63.7504286550478,23.));
#6623=CARTESIAN_POINT('',(82.1737620787508,-63.7504286550478,23.));
#6624=CARTESIAN_POINT('Ctrl Pts',(82.1737620787507,-16.7495713381063,23.));
#6625=CARTESIAN_POINT('Ctrl Pts',(81.5434040093126,-18.6896139909417,23.));
#6626=CARTESIAN_POINT('Ctrl Pts',(80.425401774184,-22.5336106909343,23.));
#6627=CARTESIAN_POINT('Ctrl Pts',(79.1761942477491,-28.1914549948825,23.));
#6628=CARTESIAN_POINT('Ctrl Pts',(78.2821330843009,-35.5640833483037,23.));
#6629=CARTESIAN_POINT('Ctrl Pts',(78.2610265910492,-44.698244922151,23.));
#6630=CARTESIAN_POINT('Ctrl Pts',(79.1359541288114,-52.1247455150112,23.));
#6631=CARTESIAN_POINT('Ctrl Pts',(80.394035499557,-57.8589460261637,23.));
#6632=CARTESIAN_POINT('Ctrl Pts',(81.5308045453216,-61.77160883931,23.));
#6633=CARTESIAN_POINT('Ctrl Pts',(82.1737620787508,-63.7504286550478,23.));
#6634=CARTESIAN_POINT('Origin',(83.8176441412474,-5.07380911794074,0.));
#6635=CARTESIAN_POINT('',(86.1676441412474,-5.07380911794074,23.));
#6636=CARTESIAN_POINT('',(86.1676441412474,-5.07380911794074,0.));
#6637=CARTESIAN_POINT('Origin',(83.8176441412474,-5.07380911794074,23.));
#6638=CARTESIAN_POINT('Origin',(83.8176441412474,-5.07380911794074,23.));
#6639=CARTESIAN_POINT('Origin',(83.7468401170725,-75.302931039876,0.));
#6640=CARTESIAN_POINT('',(86.0968401170725,-75.302931039876,23.));
#6641=CARTESIAN_POINT('',(86.0968401170725,-75.302931039876,0.));
#6642=CARTESIAN_POINT('',(85.3776127058425,-73.6108669856168,23.));
#6643=CARTESIAN_POINT('Origin',(83.7468401170725,-75.302931039876,23.));
#6644=CARTESIAN_POINT('',(85.3776127058425,-73.6108669856168,0.));
#6645=CARTESIAN_POINT('',(86.0607331523761,-75.7132955378209,23.));
#6646=CARTESIAN_POINT('',(86.0607331523761,-75.7132955378209,0.));
#6647=CARTESIAN_POINT('Origin',(83.7468401170725,-75.302931039876,23.));
#6648=CARTESIAN_POINT('Origin',(86.5,-77.0652198831799,23.));
#6649=CARTESIAN_POINT('',(86.5,-77.0652198831799,23.));
#6650=CARTESIAN_POINT('Origin',(86.5,-77.0652198831799,23.));
#6651=CARTESIAN_POINT('',(86.5,-77.0652198831799,23.));
#6652=CARTESIAN_POINT('',(86.5,-77.0652198831799,23.));
#6653=CARTESIAN_POINT('',(86.5,-77.0652198831799,23.));
#6654=CARTESIAN_POINT('Origin',(86.4535164020789,-62.3598521803605,23.));
#6655=CARTESIAN_POINT('',(86.5,-62.5029139844309,23.));
#6656=CARTESIAN_POINT('',(86.4535164020789,-62.3598521803605,23.));
#6657=CARTESIAN_POINT('',(90.7797543233282,-75.6746434084926,23.));
#6658=CARTESIAN_POINT('',(86.5,-62.5029139844309,23.));
#6659=CARTESIAN_POINT('',(86.4535164020789,-62.3598521803605,23.));
#6660=CARTESIAN_POINT('Ctrl Pts',(86.4535164020789,-18.1401478127936,23.));
#6661=CARTESIAN_POINT('Ctrl Pts',(86.4535164020789,-18.1401478127936,17.5));
#6662=CARTESIAN_POINT('Ctrl Pts',(83.9685635780764,-25.7880462098831,23.));
#6663=CARTESIAN_POINT('Ctrl Pts',(83.9685635780764,-25.7880462098831,17.5));
#6664=CARTESIAN_POINT('Ctrl Pts',(82.923443348995,-32.9471812318593,23.));
#6665=CARTESIAN_POINT('Ctrl Pts',(82.923443348995,-32.9471812318593,17.5));
#6666=CARTESIAN_POINT('Ctrl Pts',(82.9098814341812,-40.1438562707875,23.));
#6667=CARTESIAN_POINT('Ctrl Pts',(82.9098814341812,-40.1438562707875,17.5));
#6668=CARTESIAN_POINT('Ctrl Pts',(82.8963195193674,-47.3405313097156,23.));
#6669=CARTESIAN_POINT('Ctrl Pts',(82.8963195193674,-47.3405313097156,17.5));
#6670=CARTESIAN_POINT('Ctrl Pts',(83.9170467948831,-54.5534014277486,23.));
#6671=CARTESIAN_POINT('Ctrl Pts',(83.9170467948831,-54.5534014277486,17.5));
#6672=CARTESIAN_POINT('Ctrl Pts',(86.4535164020789,-62.3598521803605,23.));
#6673=CARTESIAN_POINT('Ctrl Pts',(86.4535164020789,-62.3598521803605,17.5));
#6674=CARTESIAN_POINT('',(86.4535164020789,-18.1401478127936,23.));
#6675=CARTESIAN_POINT('Ctrl Pts',(86.4535164020789,-18.1401478127936,23.));
#6676=CARTESIAN_POINT('Ctrl Pts',(83.9685635780764,-25.7880462098831,23.));
#6677=CARTESIAN_POINT('Ctrl Pts',(82.923443348995,-32.9471812318593,23.));
#6678=CARTESIAN_POINT('Ctrl Pts',(82.9098814341812,-40.1438562707875,23.));
#6679=CARTESIAN_POINT('Ctrl Pts',(82.8963195193674,-47.3405313097156,23.));
#6680=CARTESIAN_POINT('Ctrl Pts',(83.9170467948831,-54.5534014277486,23.));
#6681=CARTESIAN_POINT('Ctrl Pts',(86.4535164020789,-62.3598521803605,23.));
#6682=CARTESIAN_POINT('',(86.4535164020789,-18.1401478127936,23.));
#6683=CARTESIAN_POINT('Origin',(86.5,-17.9970860087231,23.));
#6684=CARTESIAN_POINT('',(86.5,-17.9970860087231,23.));
#6685=CARTESIAN_POINT('',(90.7797543233282,-4.82535658466142,23.));
#6686=CARTESIAN_POINT('',(86.5,-17.9970860087231,23.));
#6687=CARTESIAN_POINT('Origin',(86.5,-3.43478010997415,23.));
#6688=CARTESIAN_POINT('',(86.5,-3.43478010997415,23.));
#6689=CARTESIAN_POINT('',(86.5,-3.43478010997415,23.));
#6690=CARTESIAN_POINT('Origin',(82.3805132955246,-40.249999996577,23.));
#6691=CARTESIAN_POINT('Origin',(61.4981479814642,-81.4040545124703,23.));
#6692=CARTESIAN_POINT('',(61.4981479814642,-81.4040545124703,17.5));
#6693=CARTESIAN_POINT('',(66.9530102951452,-86.5,17.5));
#6694=CARTESIAN_POINT('',(61.4981479814642,-81.4040545124703,23.));
#6695=CARTESIAN_POINT('',(61.4981479814642,-81.4040545124703,23.));
#6696=CARTESIAN_POINT('',(66.9530102951452,-86.5,23.));
#6697=CARTESIAN_POINT('',(66.9530102951452,-86.5,23.));
#6698=CARTESIAN_POINT('',(66.9530102951452,-86.5,23.));
#6699=CARTESIAN_POINT('Origin',(40.2505177998956,-83.9520272562351,17.5));
#6700=CARTESIAN_POINT('',(19.002887618327,-81.4040545124703,17.5));
#6701=CARTESIAN_POINT('',(13.5480253046461,-86.5,17.5));
#6702=CARTESIAN_POINT('',(61.4981479814642,-81.4040545124703,17.5));
#6703=CARTESIAN_POINT('Origin',(22.6781412105031,-80.7075813021066,19.5));
#6704=CARTESIAN_POINT('',(19.8862630226195,-84.,19.));
#6705=CARTESIAN_POINT('',(17.3509679354301,-85.,20.));
#6706=CARTESIAN_POINT('',(34.0777366010184,-78.40243715609,13.4024371560899));
#6707=CARTESIAN_POINT('',(21.5946138901707,-82.4040545124703,19.));
#6708=CARTESIAN_POINT('',(23.0194700011306,-81.0729505081007,19.));
#6709=CARTESIAN_POINT('',(19.0593188029814,-83.4040545124703,20.));
#6710=CARTESIAN_POINT('',(25.4011794667279,-80.9026255088835,17.4985709964132));
#6711=CARTESIAN_POINT('',(22.3368124198756,-80.3422120961125,20.));
#6712=CARTESIAN_POINT('Origin',(40.2505177998956,-83.9520272562351,19.));
#6713=CARTESIAN_POINT('',(60.6147725771717,-84.,19.));
#6714=CARTESIAN_POINT('',(53.6017640475204,-84.,19.));
#6715=CARTESIAN_POINT('',(58.9064217096205,-82.4040545124703,19.));
#6716=CARTESIAN_POINT('',(54.7541344418201,-78.5249777643359,19.));
#6717=CARTESIAN_POINT('',(29.6267027091113,-82.4040545124703,19.));
#6718=CARTESIAN_POINT('Origin',(55.0954632324475,-78.1596085583418,19.5));
#6719=CARTESIAN_POINT('',(63.1500676643611,-85.,20.));
#6720=CARTESIAN_POINT('',(55.1827930315056,-81.8574566830058,16.8574566830057));
#6721=CARTESIAN_POINT('',(61.4417167968099,-83.4040545124703,20.));
#6722=CARTESIAN_POINT('',(55.436792023075,-77.7942393523476,20.));
#6723=CARTESIAN_POINT('',(45.573860380321,-77.1452736326163,13.741219120146));
#6724=CARTESIAN_POINT('Origin',(53.6017640475204,-84.5,19.5));
#6725=CARTESIAN_POINT('',(53.6017640475204,-85.,20.));
#6726=CARTESIAN_POINT('Origin',(29.6267027091113,-81.9040545124703,18.5));
#6727=CARTESIAN_POINT('',(21.2001824864841,-81.4040545124703,18.));
#6728=CARTESIAN_POINT('',(19.4533956020049,-83.0359070194185,19.6318525069483));
#6729=CARTESIAN_POINT('',(59.3008531133071,-81.4040545124703,18.));
#6730=CARTESIAN_POINT('',(55.3176271185573,-77.6829152120617,14.2788606995914));
#6731=CARTESIAN_POINT('',(29.6267027091113,-81.4040545124703,18.));
#6732=CARTESIAN_POINT('Origin',(60.4741616095817,-82.5001621304527,23.));
#6733=CARTESIAN_POINT('',(63.1500676643611,-85.,21.5));
#6734=CARTESIAN_POINT('',(63.1500676643611,-85.,23.));
#6735=CARTESIAN_POINT('',(59.3008531133071,-81.4040545124703,21.5));
#6736=CARTESIAN_POINT('',(55.436792023075,-77.7942393523476,21.5));
#6737=CARTESIAN_POINT('',(59.3008531133071,-81.4040545124703,23.));
#6738=CARTESIAN_POINT('Origin',(66.9530102951452,-85.,23.));
#6739=CARTESIAN_POINT('',(17.3509679354301,-85.,21.5));
#6740=CARTESIAN_POINT('',(17.3509679354301,-85.,23.));
#6741=CARTESIAN_POINT('',(53.6017640475204,-85.,21.5));
#6742=CARTESIAN_POINT('Origin',(14.5720116765286,-87.5961076179824,23.));
#6743=CARTESIAN_POINT('',(21.200182486484,-81.4040545124703,21.5));
#6744=CARTESIAN_POINT('',(21.2001824864841,-81.4040545124703,23.));
#6745=CARTESIAN_POINT('',(22.3368124198756,-80.3422120961125,21.5));
#6746=CARTESIAN_POINT('Origin',(40.2505177998956,-83.9520272562351,21.5));
#6747=CARTESIAN_POINT('',(29.6267027091113,-81.4040545124703,21.5));
#6748=CARTESIAN_POINT('Origin',(19.002887618327,-81.4040545124703,23.));
#6749=CARTESIAN_POINT('',(19.002887618327,-81.4040545124703,23.));
#6750=CARTESIAN_POINT('',(61.4981479814642,-81.4040545124703,23.));
#6751=CARTESIAN_POINT('',(19.002887618327,-81.4040545124703,23.));
#6752=CARTESIAN_POINT('Origin',(13.5480253046461,-86.5,23.));
#6753=CARTESIAN_POINT('',(13.5480253046461,-86.5,23.));
#6754=CARTESIAN_POINT('',(13.5480253046461,-86.5,23.));
#6755=CARTESIAN_POINT('',(13.5480253046461,-86.5,23.));
#6756=CARTESIAN_POINT('Origin',(66.9530102951452,-86.5,23.));
#6757=CARTESIAN_POINT('',(15.0128885500841,-86.5,23.));
#6758=CARTESIAN_POINT('Origin',(40.2505177998956,-83.9520272562351,23.));
#6759=UNCERTAINTY_MEASURE_WITH_UNIT(LENGTH_MEASURE(0.01),#6763,
'DISTANCE_ACCURACY_VALUE',
'Maximum model space distance between geometric entities at asserted c
onnectivities');
#6760=UNCERTAINTY_MEASURE_WITH_UNIT(LENGTH_MEASURE(0.01),#6763,
'DISTANCE_ACCURACY_VALUE',
'Maximum model space distance between geometric entities at asserted c
onnectivities');
#6761=(
GEOMETRIC_REPRESENTATION_CONTEXT(3)
GLOBAL_UNCERTAINTY_ASSIGNED_CONTEXT((#6759))
GLOBAL_UNIT_ASSIGNED_CONTEXT((#6763,#6765,#6766))
REPRESENTATION_CONTEXT('','3D')
);
#6762=(
GEOMETRIC_REPRESENTATION_CONTEXT(3)
GLOBAL_UNCERTAINTY_ASSIGNED_CONTEXT((#6760))
GLOBAL_UNIT_ASSIGNED_CONTEXT((#6763,#6765,#6766))
REPRESENTATION_CONTEXT('','3D')
);
#6763=(
LENGTH_UNIT()
NAMED_UNIT(*)
SI_UNIT(.MILLI.,.METRE.)
);
#6764=(
LENGTH_UNIT()
NAMED_UNIT(*)
SI_UNIT($,.METRE.)
);
#6765=(
NAMED_UNIT(*)
PLANE_ANGLE_UNIT()
SI_UNIT($,.RADIAN.)
);
#6766=(
NAMED_UNIT(*)
SI_UNIT($,.STERADIAN.)
SOLID_ANGLE_UNIT()
);
#6767=SHAPE_DEFINITION_REPRESENTATION(#6768,#6769);
#6768=PRODUCT_DEFINITION_SHAPE('',$,#6771);
#6769=SHAPE_REPRESENTATION('',(#3520),#6761);
#6770=PRODUCT_DEFINITION_CONTEXT('part definition',#6775,'design');
#6771=PRODUCT_DEFINITION('2026-09-25-13-29-55-213','Body',#6772,#6770);
#6772=PRODUCT_DEFINITION_FORMATION('',$,#6777);
#6773=PRODUCT_RELATED_PRODUCT_CATEGORY('Body','Body',(#6777));
#6774=APPLICATION_PROTOCOL_DEFINITION('international standard',
'automotive_design',2009,#6775);
#6775=APPLICATION_CONTEXT(
'Core Data for Automotive Mechanical Design Process');
#6776=PRODUCT_CONTEXT('part definition',#6775,'mechanical');
#6777=PRODUCT('2026-09-25-13-29-55-213','Body',$,(#6776));
#6778=PRESENTATION_STYLE_ASSIGNMENT((#6781));
#6779=PRESENTATION_STYLE_ASSIGNMENT((#6782));
#6780=PRESENTATION_STYLE_ASSIGNMENT((#6783));
#6781=SURFACE_STYLE_USAGE(.BOTH.,#6784);
#6782=SURFACE_STYLE_USAGE(.BOTH.,#6785);
#6783=SURFACE_STYLE_USAGE(.BOTH.,#6786);
#6784=SURFACE_SIDE_STYLE('',(#6787));
#6785=SURFACE_SIDE_STYLE('',(#6788));
#6786=SURFACE_SIDE_STYLE('',(#6789));
#6787=SURFACE_STYLE_FILL_AREA(#6790);
#6788=SURFACE_STYLE_FILL_AREA(#6791);
#6789=SURFACE_STYLE_FILL_AREA(#6792);
#6790=FILL_AREA_STYLE('Steel - Satin',(#6793));
#6791=FILL_AREA_STYLE(
'PA 11 - Nylon- HP 11-30 (with EOS P 396 3D Printer)',(#6794));
#6792=FILL_AREA_STYLE('Polymide (Kapton)',(#6795));
#6793=FILL_AREA_STYLE_COLOUR('Steel - Satin',#6796);
#6794=FILL_AREA_STYLE_COLOUR(
'PA 11 - Nylon- HP 11-30 (with EOS P 396 3D Printer)',#6797);
#6795=FILL_AREA_STYLE_COLOUR('Polymide (Kapton)',#6798);
#6796=COLOUR_RGB('Steel - Satin',0.627450980392157,0.627450980392157,0.627450980392157);
#6797=COLOUR_RGB('PA 11 - Nylon- HP 11-30 (with EOS P 396 3D Printer)',
0.247058823529412,0.247058823529412,0.247058823529412);
#6798=COLOUR_RGB('Polymide (Kapton)',0.784313725490196,0.556862745098039,
0.0274509803921569);
ENDSEC;
END-ISO-10303-21;
