ISO-10303-21;
HEADER;
/* Generated by software containing ST-Developer
 * from STEP Tools, Inc. (www.steptools.com) 
 */

FILE_DESCRIPTION(
/* description */ (''),
/* implementation_level */ '2;1');

FILE_NAME(
/* name */ 'Top.step',
/* time_stamp */ '2026-09-25T13:29:44-04:00',
/* author */ (''),
/* organization */ (''),
/* preprocessor_version */ 'ST-DEVELOPER v20.2',
/* originating_system */ 'Autodesk Translation Framework v15.15.0.0',
/* authorisation */ '');

FILE_SCHEMA (('AUTOMOTIVE_DESIGN { 1 0 10303 214 3 1 1 }'));
ENDSEC;

DATA;
#10=MECHANICAL_DESIGN_GEOMETRIC_PRESENTATION_REPRESENTATION('',(#14,#15,
#16,#17,#18,#19,#20,#21,#22,#23,#24,#25),#4018);
#11=SHAPE_REPRESENTATION_RELATIONSHIP('SRR','None',#4025,#12);
#12=ADVANCED_BREP_SHAPE_REPRESENTATION('',(#13),#4017);
#13=MANIFOLD_SOLID_BREP('Top',#2318);
#14=STYLED_ITEM('',(#4036),#2301);
#15=STYLED_ITEM('',(#4036),#2302);
#16=STYLED_ITEM('',(#4036),#2303);
#17=STYLED_ITEM('',(#4036),#2304);
#18=STYLED_ITEM('',(#4036),#2305);
#19=STYLED_ITEM('',(#4036),#2306);
#20=STYLED_ITEM('',(#4036),#2307);
#21=STYLED_ITEM('',(#4036),#2312);
#22=STYLED_ITEM('',(#4036),#2313);
#23=STYLED_ITEM('',(#4036),#2316);
#24=STYLED_ITEM('',(#4036),#2317);
#25=STYLED_ITEM('',(#4035),#13);
#26=CYLINDRICAL_SURFACE('',#2435,2.275);
#27=CYLINDRICAL_SURFACE('',#2438,2.275);
#28=CYLINDRICAL_SURFACE('',#2441,2.27499999999999);
#29=CYLINDRICAL_SURFACE('',#2444,2.275);
#30=CYLINDRICAL_SURFACE('',#2447,2.27499999999999);
#31=CYLINDRICAL_SURFACE('',#2450,2.275);
#32=CYLINDRICAL_SURFACE('',#2453,2.275);
#33=CYLINDRICAL_SURFACE('',#2456,2.275);
#34=CYLINDRICAL_SURFACE('',#2478,3.75);
#35=CYLINDRICAL_SURFACE('',#2480,4.25000000000001);
#36=(
BOUNDED_SURFACE()
B_SPLINE_SURFACE(5,1,((#3759,#3760),(#3761,#3762),(#3763,#3764),(#3765,
#3766),(#3767,#3768),(#3769,#3770),(#3771,#3772),(#3773,#3774),(#3775,#3776),
(#3777,#3778)),.UNSPECIFIED.,.F.,.F.,.F.)
B_SPLINE_SURFACE_WITH_KNOTS((6,1,1,1,1,6),(2,2),(-1.,-0.8,-0.6,-0.4,-0.2,
0.),(0.,0.45),.UNSPECIFIED.)
GEOMETRIC_REPRESENTATION_ITEM()
RATIONAL_B_SPLINE_SURFACE(((1.,1.),(1.,1.),(1.,1.),(1.,1.),(1.,1.),(1.,
1.),(1.,1.),(1.,1.),(1.,1.),(1.,1.)))
REPRESENTATION_ITEM('')
SURFACE()
);
#37=(
BOUNDED_SURFACE()
B_SPLINE_SURFACE(5,1,((#3865,#3866),(#3867,#3868),(#3869,#3870),(#3871,
#3872),(#3873,#3874),(#3875,#3876),(#3877,#3878),(#3879,#3880),(#3881,#3882),
(#3883,#3884)),.UNSPECIFIED.,.F.,.F.,.F.)
B_SPLINE_SURFACE_WITH_KNOTS((6,1,1,1,1,6),(2,2),(0.,0.2,0.4,0.6,0.8,1.),
(0.,0.45),.UNSPECIFIED.)
GEOMETRIC_REPRESENTATION_ITEM()
RATIONAL_B_SPLINE_SURFACE(((1.,1.),(1.,1.),(1.,1.),(1.,1.),(1.,1.),(1.,
1.),(1.,1.),(1.,1.),(1.,1.),(1.,1.)))
REPRESENTATION_ITEM('')
SURFACE()
);
#38=B_SPLINE_SURFACE_WITH_KNOTS('',3,3,((#3205,#3206,#3207,#3208,#3209,
#3210),(#3211,#3212,#3213,#3214,#3215,#3216),(#3217,#3218,#3219,#3220,#3221,
#3222),(#3223,#3224,#3225,#3226,#3227,#3228)),.UNSPECIFIED.,.F.,.F.,.F.,
(4,4),(4,1,1,4),(0.,1.),(-1.,-0.714285714285714,-0.428571428571429,3.00204666199742E-18),
 .UNSPECIFIED.);
#39=B_SPLINE_SURFACE_WITH_KNOTS('',3,3,((#3259,#3260,#3261,#3262,#3263,
#3264,#3265),(#3266,#3267,#3268,#3269,#3270,#3271,#3272),(#3273,#3274,#3275,
#3276,#3277,#3278,#3279),(#3280,#3281,#3282,#3283,#3284,#3285,#3286)),
 .UNSPECIFIED.,.F.,.F.,.F.,(4,4),(4,1,1,1,4),(0.,1.),(-1.62803918508447E-15,
0.285714285714286,0.571428571428573,0.85714285714286,1.),.UNSPECIFIED.);
#40=B_SPLINE_SURFACE_WITH_KNOTS('',3,1,((#3321,#3322),(#3323,#3324),(#3325,
#3326),(#3327,#3328),(#3329,#3330),(#3331,#3332),(#3333,#3334)),
 .UNSPECIFIED.,.F.,.F.,.F.,(4,3,4),(2,2),(-1.,-0.5,0.),(0.,0.2),
 .UNSPECIFIED.);
#41=B_SPLINE_SURFACE_WITH_KNOTS('',3,3,((#3440,#3441,#3442,#3443,#3444,
#3445),(#3446,#3447,#3448,#3449,#3450,#3451),(#3452,#3453,#3454,#3455,#3456,
#3457),(#3458,#3459,#3460,#3461,#3462,#3463)),.UNSPECIFIED.,.F.,.F.,.F.,
(4,4),(4,1,1,4),(0.,1.),(-1.,-0.571428571428571,-0.285714285714286,0.),
 .UNSPECIFIED.);
#42=B_SPLINE_SURFACE_WITH_KNOTS('',3,3,((#3482,#3483,#3484,#3485,#3486,
#3487,#3488),(#3489,#3490,#3491,#3492,#3493,#3494,#3495),(#3496,#3497,#3498,
#3499,#3500,#3501,#3502),(#3503,#3504,#3505,#3506,#3507,#3508,#3509)),
 .UNSPECIFIED.,.F.,.F.,.F.,(4,4),(4,1,1,1,4),(0.,1.),(-6.54425482893314E-17,
0.285714285714286,0.571428571428572,0.857142857142858,1.),.UNSPECIFIED.);
#43=B_SPLINE_SURFACE_WITH_KNOTS('',3,1,((#3531,#3532),(#3533,#3534),(#3535,
#3536),(#3537,#3538),(#3539,#3540),(#3541,#3542),(#3543,#3544),(#3545,#3546),
(#3547,#3548),(#3549,#3550)),.UNSPECIFIED.,.F.,.F.,.F.,(4,3,3,4),(2,2),
(0.,0.421991548866034,0.855272151244413,1.),(0.,0.2),.UNSPECIFIED.);
#44=B_SPLINE_SURFACE_WITH_KNOTS('',3,1,((#3578,#3579),(#3580,#3581),(#3582,
#3583),(#3584,#3585),(#3586,#3587),(#3588,#3589),(#3590,#3591)),
 .UNSPECIFIED.,.F.,.F.,.F.,(4,3,4),(2,2),(-1.,-0.5,0.),(0.,0.2),
 .UNSPECIFIED.);
#45=B_SPLINE_SURFACE_WITH_KNOTS('',3,1,((#3606,#3607),(#3608,#3609),(#3610,
#3611),(#3612,#3613),(#3614,#3615),(#3616,#3617),(#3618,#3619),(#3620,#3621),
(#3622,#3623),(#3624,#3625)),.UNSPECIFIED.,.F.,.F.,.F.,(4,3,3,4),(2,2),
(0.,0.422428764584161,0.833279469119894,1.),(0.,0.2),.UNSPECIFIED.);
#46=(
BOUNDED_CURVE()
B_SPLINE_CURVE(5,(#3144,#3145,#3146,#3147,#3148,#3149,#3150,#3151,#3152,
#3153),.UNSPECIFIED.,.F.,.F.)
B_SPLINE_CURVE_WITH_KNOTS((6,1,1,1,1,6),(-1.,-0.8,-0.6,-0.4,-0.2,0.),
 .UNSPECIFIED.)
CURVE()
GEOMETRIC_REPRESENTATION_ITEM()
RATIONAL_B_SPLINE_CURVE((1.,1.,1.,1.,1.,1.,1.,1.,1.,1.))
REPRESENTATION_ITEM('')
);
#47=(
BOUNDED_CURVE()
B_SPLINE_CURVE(5,(#3642,#3643,#3644,#3645,#3646,#3647,#3648,#3649,#3650,
#3651),.UNSPECIFIED.,.F.,.F.)
B_SPLINE_CURVE_WITH_KNOTS((6,1,1,1,1,6),(0.,0.2,0.4,0.6,0.8,1.),
 .UNSPECIFIED.)
CURVE()
GEOMETRIC_REPRESENTATION_ITEM()
RATIONAL_B_SPLINE_CURVE((1.,1.,1.,1.,1.,1.,1.,1.,1.,1.))
REPRESENTATION_ITEM('')
);
#48=(
BOUNDED_CURVE()
B_SPLINE_CURVE(5,(#3783,#3784,#3785,#3786,#3787,#3788,#3789,#3790,#3791,
#3792),.UNSPECIFIED.,.F.,.F.)
B_SPLINE_CURVE_WITH_KNOTS((6,1,1,1,1,6),(0.,0.2,0.4,0.6,0.8,1.),
 .UNSPECIFIED.)
CURVE()
GEOMETRIC_REPRESENTATION_ITEM()
RATIONAL_B_SPLINE_CURVE((1.,1.,1.,1.,1.,1.,1.,1.,1.,1.))
REPRESENTATION_ITEM('')
);
#49=(
BOUNDED_CURVE()
B_SPLINE_CURVE(5,(#3821,#3822,#3823,#3824,#3825,#3826,#3827,#3828,#3829,
#3830),.UNSPECIFIED.,.F.,.F.)
B_SPLINE_CURVE_WITH_KNOTS((6,1,1,1,1,6),(-1.,-0.8,-0.6,-0.4,-0.2,0.),
 .UNSPECIFIED.)
CURVE()
GEOMETRIC_REPRESENTATION_ITEM()
RATIONAL_B_SPLINE_CURVE((1.,1.,1.,1.,1.,1.,1.,1.,1.,1.))
REPRESENTATION_ITEM('')
);
#50=FACE_BOUND('',#227,.T.);
#51=FACE_BOUND('',#228,.T.);
#52=FACE_BOUND('',#229,.T.);
#53=FACE_BOUND('',#253,.T.);
#54=FACE_BOUND('',#301,.T.);
#55=FACE_BOUND('',#319,.T.);
#56=FACE_BOUND('',#320,.T.);
#57=FACE_BOUND('',#321,.T.);
#58=FACE_BOUND('',#322,.T.);
#59=FACE_BOUND('',#323,.T.);
#60=FACE_BOUND('',#324,.T.);
#61=FACE_BOUND('',#325,.T.);
#62=FACE_BOUND('',#361,.T.);
#63=FACE_BOUND('',#369,.T.);
#64=FACE_BOUND('',#373,.T.);
#65=CIRCLE('',#2333,4.25000000000001);
#66=CIRCLE('',#2401,2.27499999999999);
#67=CIRCLE('',#2402,2.27499999999999);
#68=CIRCLE('',#2404,2.27499999999999);
#69=CIRCLE('',#2405,2.27499999999999);
#70=CIRCLE('',#2407,2.275);
#71=CIRCLE('',#2409,2.275);
#72=CIRCLE('',#2418,2.275);
#73=CIRCLE('',#2419,2.275);
#74=CIRCLE('',#2420,2.275);
#75=CIRCLE('',#2421,2.275);
#76=CIRCLE('',#2422,2.27499999999999);
#77=CIRCLE('',#2423,2.27499999999999);
#78=CIRCLE('',#2424,2.275);
#79=CIRCLE('',#2425,2.275);
#80=CIRCLE('',#2426,2.275);
#81=CIRCLE('',#2427,2.275);
#82=CIRCLE('',#2428,3.75);
#83=CIRCLE('',#2436,2.275);
#84=CIRCLE('',#2439,2.275);
#85=CIRCLE('',#2442,2.27499999999999);
#86=CIRCLE('',#2445,2.275);
#87=CIRCLE('',#2448,2.27499999999999);
#88=CIRCLE('',#2451,2.275);
#89=CIRCLE('',#2454,2.275);
#90=CIRCLE('',#2457,2.275);
#91=CIRCLE('',#2479,3.75);
#92=CIRCLE('',#2481,4.25000000000001);
#93=FACE_OUTER_BOUND('',#226,.T.);
#94=FACE_OUTER_BOUND('',#230,.T.);
#95=FACE_OUTER_BOUND('',#231,.T.);
#96=FACE_OUTER_BOUND('',#232,.T.);
#97=FACE_OUTER_BOUND('',#233,.T.);
#98=FACE_OUTER_BOUND('',#234,.T.);
#99=FACE_OUTER_BOUND('',#235,.T.);
#100=FACE_OUTER_BOUND('',#236,.T.);
#101=FACE_OUTER_BOUND('',#237,.T.);
#102=FACE_OUTER_BOUND('',#238,.T.);
#103=FACE_OUTER_BOUND('',#239,.T.);
#104=FACE_OUTER_BOUND('',#240,.T.);
#105=FACE_OUTER_BOUND('',#241,.T.);
#106=FACE_OUTER_BOUND('',#242,.T.);
#107=FACE_OUTER_BOUND('',#243,.T.);
#108=FACE_OUTER_BOUND('',#244,.T.);
#109=FACE_OUTER_BOUND('',#245,.T.);
#110=FACE_OUTER_BOUND('',#246,.T.);
#111=FACE_OUTER_BOUND('',#247,.T.);
#112=FACE_OUTER_BOUND('',#248,.T.);
#113=FACE_OUTER_BOUND('',#249,.T.);
#114=FACE_OUTER_BOUND('',#250,.T.);
#115=FACE_OUTER_BOUND('',#251,.T.);
#116=FACE_OUTER_BOUND('',#252,.T.);
#117=FACE_OUTER_BOUND('',#254,.T.);
#118=FACE_OUTER_BOUND('',#255,.T.);
#119=FACE_OUTER_BOUND('',#256,.T.);
#120=FACE_OUTER_BOUND('',#257,.T.);
#121=FACE_OUTER_BOUND('',#258,.T.);
#122=FACE_OUTER_BOUND('',#259,.T.);
#123=FACE_OUTER_BOUND('',#260,.T.);
#124=FACE_OUTER_BOUND('',#261,.T.);
#125=FACE_OUTER_BOUND('',#262,.T.);
#126=FACE_OUTER_BOUND('',#263,.T.);
#127=FACE_OUTER_BOUND('',#264,.T.);
#128=FACE_OUTER_BOUND('',#265,.T.);
#129=FACE_OUTER_BOUND('',#266,.T.);
#130=FACE_OUTER_BOUND('',#267,.T.);
#131=FACE_OUTER_BOUND('',#268,.T.);
#132=FACE_OUTER_BOUND('',#269,.T.);
#133=FACE_OUTER_BOUND('',#270,.T.);
#134=FACE_OUTER_BOUND('',#271,.T.);
#135=FACE_OUTER_BOUND('',#272,.T.);
#136=FACE_OUTER_BOUND('',#273,.T.);
#137=FACE_OUTER_BOUND('',#274,.T.);
#138=FACE_OUTER_BOUND('',#275,.T.);
#139=FACE_OUTER_BOUND('',#276,.T.);
#140=FACE_OUTER_BOUND('',#277,.T.);
#141=FACE_OUTER_BOUND('',#278,.T.);
#142=FACE_OUTER_BOUND('',#279,.T.);
#143=FACE_OUTER_BOUND('',#280,.T.);
#144=FACE_OUTER_BOUND('',#281,.T.);
#145=FACE_OUTER_BOUND('',#282,.T.);
#146=FACE_OUTER_BOUND('',#283,.T.);
#147=FACE_OUTER_BOUND('',#284,.T.);
#148=FACE_OUTER_BOUND('',#285,.T.);
#149=FACE_OUTER_BOUND('',#286,.T.);
#150=FACE_OUTER_BOUND('',#287,.T.);
#151=FACE_OUTER_BOUND('',#288,.T.);
#152=FACE_OUTER_BOUND('',#289,.T.);
#153=FACE_OUTER_BOUND('',#290,.T.);
#154=FACE_OUTER_BOUND('',#291,.T.);
#155=FACE_OUTER_BOUND('',#292,.T.);
#156=FACE_OUTER_BOUND('',#293,.T.);
#157=FACE_OUTER_BOUND('',#294,.T.);
#158=FACE_OUTER_BOUND('',#295,.T.);
#159=FACE_OUTER_BOUND('',#296,.T.);
#160=FACE_OUTER_BOUND('',#297,.T.);
#161=FACE_OUTER_BOUND('',#298,.T.);
#162=FACE_OUTER_BOUND('',#299,.T.);
#163=FACE_OUTER_BOUND('',#300,.T.);
#164=FACE_OUTER_BOUND('',#302,.T.);
#165=FACE_OUTER_BOUND('',#303,.T.);
#166=FACE_OUTER_BOUND('',#304,.T.);
#167=FACE_OUTER_BOUND('',#305,.T.);
#168=FACE_OUTER_BOUND('',#306,.T.);
#169=FACE_OUTER_BOUND('',#307,.T.);
#170=FACE_OUTER_BOUND('',#308,.T.);
#171=FACE_OUTER_BOUND('',#309,.T.);
#172=FACE_OUTER_BOUND('',#310,.T.);
#173=FACE_OUTER_BOUND('',#311,.T.);
#174=FACE_OUTER_BOUND('',#312,.T.);
#175=FACE_OUTER_BOUND('',#313,.T.);
#176=FACE_OUTER_BOUND('',#314,.T.);
#177=FACE_OUTER_BOUND('',#315,.T.);
#178=FACE_OUTER_BOUND('',#316,.T.);
#179=FACE_OUTER_BOUND('',#317,.T.);
#180=FACE_OUTER_BOUND('',#318,.T.);
#181=FACE_OUTER_BOUND('',#326,.T.);
#182=FACE_OUTER_BOUND('',#327,.T.);
#183=FACE_OUTER_BOUND('',#328,.T.);
#184=FACE_OUTER_BOUND('',#329,.T.);
#185=FACE_OUTER_BOUND('',#330,.T.);
#186=FACE_OUTER_BOUND('',#331,.T.);
#187=FACE_OUTER_BOUND('',#332,.T.);
#188=FACE_OUTER_BOUND('',#333,.T.);
#189=FACE_OUTER_BOUND('',#334,.T.);
#190=FACE_OUTER_BOUND('',#335,.T.);
#191=FACE_OUTER_BOUND('',#336,.T.);
#192=FACE_OUTER_BOUND('',#337,.T.);
#193=FACE_OUTER_BOUND('',#338,.T.);
#194=FACE_OUTER_BOUND('',#339,.T.);
#195=FACE_OUTER_BOUND('',#340,.T.);
#196=FACE_OUTER_BOUND('',#341,.T.);
#197=FACE_OUTER_BOUND('',#342,.T.);
#198=FACE_OUTER_BOUND('',#343,.T.);
#199=FACE_OUTER_BOUND('',#344,.T.);
#200=FACE_OUTER_BOUND('',#345,.T.);
#201=FACE_OUTER_BOUND('',#346,.T.);
#202=FACE_OUTER_BOUND('',#347,.T.);
#203=FACE_OUTER_BOUND('',#348,.T.);
#204=FACE_OUTER_BOUND('',#349,.T.);
#205=FACE_OUTER_BOUND('',#350,.T.);
#206=FACE_OUTER_BOUND('',#351,.T.);
#207=FACE_OUTER_BOUND('',#352,.T.);
#208=FACE_OUTER_BOUND('',#353,.T.);
#209=FACE_OUTER_BOUND('',#354,.T.);
#210=FACE_OUTER_BOUND('',#355,.T.);
#211=FACE_OUTER_BOUND('',#356,.T.);
#212=FACE_OUTER_BOUND('',#357,.T.);
#213=FACE_OUTER_BOUND('',#358,.T.);
#214=FACE_OUTER_BOUND('',#359,.T.);
#215=FACE_OUTER_BOUND('',#360,.T.);
#216=FACE_OUTER_BOUND('',#362,.T.);
#217=FACE_OUTER_BOUND('',#363,.T.);
#218=FACE_OUTER_BOUND('',#364,.T.);
#219=FACE_OUTER_BOUND('',#365,.T.);
#220=FACE_OUTER_BOUND('',#366,.T.);
#221=FACE_OUTER_BOUND('',#367,.T.);
#222=FACE_OUTER_BOUND('',#368,.T.);
#223=FACE_OUTER_BOUND('',#370,.T.);
#224=FACE_OUTER_BOUND('',#371,.T.);
#225=FACE_OUTER_BOUND('',#372,.T.);
#226=EDGE_LOOP('',(#1440,#1441,#1442,#1443,#1444,#1445,#1446,#1447,#1448,
#1449,#1450,#1451,#1452,#1453));
#227=EDGE_LOOP('',(#1454));
#228=EDGE_LOOP('',(#1455,#1456,#1457,#1458));
#229=EDGE_LOOP('',(#1459,#1460,#1461,#1462));
#230=EDGE_LOOP('',(#1463,#1464,#1465,#1466,#1467,#1468,#1469,#1470));
#231=EDGE_LOOP('',(#1471,#1472,#1473,#1474));
#232=EDGE_LOOP('',(#1475,#1476,#1477,#1478));
#233=EDGE_LOOP('',(#1479,#1480,#1481,#1482));
#234=EDGE_LOOP('',(#1483,#1484,#1485,#1486));
#235=EDGE_LOOP('',(#1487,#1488,#1489,#1490));
#236=EDGE_LOOP('',(#1491,#1492,#1493,#1494));
#237=EDGE_LOOP('',(#1495,#1496,#1497,#1498));
#238=EDGE_LOOP('',(#1499,#1500,#1501,#1502));
#239=EDGE_LOOP('',(#1503,#1504,#1505,#1506));
#240=EDGE_LOOP('',(#1507,#1508,#1509,#1510));
#241=EDGE_LOOP('',(#1511,#1512,#1513,#1514));
#242=EDGE_LOOP('',(#1515,#1516,#1517,#1518));
#243=EDGE_LOOP('',(#1519,#1520,#1521,#1522));
#244=EDGE_LOOP('',(#1523,#1524,#1525,#1526));
#245=EDGE_LOOP('',(#1527,#1528,#1529,#1530));
#246=EDGE_LOOP('',(#1531,#1532,#1533,#1534));
#247=EDGE_LOOP('',(#1535,#1536,#1537,#1538));
#248=EDGE_LOOP('',(#1539,#1540,#1541,#1542));
#249=EDGE_LOOP('',(#1543,#1544,#1545,#1546));
#250=EDGE_LOOP('',(#1547,#1548,#1549,#1550));
#251=EDGE_LOOP('',(#1551,#1552,#1553,#1554));
#252=EDGE_LOOP('',(#1555,#1556,#1557,#1558,#1559,#1560,#1561,#1562,#1563,
#1564,#1565,#1566,#1567,#1568,#1569,#1570,#1571,#1572,#1573,#1574));
#253=EDGE_LOOP('',(#1575,#1576,#1577,#1578,#1579,#1580,#1581,#1582,#1583,
#1584,#1585,#1586,#1587,#1588));
#254=EDGE_LOOP('',(#1589,#1590,#1591,#1592));
#255=EDGE_LOOP('',(#1593,#1594,#1595,#1596));
#256=EDGE_LOOP('',(#1597,#1598,#1599,#1600));
#257=EDGE_LOOP('',(#1601,#1602,#1603,#1604));
#258=EDGE_LOOP('',(#1605,#1606,#1607,#1608));
#259=EDGE_LOOP('',(#1609,#1610,#1611,#1612));
#260=EDGE_LOOP('',(#1613,#1614,#1615,#1616));
#261=EDGE_LOOP('',(#1617,#1618,#1619,#1620));
#262=EDGE_LOOP('',(#1621,#1622,#1623,#1624));
#263=EDGE_LOOP('',(#1625,#1626,#1627,#1628));
#264=EDGE_LOOP('',(#1629,#1630,#1631,#1632));
#265=EDGE_LOOP('',(#1633,#1634,#1635,#1636));
#266=EDGE_LOOP('',(#1637,#1638,#1639,#1640));
#267=EDGE_LOOP('',(#1641,#1642,#1643,#1644));
#268=EDGE_LOOP('',(#1645,#1646,#1647,#1648));
#269=EDGE_LOOP('',(#1649,#1650,#1651,#1652));
#270=EDGE_LOOP('',(#1653,#1654,#1655,#1656));
#271=EDGE_LOOP('',(#1657,#1658,#1659,#1660));
#272=EDGE_LOOP('',(#1661,#1662,#1663,#1664));
#273=EDGE_LOOP('',(#1665,#1666,#1667,#1668));
#274=EDGE_LOOP('',(#1669,#1670,#1671,#1672));
#275=EDGE_LOOP('',(#1673,#1674,#1675,#1676));
#276=EDGE_LOOP('',(#1677,#1678,#1679,#1680));
#277=EDGE_LOOP('',(#1681,#1682,#1683,#1684));
#278=EDGE_LOOP('',(#1685,#1686,#1687,#1688));
#279=EDGE_LOOP('',(#1689,#1690,#1691,#1692));
#280=EDGE_LOOP('',(#1693,#1694,#1695,#1696));
#281=EDGE_LOOP('',(#1697,#1698,#1699,#1700));
#282=EDGE_LOOP('',(#1701,#1702,#1703,#1704));
#283=EDGE_LOOP('',(#1705,#1706,#1707,#1708));
#284=EDGE_LOOP('',(#1709,#1710,#1711,#1712));
#285=EDGE_LOOP('',(#1713,#1714,#1715,#1716));
#286=EDGE_LOOP('',(#1717,#1718,#1719,#1720));
#287=EDGE_LOOP('',(#1721,#1722,#1723,#1724));
#288=EDGE_LOOP('',(#1725,#1726,#1727,#1728));
#289=EDGE_LOOP('',(#1729,#1730,#1731,#1732));
#290=EDGE_LOOP('',(#1733,#1734,#1735,#1736));
#291=EDGE_LOOP('',(#1737,#1738,#1739,#1740,#1741,#1742,#1743,#1744));
#292=EDGE_LOOP('',(#1745,#1746,#1747,#1748));
#293=EDGE_LOOP('',(#1749,#1750,#1751,#1752));
#294=EDGE_LOOP('',(#1753,#1754,#1755,#1756));
#295=EDGE_LOOP('',(#1757,#1758,#1759,#1760));
#296=EDGE_LOOP('',(#1761,#1762,#1763,#1764));
#297=EDGE_LOOP('',(#1765,#1766,#1767,#1768));
#298=EDGE_LOOP('',(#1769,#1770,#1771,#1772));
#299=EDGE_LOOP('',(#1773,#1774,#1775,#1776));
#300=EDGE_LOOP('',(#1777,#1778,#1779,#1780));
#301=EDGE_LOOP('',(#1781,#1782,#1783,#1784));
#302=EDGE_LOOP('',(#1785,#1786,#1787,#1788));
#303=EDGE_LOOP('',(#1789,#1790,#1791,#1792));
#304=EDGE_LOOP('',(#1793,#1794,#1795,#1796));
#305=EDGE_LOOP('',(#1797,#1798,#1799,#1800,#1801,#1802));
#306=EDGE_LOOP('',(#1803,#1804,#1805));
#307=EDGE_LOOP('',(#1806,#1807,#1808));
#308=EDGE_LOOP('',(#1809,#1810));
#309=EDGE_LOOP('',(#1811,#1812));
#310=EDGE_LOOP('',(#1813,#1814,#1815,#1816));
#311=EDGE_LOOP('',(#1817,#1818,#1819,#1820));
#312=EDGE_LOOP('',(#1821,#1822,#1823,#1824));
#313=EDGE_LOOP('',(#1825,#1826,#1827,#1828,#1829,#1830,#1831,#1832));
#314=EDGE_LOOP('',(#1833,#1834,#1835,#1836));
#315=EDGE_LOOP('',(#1837,#1838,#1839,#1840,#1841,#1842));
#316=EDGE_LOOP('',(#1843,#1844,#1845,#1846,#1847,#1848));
#317=EDGE_LOOP('',(#1849,#1850,#1851,#1852,#1853,#1854));
#318=EDGE_LOOP('',(#1855,#1856,#1857,#1858,#1859,#1860,#1861,#1862,#1863,
#1864,#1865,#1866,#1867,#1868,#1869,#1870,#1871,#1872,#1873,#1874,#1875,
#1876,#1877,#1878,#1879,#1880));
#319=EDGE_LOOP('',(#1881));
#320=EDGE_LOOP('',(#1882));
#321=EDGE_LOOP('',(#1883));
#322=EDGE_LOOP('',(#1884));
#323=EDGE_LOOP('',(#1885,#1886,#1887,#1888));
#324=EDGE_LOOP('',(#1889));
#325=EDGE_LOOP('',(#1890,#1891,#1892,#1893));
#326=EDGE_LOOP('',(#1894,#1895,#1896,#1897,#1898,#1899));
#327=EDGE_LOOP('',(#1900,#1901,#1902,#1903,#1904,#1905));
#328=EDGE_LOOP('',(#1906,#1907,#1908,#1909));
#329=EDGE_LOOP('',(#1910,#1911,#1912,#1913));
#330=EDGE_LOOP('',(#1914,#1915,#1916,#1917));
#331=EDGE_LOOP('',(#1918,#1919,#1920,#1921));
#332=EDGE_LOOP('',(#1922,#1923,#1924,#1925));
#333=EDGE_LOOP('',(#1926,#1927,#1928,#1929));
#334=EDGE_LOOP('',(#1930));
#335=EDGE_LOOP('',(#1931,#1932,#1933,#1934,#1935,#1936));
#336=EDGE_LOOP('',(#1937));
#337=EDGE_LOOP('',(#1938,#1939,#1940,#1941,#1942,#1943));
#338=EDGE_LOOP('',(#1944));
#339=EDGE_LOOP('',(#1945,#1946,#1947,#1948,#1949,#1950));
#340=EDGE_LOOP('',(#1951));
#341=EDGE_LOOP('',(#1952,#1953,#1954,#1955,#1956,#1957));
#342=EDGE_LOOP('',(#1958));
#343=EDGE_LOOP('',(#1959,#1960,#1961,#1962));
#344=EDGE_LOOP('',(#1963));
#345=EDGE_LOOP('',(#1964,#1965,#1966,#1967));
#346=EDGE_LOOP('',(#1968));
#347=EDGE_LOOP('',(#1969,#1970,#1971,#1972));
#348=EDGE_LOOP('',(#1973));
#349=EDGE_LOOP('',(#1974,#1975,#1976,#1977,#1978));
#350=EDGE_LOOP('',(#1979,#1980,#1981,#1982,#1983));
#351=EDGE_LOOP('',(#1984,#1985,#1986,#1987,#1988));
#352=EDGE_LOOP('',(#1989,#1990,#1991,#1992,#1993));
#353=EDGE_LOOP('',(#1994,#1995,#1996,#1997));
#354=EDGE_LOOP('',(#1998,#1999,#2000,#2001));
#355=EDGE_LOOP('',(#2002,#2003,#2004,#2005));
#356=EDGE_LOOP('',(#2006,#2007,#2008,#2009));
#357=EDGE_LOOP('',(#2010,#2011,#2012,#2013));
#358=EDGE_LOOP('',(#2014,#2015,#2016,#2017));
#359=EDGE_LOOP('',(#2018,#2019,#2020,#2021));
#360=EDGE_LOOP('',(#2022,#2023,#2024,#2025));
#361=EDGE_LOOP('',(#2026,#2027,#2028,#2029));
#362=EDGE_LOOP('',(#2030,#2031,#2032,#2033));
#363=EDGE_LOOP('',(#2034,#2035,#2036,#2037));
#364=EDGE_LOOP('',(#2038,#2039,#2040,#2041));
#365=EDGE_LOOP('',(#2042,#2043,#2044,#2045));
#366=EDGE_LOOP('',(#2046,#2047,#2048,#2049));
#367=EDGE_LOOP('',(#2050,#2051,#2052,#2053));
#368=EDGE_LOOP('',(#2054,#2055,#2056,#2057));
#369=EDGE_LOOP('',(#2058,#2059,#2060,#2061));
#370=EDGE_LOOP('',(#2062,#2063,#2064,#2065));
#371=EDGE_LOOP('',(#2066,#2067,#2068,#2069));
#372=EDGE_LOOP('',(#2070));
#373=EDGE_LOOP('',(#2071));
#374=B_SPLINE_CURVE_WITH_KNOTS('',3,(#3073,#3074,#3075,#3076,#3077,#3078,
#3079,#3080,#3081,#3082),.UNSPECIFIED.,.F.,.F.,(4,3,3,4),(-1.,-0.833279469119894,
-0.422428764584161,0.),.UNSPECIFIED.);
#375=B_SPLINE_CURVE_WITH_KNOTS('',3,(#3094,#3095,#3096,#3097,#3098,#3099,
#3100),.UNSPECIFIED.,.F.,.F.,(4,3,4),(0.,0.5,1.),.UNSPECIFIED.);
#376=B_SPLINE_CURVE_WITH_KNOTS('',3,(#3131,#3132,#3133,#3134,#3135,#3136,
#3137),.UNSPECIFIED.,.F.,.F.,(4,3,4),(0.,0.5,1.),.UNSPECIFIED.);
#377=B_SPLINE_CURVE_WITH_KNOTS('',3,(#3232,#3233,#3234,#3235,#3236,#3237),
 .UNSPECIFIED.,.F.,.F.,(4,1,1,4),(-3.00204666199742E-18,0.428571428571429,
0.714285714285714,1.),.UNSPECIFIED.);
#378=B_SPLINE_CURVE_WITH_KNOTS('',3,(#3238,#3239,#3240,#3241,#3242,#3243),
 .UNSPECIFIED.,.F.,.F.,(4,1,1,4),(-1.,-0.714285714285714,-0.428571428571429,
3.00204666199742E-18),.UNSPECIFIED.);
#379=B_SPLINE_CURVE_WITH_KNOTS('',3,(#3290,#3291,#3292,#3293,#3294,#3295,
#3296),.UNSPECIFIED.,.F.,.F.,(4,1,1,1,4),(-1.,-0.85714285714286,-0.571428571428573,
-0.285714285714286,1.62803918508447E-15),.UNSPECIFIED.);
#380=B_SPLINE_CURVE_WITH_KNOTS('',3,(#3297,#3298,#3299,#3300,#3301,#3302,
#3303),.UNSPECIFIED.,.F.,.F.,(4,1,1,1,4),(-1.62803918508447E-15,0.285714285714286,
0.571428571428573,0.85714285714286,1.),.UNSPECIFIED.);
#381=B_SPLINE_CURVE_WITH_KNOTS('',3,(#3343,#3344,#3345,#3346,#3347,#3348),
 .UNSPECIFIED.,.F.,.F.,(4,1,1,4),(0.,0.285714285714286,0.571428571428571,
1.),.UNSPECIFIED.);
#382=B_SPLINE_CURVE_WITH_KNOTS('',3,(#3364,#3365,#3366,#3367,#3368,#3369,
#3370),.UNSPECIFIED.,.F.,.F.,(4,1,1,1,4),(-1.,-0.857142857142858,-0.571428571428572,
-0.285714285714286,6.54425482893314E-17),.UNSPECIFIED.);
#383=B_SPLINE_CURVE_WITH_KNOTS('',3,(#3466,#3467,#3468,#3469,#3470,#3471),
 .UNSPECIFIED.,.F.,.F.,(4,1,1,4),(-1.,-0.571428571428571,-0.285714285714286,
0.),.UNSPECIFIED.);
#384=B_SPLINE_CURVE_WITH_KNOTS('',3,(#3512,#3513,#3514,#3515,#3516,#3517,
#3518),.UNSPECIFIED.,.F.,.F.,(4,1,1,1,4),(-6.54425482893314E-17,0.285714285714286,
0.571428571428572,0.857142857142858,1.),.UNSPECIFIED.);
#385=B_SPLINE_CURVE_WITH_KNOTS('',3,(#3554,#3555,#3556,#3557,#3558,#3559,
#3560,#3561,#3562,#3563),.UNSPECIFIED.,.F.,.F.,(4,3,3,4),(0.,0.421991548866034,
0.855272151244413,1.),.UNSPECIFIED.);
#386=LINE('',#3063,#658);
#387=LINE('',#3065,#659);
#388=LINE('',#3067,#660);
#389=LINE('',#3069,#661);
#390=LINE('',#3071,#662);
#391=LINE('',#3084,#663);
#392=LINE('',#3086,#664);
#393=LINE('',#3088,#665);
#394=LINE('',#3090,#666);
#395=LINE('',#3092,#667);
#396=LINE('',#3102,#668);
#397=LINE('',#3103,#669);
#398=LINE('',#3108,#670);
#399=LINE('',#3110,#671);
#400=LINE('',#3112,#672);
#401=LINE('',#3113,#673);
#402=LINE('',#3116,#674);
#403=LINE('',#3118,#675);
#404=LINE('',#3120,#676);
#405=LINE('',#3121,#677);
#406=LINE('',#3125,#678);
#407=LINE('',#3127,#679);
#408=LINE('',#3129,#680);
#409=LINE('',#3139,#681);
#410=LINE('',#3141,#682);
#411=LINE('',#3143,#683);
#412=LINE('',#3157,#684);
#413=LINE('',#3159,#685);
#414=LINE('',#3161,#686);
#415=LINE('',#3162,#687);
#416=LINE('',#3165,#688);
#417=LINE('',#3167,#689);
#418=LINE('',#3168,#690);
#419=LINE('',#3172,#691);
#420=LINE('',#3174,#692);
#421=LINE('',#3176,#693);
#422=LINE('',#3177,#694);
#423=LINE('',#3180,#695);
#424=LINE('',#3182,#696);
#425=LINE('',#3183,#697);
#426=LINE('',#3186,#698);
#427=LINE('',#3188,#699);
#428=LINE('',#3189,#700);
#429=LINE('',#3192,#701);
#430=LINE('',#3194,#702);
#431=LINE('',#3195,#703);
#432=LINE('',#3199,#704);
#433=LINE('',#3201,#705);
#434=LINE('',#3203,#706);
#435=LINE('',#3204,#707);
#436=LINE('',#3231,#708);
#437=LINE('',#3245,#709);
#438=LINE('',#3246,#710);
#439=LINE('',#3249,#711);
#440=LINE('',#3251,#712);
#441=LINE('',#3252,#713);
#442=LINE('',#3255,#714);
#443=LINE('',#3257,#715);
#444=LINE('',#3258,#716);
#445=LINE('',#3289,#717);
#446=LINE('',#3305,#718);
#447=LINE('',#3306,#719);
#448=LINE('',#3308,#720);
#449=LINE('',#3309,#721);
#450=LINE('',#3311,#722);
#451=LINE('',#3312,#723);
#452=LINE('',#3314,#724);
#453=LINE('',#3316,#725);
#454=LINE('',#3318,#726);
#455=LINE('',#3320,#727);
#456=LINE('',#3335,#728);
#457=LINE('',#3337,#729);
#458=LINE('',#3341,#730);
#459=LINE('',#3350,#731);
#460=LINE('',#3352,#732);
#461=LINE('',#3354,#733);
#462=LINE('',#3356,#734);
#463=LINE('',#3358,#735);
#464=LINE('',#3360,#736);
#465=LINE('',#3362,#737);
#466=LINE('',#3372,#738);
#467=LINE('',#3374,#739);
#468=LINE('',#3376,#740);
#469=LINE('',#3378,#741);
#470=LINE('',#3380,#742);
#471=LINE('',#3382,#743);
#472=LINE('',#3384,#744);
#473=LINE('',#3386,#745);
#474=LINE('',#3388,#746);
#475=LINE('',#3389,#747);
#476=LINE('',#3392,#748);
#477=LINE('',#3394,#749);
#478=LINE('',#3395,#750);
#479=LINE('',#3398,#751);
#480=LINE('',#3399,#752);
#481=LINE('',#3402,#753);
#482=LINE('',#3403,#754);
#483=LINE('',#3406,#755);
#484=LINE('',#3407,#756);
#485=LINE('',#3411,#757);
#486=LINE('',#3412,#758);
#487=LINE('',#3413,#759);
#488=LINE('',#3416,#760);
#489=LINE('',#3417,#761);
#490=LINE('',#3420,#762);
#491=LINE('',#3421,#763);
#492=LINE('',#3424,#764);
#493=LINE('',#3425,#765);
#494=LINE('',#3428,#766);
#495=LINE('',#3429,#767);
#496=LINE('',#3432,#768);
#497=LINE('',#3433,#769);
#498=LINE('',#3437,#770);
#499=LINE('',#3438,#771);
#500=LINE('',#3439,#772);
#501=LINE('',#3465,#773);
#502=LINE('',#3473,#774);
#503=LINE('',#3476,#775);
#504=LINE('',#3477,#776);
#505=LINE('',#3480,#777);
#506=LINE('',#3481,#778);
#507=LINE('',#3511,#779);
#508=LINE('',#3520,#780);
#509=LINE('',#3523,#781);
#510=LINE('',#3524,#782);
#511=LINE('',#3527,#783);
#512=LINE('',#3528,#784);
#513=LINE('',#3530,#785);
#514=LINE('',#3552,#786);
#515=LINE('',#3564,#787);
#516=LINE('',#3567,#788);
#517=LINE('',#3568,#789);
#518=LINE('',#3571,#790);
#519=LINE('',#3572,#791);
#520=LINE('',#3574,#792);
#521=LINE('',#3575,#793);
#522=LINE('',#3577,#794);
#523=LINE('',#3592,#795);
#524=LINE('',#3594,#796);
#525=LINE('',#3596,#797);
#526=LINE('',#3597,#798);
#527=LINE('',#3599,#799);
#528=LINE('',#3601,#800);
#529=LINE('',#3603,#801);
#530=LINE('',#3605,#802);
#531=LINE('',#3629,#803);
#532=LINE('',#3630,#804);
#533=LINE('',#3632,#805);
#534=LINE('',#3635,#806);
#535=LINE('',#3636,#807);
#536=LINE('',#3639,#808);
#537=LINE('',#3641,#809);
#538=LINE('',#3655,#810);
#539=LINE('',#3656,#811);
#540=LINE('',#3657,#812);
#541=LINE('',#3660,#813);
#542=LINE('',#3661,#814);
#543=LINE('',#3664,#815);
#544=LINE('',#3665,#816);
#545=LINE('',#3667,#817);
#546=LINE('',#3671,#818);
#547=LINE('',#3673,#819);
#548=LINE('',#3675,#820);
#549=LINE('',#3676,#821);
#550=LINE('',#3679,#822);
#551=LINE('',#3681,#823);
#552=LINE('',#3682,#824);
#553=LINE('',#3685,#825);
#554=LINE('',#3687,#826);
#555=LINE('',#3688,#827);
#556=LINE('',#3690,#828);
#557=LINE('',#3691,#829);
#558=LINE('',#3696,#830);
#559=LINE('',#3697,#831);
#560=LINE('',#3698,#832);
#561=LINE('',#3701,#833);
#562=LINE('',#3702,#834);
#563=LINE('',#3705,#835);
#564=LINE('',#3706,#836);
#565=LINE('',#3709,#837);
#566=LINE('',#3711,#838);
#567=LINE('',#3713,#839);
#568=LINE('',#3714,#840);
#569=LINE('',#3721,#841);
#570=LINE('',#3728,#842);
#571=LINE('',#3733,#843);
#572=LINE('',#3738,#844);
#573=LINE('',#3741,#845);
#574=LINE('',#3743,#846);
#575=LINE('',#3744,#847);
#576=LINE('',#3747,#848);
#577=LINE('',#3749,#849);
#578=LINE('',#3750,#850);
#579=LINE('',#3753,#851);
#580=LINE('',#3755,#852);
#581=LINE('',#3756,#853);
#582=LINE('',#3758,#854);
#583=LINE('',#3780,#855);
#584=LINE('',#3782,#856);
#585=LINE('',#3795,#857);
#586=LINE('',#3796,#858);
#587=LINE('',#3797,#859);
#588=LINE('',#3800,#860);
#589=LINE('',#3802,#861);
#590=LINE('',#3803,#862);
#591=LINE('',#3804,#863);
#592=LINE('',#3807,#864);
#593=LINE('',#3808,#865);
#594=LINE('',#3811,#866);
#595=LINE('',#3812,#867);
#596=LINE('',#3814,#868);
#597=LINE('',#3815,#869);
#598=LINE('',#3820,#870);
#599=LINE('',#3835,#871);
#600=LINE('',#3837,#872);
#601=LINE('',#3838,#873);
#602=LINE('',#3840,#874);
#603=LINE('',#3852,#875);
#604=LINE('',#3854,#876);
#605=LINE('',#3856,#877);
#606=LINE('',#3857,#878);
#607=LINE('',#3861,#879);
#608=LINE('',#3863,#880);
#609=LINE('',#3864,#881);
#610=LINE('',#3887,#882);
#611=LINE('',#3889,#883);
#612=LINE('',#3890,#884);
#613=LINE('',#3893,#885);
#614=LINE('',#3894,#886);
#615=LINE('',#3897,#887);
#616=LINE('',#3898,#888);
#617=LINE('',#3900,#889);
#618=LINE('',#3904,#890);
#619=LINE('',#3909,#891);
#620=LINE('',#3914,#892);
#621=LINE('',#3919,#893);
#622=LINE('',#3924,#894);
#623=LINE('',#3929,#895);
#624=LINE('',#3934,#896);
#625=LINE('',#3939,#897);
#626=LINE('',#3942,#898);
#627=LINE('',#3946,#899);
#628=LINE('',#3951,#900);
#629=LINE('',#3953,#901);
#630=LINE('',#3955,#902);
#631=LINE('',#3956,#903);
#632=LINE('',#3959,#904);
#633=LINE('',#3961,#905);
#634=LINE('',#3962,#906);
#635=LINE('',#3965,#907);
#636=LINE('',#3967,#908);
#637=LINE('',#3968,#909);
#638=LINE('',#3970,#910);
#639=LINE('',#3971,#911);
#640=LINE('',#3973,#912);
#641=LINE('',#3974,#913);
#642=LINE('',#3976,#914);
#643=LINE('',#3980,#915);
#644=LINE('',#3982,#916);
#645=LINE('',#3984,#917);
#646=LINE('',#3985,#918);
#647=LINE('',#3989,#919);
#648=LINE('',#3990,#920);
#649=LINE('',#3991,#921);
#650=LINE('',#3994,#922);
#651=LINE('',#3995,#923);
#652=LINE('',#3998,#924);
#653=LINE('',#3999,#925);
#654=LINE('',#4001,#926);
#655=LINE('',#4003,#927);
#656=LINE('',#4009,#928);
#657=LINE('',#4013,#929);
#658=VECTOR('',#2487,10.);
#659=VECTOR('',#2488,10.);
#660=VECTOR('',#2489,10.);
#661=VECTOR('',#2490,10.);
#662=VECTOR('',#2491,10.);
#663=VECTOR('',#2492,10.);
#664=VECTOR('',#2493,10.);
#665=VECTOR('',#2494,10.);
#666=VECTOR('',#2495,10.);
#667=VECTOR('',#2496,10.);
#668=VECTOR('',#2497,10.);
#669=VECTOR('',#2498,10.);
#670=VECTOR('',#2501,10.);
#671=VECTOR('',#2502,10.);
#672=VECTOR('',#2503,10.);
#673=VECTOR('',#2504,10.);
#674=VECTOR('',#2505,10.);
#675=VECTOR('',#2506,10.);
#676=VECTOR('',#2507,10.);
#677=VECTOR('',#2508,10.);
#678=VECTOR('',#2511,10.);
#679=VECTOR('',#2512,10.);
#680=VECTOR('',#2513,10.);
#681=VECTOR('',#2514,10.);
#682=VECTOR('',#2515,10.);
#683=VECTOR('',#2516,10.);
#684=VECTOR('',#2519,10.);
#685=VECTOR('',#2520,10.);
#686=VECTOR('',#2521,10.);
#687=VECTOR('',#2522,10.);
#688=VECTOR('',#2525,10.);
#689=VECTOR('',#2526,10.);
#690=VECTOR('',#2527,10.);
#691=VECTOR('',#2530,10.);
#692=VECTOR('',#2531,10.);
#693=VECTOR('',#2532,10.);
#694=VECTOR('',#2533,10.);
#695=VECTOR('',#2536,10.);
#696=VECTOR('',#2537,10.);
#697=VECTOR('',#2538,10.);
#698=VECTOR('',#2541,10.);
#699=VECTOR('',#2542,10.);
#700=VECTOR('',#2543,10.);
#701=VECTOR('',#2546,10.);
#702=VECTOR('',#2547,10.);
#703=VECTOR('',#2548,10.);
#704=VECTOR('',#2551,10.);
#705=VECTOR('',#2552,10.);
#706=VECTOR('',#2553,10.);
#707=VECTOR('',#2554,10.);
#708=VECTOR('',#2555,10.);
#709=VECTOR('',#2558,10.);
#710=VECTOR('',#2559,10.);
#711=VECTOR('',#2562,10.);
#712=VECTOR('',#2563,10.);
#713=VECTOR('',#2564,10.);
#714=VECTOR('',#2567,10.);
#715=VECTOR('',#2568,10.);
#716=VECTOR('',#2569,10.);
#717=VECTOR('',#2570,10.);
#718=VECTOR('',#2573,10.);
#719=VECTOR('',#2574,10.);
#720=VECTOR('',#2577,10.);
#721=VECTOR('',#2578,10.);
#722=VECTOR('',#2581,10.);
#723=VECTOR('',#2582,10.);
#724=VECTOR('',#2585,10.);
#725=VECTOR('',#2588,10.);
#726=VECTOR('',#2591,10.);
#727=VECTOR('',#2594,10.);
#728=VECTOR('',#2595,10.);
#729=VECTOR('',#2598,10.);
#730=VECTOR('',#2601,10.);
#731=VECTOR('',#2602,10.);
#732=VECTOR('',#2603,10.);
#733=VECTOR('',#2604,10.);
#734=VECTOR('',#2605,10.);
#735=VECTOR('',#2606,10.);
#736=VECTOR('',#2607,10.);
#737=VECTOR('',#2608,10.);
#738=VECTOR('',#2609,10.);
#739=VECTOR('',#2610,10.);
#740=VECTOR('',#2611,10.);
#741=VECTOR('',#2612,10.);
#742=VECTOR('',#2613,10.);
#743=VECTOR('',#2614,10.);
#744=VECTOR('',#2615,10.);
#745=VECTOR('',#2616,10.);
#746=VECTOR('',#2617,10.);
#747=VECTOR('',#2618,10.);
#748=VECTOR('',#2621,10.);
#749=VECTOR('',#2622,10.);
#750=VECTOR('',#2623,10.);
#751=VECTOR('',#2626,10.);
#752=VECTOR('',#2627,10.);
#753=VECTOR('',#2630,10.);
#754=VECTOR('',#2631,10.);
#755=VECTOR('',#2634,10.);
#756=VECTOR('',#2635,10.);
#757=VECTOR('',#2638,10.);
#758=VECTOR('',#2639,10.);
#759=VECTOR('',#2640,10.);
#760=VECTOR('',#2643,10.);
#761=VECTOR('',#2644,10.);
#762=VECTOR('',#2647,10.);
#763=VECTOR('',#2648,10.);
#764=VECTOR('',#2651,10.);
#765=VECTOR('',#2652,10.);
#766=VECTOR('',#2655,10.);
#767=VECTOR('',#2656,10.);
#768=VECTOR('',#2659,10.);
#769=VECTOR('',#2660,10.);
#770=VECTOR('',#2663,10.);
#771=VECTOR('',#2664,10.);
#772=VECTOR('',#2665,10.);
#773=VECTOR('',#2666,10.);
#774=VECTOR('',#2669,10.);
#775=VECTOR('',#2672,10.);
#776=VECTOR('',#2673,10.);
#777=VECTOR('',#2676,10.);
#778=VECTOR('',#2677,10.);
#779=VECTOR('',#2678,10.);
#780=VECTOR('',#2681,10.);
#781=VECTOR('',#2684,10.);
#782=VECTOR('',#2685,10.);
#783=VECTOR('',#2688,10.);
#784=VECTOR('',#2689,10.);
#785=VECTOR('',#2692,10.);
#786=VECTOR('',#2693,10.);
#787=VECTOR('',#2694,10.);
#788=VECTOR('',#2697,10.);
#789=VECTOR('',#2698,10.);
#790=VECTOR('',#2701,10.);
#791=VECTOR('',#2702,10.);
#792=VECTOR('',#2705,10.);
#793=VECTOR('',#2706,10.);
#794=VECTOR('',#2709,10.);
#795=VECTOR('',#2710,10.);
#796=VECTOR('',#2713,10.);
#797=VECTOR('',#2716,10.);
#798=VECTOR('',#2717,10.);
#799=VECTOR('',#2720,10.);
#800=VECTOR('',#2723,10.);
#801=VECTOR('',#2726,10.);
#802=VECTOR('',#2729,10.);
#803=VECTOR('',#2734,10.);
#804=VECTOR('',#2735,10.);
#805=VECTOR('',#2738,10.);
#806=VECTOR('',#2741,10.);
#807=VECTOR('',#2742,10.);
#808=VECTOR('',#2745,10.);
#809=VECTOR('',#2746,10.);
#810=VECTOR('',#2749,10.);
#811=VECTOR('',#2750,10.);
#812=VECTOR('',#2751,10.);
#813=VECTOR('',#2754,10.);
#814=VECTOR('',#2755,10.);
#815=VECTOR('',#2758,10.);
#816=VECTOR('',#2759,10.);
#817=VECTOR('',#2762,10.);
#818=VECTOR('',#2765,10.);
#819=VECTOR('',#2766,10.);
#820=VECTOR('',#2767,10.);
#821=VECTOR('',#2768,10.);
#822=VECTOR('',#2771,10.);
#823=VECTOR('',#2772,10.);
#824=VECTOR('',#2773,10.);
#825=VECTOR('',#2776,10.);
#826=VECTOR('',#2777,10.);
#827=VECTOR('',#2778,10.);
#828=VECTOR('',#2781,10.);
#829=VECTOR('',#2782,10.);
#830=VECTOR('',#2787,10.);
#831=VECTOR('',#2788,10.);
#832=VECTOR('',#2789,10.);
#833=VECTOR('',#2792,10.);
#834=VECTOR('',#2793,10.);
#835=VECTOR('',#2796,10.);
#836=VECTOR('',#2797,10.);
#837=VECTOR('',#2800,10.);
#838=VECTOR('',#2801,10.);
#839=VECTOR('',#2802,10.);
#840=VECTOR('',#2803,10.);
#841=VECTOR('',#2810,10.);
#842=VECTOR('',#2817,10.);
#843=VECTOR('',#2822,10.);
#844=VECTOR('',#2827,10.);
#845=VECTOR('',#2830,10.);
#846=VECTOR('',#2831,10.);
#847=VECTOR('',#2832,10.);
#848=VECTOR('',#2835,10.);
#849=VECTOR('',#2836,10.);
#850=VECTOR('',#2837,10.);
#851=VECTOR('',#2840,10.);
#852=VECTOR('',#2841,10.);
#853=VECTOR('',#2842,10.);
#854=VECTOR('',#2845,10.);
#855=VECTOR('',#2846,10.);
#856=VECTOR('',#2847,10.);
#857=VECTOR('',#2850,10.);
#858=VECTOR('',#2851,10.);
#859=VECTOR('',#2852,10.);
#860=VECTOR('',#2855,10.);
#861=VECTOR('',#2856,10.);
#862=VECTOR('',#2857,10.);
#863=VECTOR('',#2858,10.);
#864=VECTOR('',#2861,10.);
#865=VECTOR('',#2862,10.);
#866=VECTOR('',#2865,10.);
#867=VECTOR('',#2866,10.);
#868=VECTOR('',#2867,10.);
#869=VECTOR('',#2868,10.);
#870=VECTOR('',#2873,10.);
#871=VECTOR('',#2878,10.);
#872=VECTOR('',#2879,10.);
#873=VECTOR('',#2880,10.);
#874=VECTOR('',#2883,10.);
#875=VECTOR('',#2894,10.);
#876=VECTOR('',#2895,10.);
#877=VECTOR('',#2896,10.);
#878=VECTOR('',#2897,10.);
#879=VECTOR('',#2902,10.);
#880=VECTOR('',#2905,10.);
#881=VECTOR('',#2906,10.);
#882=VECTOR('',#2909,10.);
#883=VECTOR('',#2910,10.);
#884=VECTOR('',#2911,10.);
#885=VECTOR('',#2914,10.);
#886=VECTOR('',#2915,10.);
#887=VECTOR('',#2918,10.);
#888=VECTOR('',#2919,10.);
#889=VECTOR('',#2922,10.);
#890=VECTOR('',#2927,2.275);
#891=VECTOR('',#2934,2.275);
#892=VECTOR('',#2941,2.27499999999999);
#893=VECTOR('',#2948,2.275);
#894=VECTOR('',#2955,2.27499999999999);
#895=VECTOR('',#2962,2.275);
#896=VECTOR('',#2969,2.275);
#897=VECTOR('',#2976,2.275);
#898=VECTOR('',#2981,10.);
#899=VECTOR('',#2988,10.);
#900=VECTOR('',#2993,10.);
#901=VECTOR('',#2994,10.);
#902=VECTOR('',#2995,10.);
#903=VECTOR('',#2996,10.);
#904=VECTOR('',#2999,10.);
#905=VECTOR('',#3000,10.);
#906=VECTOR('',#3001,10.);
#907=VECTOR('',#3004,10.);
#908=VECTOR('',#3005,10.);
#909=VECTOR('',#3006,10.);
#910=VECTOR('',#3009,10.);
#911=VECTOR('',#3010,10.);
#912=VECTOR('',#3013,10.);
#913=VECTOR('',#3014,10.);
#914=VECTOR('',#3017,10.);
#915=VECTOR('',#3020,10.);
#916=VECTOR('',#3021,10.);
#917=VECTOR('',#3022,10.);
#918=VECTOR('',#3023,10.);
#919=VECTOR('',#3026,10.);
#920=VECTOR('',#3027,10.);
#921=VECTOR('',#3028,10.);
#922=VECTOR('',#3031,10.);
#923=VECTOR('',#3032,10.);
#924=VECTOR('',#3035,10.);
#925=VECTOR('',#3036,10.);
#926=VECTOR('',#3039,10.);
#927=VECTOR('',#3042,10.);
#928=VECTOR('',#3051,3.75);
#929=VECTOR('',#3056,4.25000000000001);
#930=VERTEX_POINT('',#3061);
#931=VERTEX_POINT('',#3062);
#932=VERTEX_POINT('',#3064);
#933=VERTEX_POINT('',#3066);
#934=VERTEX_POINT('',#3068);
#935=VERTEX_POINT('',#3070);
#936=VERTEX_POINT('',#3072);
#937=VERTEX_POINT('',#3083);
#938=VERTEX_POINT('',#3085);
#939=VERTEX_POINT('',#3087);
#940=VERTEX_POINT('',#3089);
#941=VERTEX_POINT('',#3091);
#942=VERTEX_POINT('',#3093);
#943=VERTEX_POINT('',#3101);
#944=VERTEX_POINT('',#3104);
#945=VERTEX_POINT('',#3106);
#946=VERTEX_POINT('',#3107);
#947=VERTEX_POINT('',#3109);
#948=VERTEX_POINT('',#3111);
#949=VERTEX_POINT('',#3114);
#950=VERTEX_POINT('',#3115);
#951=VERTEX_POINT('',#3117);
#952=VERTEX_POINT('',#3119);
#953=VERTEX_POINT('',#3123);
#954=VERTEX_POINT('',#3124);
#955=VERTEX_POINT('',#3126);
#956=VERTEX_POINT('',#3128);
#957=VERTEX_POINT('',#3130);
#958=VERTEX_POINT('',#3138);
#959=VERTEX_POINT('',#3140);
#960=VERTEX_POINT('',#3142);
#961=VERTEX_POINT('',#3155);
#962=VERTEX_POINT('',#3156);
#963=VERTEX_POINT('',#3158);
#964=VERTEX_POINT('',#3160);
#965=VERTEX_POINT('',#3164);
#966=VERTEX_POINT('',#3166);
#967=VERTEX_POINT('',#3170);
#968=VERTEX_POINT('',#3171);
#969=VERTEX_POINT('',#3173);
#970=VERTEX_POINT('',#3175);
#971=VERTEX_POINT('',#3179);
#972=VERTEX_POINT('',#3181);
#973=VERTEX_POINT('',#3185);
#974=VERTEX_POINT('',#3187);
#975=VERTEX_POINT('',#3191);
#976=VERTEX_POINT('',#3193);
#977=VERTEX_POINT('',#3197);
#978=VERTEX_POINT('',#3198);
#979=VERTEX_POINT('',#3200);
#980=VERTEX_POINT('',#3202);
#981=VERTEX_POINT('',#3229);
#982=VERTEX_POINT('',#3230);
#983=VERTEX_POINT('',#3248);
#984=VERTEX_POINT('',#3250);
#985=VERTEX_POINT('',#3254);
#986=VERTEX_POINT('',#3256);
#987=VERTEX_POINT('',#3287);
#988=VERTEX_POINT('',#3288);
#989=VERTEX_POINT('',#3339);
#990=VERTEX_POINT('',#3340);
#991=VERTEX_POINT('',#3342);
#992=VERTEX_POINT('',#3349);
#993=VERTEX_POINT('',#3351);
#994=VERTEX_POINT('',#3353);
#995=VERTEX_POINT('',#3355);
#996=VERTEX_POINT('',#3357);
#997=VERTEX_POINT('',#3359);
#998=VERTEX_POINT('',#3361);
#999=VERTEX_POINT('',#3363);
#1000=VERTEX_POINT('',#3371);
#1001=VERTEX_POINT('',#3373);
#1002=VERTEX_POINT('',#3375);
#1003=VERTEX_POINT('',#3377);
#1004=VERTEX_POINT('',#3379);
#1005=VERTEX_POINT('',#3381);
#1006=VERTEX_POINT('',#3383);
#1007=VERTEX_POINT('',#3385);
#1008=VERTEX_POINT('',#3387);
#1009=VERTEX_POINT('',#3391);
#1010=VERTEX_POINT('',#3393);
#1011=VERTEX_POINT('',#3397);
#1012=VERTEX_POINT('',#3401);
#1013=VERTEX_POINT('',#3405);
#1014=VERTEX_POINT('',#3409);
#1015=VERTEX_POINT('',#3410);
#1016=VERTEX_POINT('',#3415);
#1017=VERTEX_POINT('',#3419);
#1018=VERTEX_POINT('',#3423);
#1019=VERTEX_POINT('',#3427);
#1020=VERTEX_POINT('',#3431);
#1021=VERTEX_POINT('',#3435);
#1022=VERTEX_POINT('',#3436);
#1023=VERTEX_POINT('',#3464);
#1024=VERTEX_POINT('',#3475);
#1025=VERTEX_POINT('',#3479);
#1026=VERTEX_POINT('',#3510);
#1027=VERTEX_POINT('',#3522);
#1028=VERTEX_POINT('',#3526);
#1029=VERTEX_POINT('',#3551);
#1030=VERTEX_POINT('',#3553);
#1031=VERTEX_POINT('',#3566);
#1032=VERTEX_POINT('',#3570);
#1033=VERTEX_POINT('',#3628);
#1034=VERTEX_POINT('',#3634);
#1035=VERTEX_POINT('',#3638);
#1036=VERTEX_POINT('',#3640);
#1037=VERTEX_POINT('',#3653);
#1038=VERTEX_POINT('',#3654);
#1039=VERTEX_POINT('',#3659);
#1040=VERTEX_POINT('',#3663);
#1041=VERTEX_POINT('',#3669);
#1042=VERTEX_POINT('',#3670);
#1043=VERTEX_POINT('',#3672);
#1044=VERTEX_POINT('',#3674);
#1045=VERTEX_POINT('',#3678);
#1046=VERTEX_POINT('',#3680);
#1047=VERTEX_POINT('',#3684);
#1048=VERTEX_POINT('',#3686);
#1049=VERTEX_POINT('',#3694);
#1050=VERTEX_POINT('',#3695);
#1051=VERTEX_POINT('',#3700);
#1052=VERTEX_POINT('',#3704);
#1053=VERTEX_POINT('',#3708);
#1054=VERTEX_POINT('',#3710);
#1055=VERTEX_POINT('',#3712);
#1056=VERTEX_POINT('',#3716);
#1057=VERTEX_POINT('',#3717);
#1058=VERTEX_POINT('',#3719);
#1059=VERTEX_POINT('',#3723);
#1060=VERTEX_POINT('',#3724);
#1061=VERTEX_POINT('',#3726);
#1062=VERTEX_POINT('',#3730);
#1063=VERTEX_POINT('',#3731);
#1064=VERTEX_POINT('',#3735);
#1065=VERTEX_POINT('',#3736);
#1066=VERTEX_POINT('',#3740);
#1067=VERTEX_POINT('',#3742);
#1068=VERTEX_POINT('',#3746);
#1069=VERTEX_POINT('',#3748);
#1070=VERTEX_POINT('',#3752);
#1071=VERTEX_POINT('',#3754);
#1072=VERTEX_POINT('',#3779);
#1073=VERTEX_POINT('',#3781);
#1074=VERTEX_POINT('',#3794);
#1075=VERTEX_POINT('',#3799);
#1076=VERTEX_POINT('',#3801);
#1077=VERTEX_POINT('',#3806);
#1078=VERTEX_POINT('',#3810);
#1079=VERTEX_POINT('',#3813);
#1080=VERTEX_POINT('',#3816);
#1081=VERTEX_POINT('',#3819);
#1082=VERTEX_POINT('',#3831);
#1083=VERTEX_POINT('',#3834);
#1084=VERTEX_POINT('',#3836);
#1085=VERTEX_POINT('',#3842);
#1086=VERTEX_POINT('',#3844);
#1087=VERTEX_POINT('',#3846);
#1088=VERTEX_POINT('',#3848);
#1089=VERTEX_POINT('',#3850);
#1090=VERTEX_POINT('',#3851);
#1091=VERTEX_POINT('',#3853);
#1092=VERTEX_POINT('',#3855);
#1093=VERTEX_POINT('',#3858);
#1094=VERTEX_POINT('',#3886);
#1095=VERTEX_POINT('',#3888);
#1096=VERTEX_POINT('',#3892);
#1097=VERTEX_POINT('',#3896);
#1098=VERTEX_POINT('',#3902);
#1099=VERTEX_POINT('',#3907);
#1100=VERTEX_POINT('',#3912);
#1101=VERTEX_POINT('',#3917);
#1102=VERTEX_POINT('',#3922);
#1103=VERTEX_POINT('',#3927);
#1104=VERTEX_POINT('',#3932);
#1105=VERTEX_POINT('',#3937);
#1106=VERTEX_POINT('',#3949);
#1107=VERTEX_POINT('',#3950);
#1108=VERTEX_POINT('',#3952);
#1109=VERTEX_POINT('',#3954);
#1110=VERTEX_POINT('',#3958);
#1111=VERTEX_POINT('',#3960);
#1112=VERTEX_POINT('',#3964);
#1113=VERTEX_POINT('',#3966);
#1114=VERTEX_POINT('',#3978);
#1115=VERTEX_POINT('',#3979);
#1116=VERTEX_POINT('',#3981);
#1117=VERTEX_POINT('',#3983);
#1118=VERTEX_POINT('',#3987);
#1119=VERTEX_POINT('',#3988);
#1120=VERTEX_POINT('',#3993);
#1121=VERTEX_POINT('',#3997);
#1122=VERTEX_POINT('',#4007);
#1123=VERTEX_POINT('',#4011);
#1124=EDGE_CURVE('',#930,#931,#386,.T.);
#1125=EDGE_CURVE('',#931,#932,#387,.T.);
#1126=EDGE_CURVE('',#932,#933,#388,.T.);
#1127=EDGE_CURVE('',#933,#934,#389,.T.);
#1128=EDGE_CURVE('',#934,#935,#390,.T.);
#1129=EDGE_CURVE('',#935,#936,#374,.T.);
#1130=EDGE_CURVE('',#936,#937,#391,.T.);
#1131=EDGE_CURVE('',#937,#938,#392,.T.);
#1132=EDGE_CURVE('',#938,#939,#393,.T.);
#1133=EDGE_CURVE('',#939,#940,#394,.T.);
#1134=EDGE_CURVE('',#940,#941,#395,.T.);
#1135=EDGE_CURVE('',#941,#942,#375,.T.);
#1136=EDGE_CURVE('',#942,#943,#396,.T.);
#1137=EDGE_CURVE('',#943,#930,#397,.T.);
#1138=EDGE_CURVE('',#944,#944,#65,.T.);
#1139=EDGE_CURVE('',#945,#946,#398,.T.);
#1140=EDGE_CURVE('',#946,#947,#399,.T.);
#1141=EDGE_CURVE('',#947,#948,#400,.T.);
#1142=EDGE_CURVE('',#948,#945,#401,.T.);
#1143=EDGE_CURVE('',#949,#950,#402,.T.);
#1144=EDGE_CURVE('',#950,#951,#403,.T.);
#1145=EDGE_CURVE('',#951,#952,#404,.T.);
#1146=EDGE_CURVE('',#952,#949,#405,.T.);
#1147=EDGE_CURVE('',#953,#954,#406,.T.);
#1148=EDGE_CURVE('',#954,#955,#407,.T.);
#1149=EDGE_CURVE('',#955,#956,#408,.T.);
#1150=EDGE_CURVE('',#956,#957,#376,.T.);
#1151=EDGE_CURVE('',#958,#957,#409,.T.);
#1152=EDGE_CURVE('',#958,#959,#410,.T.);
#1153=EDGE_CURVE('',#959,#960,#411,.T.);
#1154=EDGE_CURVE('',#960,#953,#46,.T.);
#1155=EDGE_CURVE('',#961,#962,#412,.T.);
#1156=EDGE_CURVE('',#962,#963,#413,.T.);
#1157=EDGE_CURVE('',#963,#964,#414,.T.);
#1158=EDGE_CURVE('',#961,#964,#415,.T.);
#1159=EDGE_CURVE('',#962,#965,#416,.T.);
#1160=EDGE_CURVE('',#965,#966,#417,.T.);
#1161=EDGE_CURVE('',#966,#963,#418,.T.);
#1162=EDGE_CURVE('',#967,#968,#419,.T.);
#1163=EDGE_CURVE('',#968,#969,#420,.T.);
#1164=EDGE_CURVE('',#969,#970,#421,.T.);
#1165=EDGE_CURVE('',#970,#967,#422,.T.);
#1166=EDGE_CURVE('',#970,#971,#423,.T.);
#1167=EDGE_CURVE('',#971,#972,#424,.T.);
#1168=EDGE_CURVE('',#972,#967,#425,.T.);
#1169=EDGE_CURVE('',#971,#973,#426,.T.);
#1170=EDGE_CURVE('',#973,#974,#427,.T.);
#1171=EDGE_CURVE('',#974,#972,#428,.T.);
#1172=EDGE_CURVE('',#973,#975,#429,.T.);
#1173=EDGE_CURVE('',#975,#976,#430,.T.);
#1174=EDGE_CURVE('',#976,#974,#431,.T.);
#1175=EDGE_CURVE('',#977,#978,#432,.T.);
#1176=EDGE_CURVE('',#978,#979,#433,.T.);
#1177=EDGE_CURVE('',#979,#980,#434,.T.);
#1178=EDGE_CURVE('',#980,#977,#435,.T.);
#1179=EDGE_CURVE('',#981,#982,#436,.T.);
#1180=EDGE_CURVE('',#982,#979,#377,.T.);
#1181=EDGE_CURVE('',#978,#981,#378,.T.);
#1182=EDGE_CURVE('',#975,#982,#437,.T.);
#1183=EDGE_CURVE('',#981,#976,#438,.T.);
#1184=EDGE_CURVE('',#983,#977,#439,.T.);
#1185=EDGE_CURVE('',#980,#984,#440,.T.);
#1186=EDGE_CURVE('',#984,#983,#441,.T.);
#1187=EDGE_CURVE('',#985,#983,#442,.T.);
#1188=EDGE_CURVE('',#984,#986,#443,.T.);
#1189=EDGE_CURVE('',#986,#985,#444,.T.);
#1190=EDGE_CURVE('',#987,#988,#445,.T.);
#1191=EDGE_CURVE('',#988,#969,#379,.T.);
#1192=EDGE_CURVE('',#968,#987,#380,.T.);
#1193=EDGE_CURVE('',#965,#988,#446,.T.);
#1194=EDGE_CURVE('',#987,#966,#447,.T.);
#1195=EDGE_CURVE('',#964,#985,#448,.T.);
#1196=EDGE_CURVE('',#986,#961,#449,.T.);
#1197=EDGE_CURVE('',#937,#967,#450,.T.);
#1198=EDGE_CURVE('',#936,#968,#451,.T.);
#1199=EDGE_CURVE('',#938,#972,#452,.T.);
#1200=EDGE_CURVE('',#939,#974,#453,.T.);
#1201=EDGE_CURVE('',#940,#976,#454,.T.);
#1202=EDGE_CURVE('',#941,#981,#455,.T.);
#1203=EDGE_CURVE('',#942,#978,#456,.T.);
#1204=EDGE_CURVE('',#943,#977,#457,.T.);
#1205=EDGE_CURVE('',#989,#990,#458,.T.);
#1206=EDGE_CURVE('',#991,#989,#381,.T.);
#1207=EDGE_CURVE('',#992,#991,#459,.T.);
#1208=EDGE_CURVE('',#993,#992,#460,.T.);
#1209=EDGE_CURVE('',#994,#993,#461,.T.);
#1210=EDGE_CURVE('',#995,#994,#462,.T.);
#1211=EDGE_CURVE('',#996,#995,#463,.T.);
#1212=EDGE_CURVE('',#997,#996,#464,.T.);
#1213=EDGE_CURVE('',#998,#997,#465,.T.);
#1214=EDGE_CURVE('',#999,#998,#382,.T.);
#1215=EDGE_CURVE('',#1000,#999,#466,.T.);
#1216=EDGE_CURVE('',#1001,#1000,#467,.T.);
#1217=EDGE_CURVE('',#1002,#1001,#468,.T.);
#1218=EDGE_CURVE('',#1003,#1002,#469,.T.);
#1219=EDGE_CURVE('',#1004,#1003,#470,.T.);
#1220=EDGE_CURVE('',#1005,#1004,#471,.T.);
#1221=EDGE_CURVE('',#1006,#1005,#472,.T.);
#1222=EDGE_CURVE('',#1007,#1006,#473,.T.);
#1223=EDGE_CURVE('',#1008,#1007,#474,.T.);
#1224=EDGE_CURVE('',#990,#1008,#475,.T.);
#1225=EDGE_CURVE('',#1003,#1009,#476,.T.);
#1226=EDGE_CURVE('',#1009,#1010,#477,.T.);
#1227=EDGE_CURVE('',#1004,#1010,#478,.T.);
#1228=EDGE_CURVE('',#1002,#1011,#479,.T.);
#1229=EDGE_CURVE('',#1011,#1009,#480,.T.);
#1230=EDGE_CURVE('',#1001,#1012,#481,.T.);
#1231=EDGE_CURVE('',#1012,#1011,#482,.T.);
#1232=EDGE_CURVE('',#1000,#1013,#483,.T.);
#1233=EDGE_CURVE('',#1013,#1012,#484,.T.);
#1234=EDGE_CURVE('',#1014,#1015,#485,.T.);
#1235=EDGE_CURVE('',#1015,#998,#486,.T.);
#1236=EDGE_CURVE('',#997,#1014,#487,.T.);
#1237=EDGE_CURVE('',#996,#1016,#488,.T.);
#1238=EDGE_CURVE('',#1016,#1014,#489,.T.);
#1239=EDGE_CURVE('',#995,#1017,#490,.T.);
#1240=EDGE_CURVE('',#1017,#1016,#491,.T.);
#1241=EDGE_CURVE('',#994,#1018,#492,.T.);
#1242=EDGE_CURVE('',#1018,#1017,#493,.T.);
#1243=EDGE_CURVE('',#993,#1019,#494,.T.);
#1244=EDGE_CURVE('',#1019,#1018,#495,.T.);
#1245=EDGE_CURVE('',#1020,#1019,#496,.T.);
#1246=EDGE_CURVE('',#992,#1020,#497,.T.);
#1247=EDGE_CURVE('',#1021,#1022,#498,.T.);
#1248=EDGE_CURVE('',#1022,#989,#499,.T.);
#1249=EDGE_CURVE('',#990,#1021,#500,.T.);
#1250=EDGE_CURVE('',#1023,#991,#501,.T.);
#1251=EDGE_CURVE('',#1022,#1023,#383,.T.);
#1252=EDGE_CURVE('',#1023,#1020,#502,.T.);
#1253=EDGE_CURVE('',#1024,#1021,#503,.T.);
#1254=EDGE_CURVE('',#1008,#1024,#504,.T.);
#1255=EDGE_CURVE('',#1025,#1024,#505,.T.);
#1256=EDGE_CURVE('',#1007,#1025,#506,.T.);
#1257=EDGE_CURVE('',#1026,#999,#507,.T.);
#1258=EDGE_CURVE('',#1015,#1026,#384,.T.);
#1259=EDGE_CURVE('',#1026,#1013,#508,.T.);
#1260=EDGE_CURVE('',#1027,#1025,#509,.T.);
#1261=EDGE_CURVE('',#1006,#1027,#510,.T.);
#1262=EDGE_CURVE('',#1028,#1027,#511,.T.);
#1263=EDGE_CURVE('',#1005,#1028,#512,.T.);
#1264=EDGE_CURVE('',#1010,#1028,#513,.T.);
#1265=EDGE_CURVE('',#1029,#1015,#514,.T.);
#1266=EDGE_CURVE('',#1029,#1030,#385,.T.);
#1267=EDGE_CURVE('',#1030,#1026,#515,.T.);
#1268=EDGE_CURVE('',#1031,#1014,#516,.T.);
#1269=EDGE_CURVE('',#1031,#1029,#517,.T.);
#1270=EDGE_CURVE('',#1032,#1016,#518,.T.);
#1271=EDGE_CURVE('',#1032,#1031,#519,.T.);
#1272=EDGE_CURVE('',#955,#1020,#520,.T.);
#1273=EDGE_CURVE('',#954,#1019,#521,.T.);
#1274=EDGE_CURVE('',#956,#1023,#522,.T.);
#1275=EDGE_CURVE('',#957,#1022,#523,.T.);
#1276=EDGE_CURVE('',#958,#1021,#524,.T.);
#1277=EDGE_CURVE('',#931,#985,#525,.T.);
#1278=EDGE_CURVE('',#930,#983,#526,.T.);
#1279=EDGE_CURVE('',#932,#964,#527,.T.);
#1280=EDGE_CURVE('',#933,#963,#528,.T.);
#1281=EDGE_CURVE('',#934,#966,#529,.T.);
#1282=EDGE_CURVE('',#935,#987,#530,.T.);
#1283=EDGE_CURVE('',#1033,#1030,#531,.T.);
#1284=EDGE_CURVE('',#1033,#1013,#532,.T.);
#1285=EDGE_CURVE('',#959,#1024,#533,.T.);
#1286=EDGE_CURVE('',#1033,#1034,#534,.T.);
#1287=EDGE_CURVE('',#1034,#1012,#535,.T.);
#1288=EDGE_CURVE('',#1035,#1034,#536,.T.);
#1289=EDGE_CURVE('',#1032,#1036,#537,.T.);
#1290=EDGE_CURVE('',#1036,#1035,#47,.T.);
#1291=EDGE_CURVE('',#1037,#1038,#538,.T.);
#1292=EDGE_CURVE('',#950,#1038,#539,.T.);
#1293=EDGE_CURVE('',#949,#1037,#540,.T.);
#1294=EDGE_CURVE('',#1039,#1037,#541,.T.);
#1295=EDGE_CURVE('',#952,#1039,#542,.T.);
#1296=EDGE_CURVE('',#1040,#1039,#543,.T.);
#1297=EDGE_CURVE('',#951,#1040,#544,.T.);
#1298=EDGE_CURVE('',#1038,#1040,#545,.T.);
#1299=EDGE_CURVE('',#1041,#1042,#546,.T.);
#1300=EDGE_CURVE('',#1043,#1041,#547,.T.);
#1301=EDGE_CURVE('',#1044,#1043,#548,.T.);
#1302=EDGE_CURVE('',#1044,#1042,#549,.T.);
#1303=EDGE_CURVE('',#1042,#1045,#550,.T.);
#1304=EDGE_CURVE('',#1046,#1044,#551,.T.);
#1305=EDGE_CURVE('',#1046,#1045,#552,.T.);
#1306=EDGE_CURVE('',#1045,#1047,#553,.T.);
#1307=EDGE_CURVE('',#1048,#1046,#554,.T.);
#1308=EDGE_CURVE('',#1048,#1047,#555,.T.);
#1309=EDGE_CURVE('',#1047,#1041,#556,.T.);
#1310=EDGE_CURVE('',#1043,#1048,#557,.T.);
#1311=EDGE_CURVE('',#1049,#1050,#558,.T.);
#1312=EDGE_CURVE('',#1027,#1049,#559,.T.);
#1313=EDGE_CURVE('',#1028,#1050,#560,.T.);
#1314=EDGE_CURVE('',#1050,#1051,#561,.T.);
#1315=EDGE_CURVE('',#1010,#1051,#562,.T.);
#1316=EDGE_CURVE('',#1051,#1052,#563,.T.);
#1317=EDGE_CURVE('',#1052,#1009,#564,.T.);
#1318=EDGE_CURVE('',#1049,#1053,#565,.T.);
#1319=EDGE_CURVE('',#1053,#1054,#566,.T.);
#1320=EDGE_CURVE('',#1055,#1054,#567,.T.);
#1321=EDGE_CURVE('',#1055,#1025,#568,.T.);
#1322=EDGE_CURVE('',#1056,#1057,#66,.T.);
#1323=EDGE_CURVE('',#1057,#1058,#67,.T.);
#1324=EDGE_CURVE('',#1056,#1058,#569,.T.);
#1325=EDGE_CURVE('',#1059,#1060,#68,.T.);
#1326=EDGE_CURVE('',#1060,#1061,#69,.T.);
#1327=EDGE_CURVE('',#1059,#1061,#570,.T.);
#1328=EDGE_CURVE('',#1062,#1063,#70,.T.);
#1329=EDGE_CURVE('',#1062,#1063,#571,.T.);
#1330=EDGE_CURVE('',#1064,#1065,#71,.T.);
#1331=EDGE_CURVE('',#1064,#1065,#572,.T.);
#1332=EDGE_CURVE('',#1053,#1066,#573,.T.);
#1333=EDGE_CURVE('',#1066,#1067,#574,.T.);
#1334=EDGE_CURVE('',#1054,#1067,#575,.T.);
#1335=EDGE_CURVE('',#1066,#1068,#576,.T.);
#1336=EDGE_CURVE('',#1068,#1069,#577,.T.);
#1337=EDGE_CURVE('',#1067,#1069,#578,.T.);
#1338=EDGE_CURVE('',#1070,#1068,#579,.T.);
#1339=EDGE_CURVE('',#1071,#1070,#580,.T.);
#1340=EDGE_CURVE('',#1069,#1071,#581,.T.);
#1341=EDGE_CURVE('',#1070,#1052,#582,.T.);
#1342=EDGE_CURVE('',#953,#1072,#583,.T.);
#1343=EDGE_CURVE('',#960,#1073,#584,.T.);
#1344=EDGE_CURVE('',#1072,#1073,#48,.T.);
#1345=EDGE_CURVE('',#1074,#954,#585,.T.);
#1346=EDGE_CURVE('',#1056,#1072,#586,.T.);
#1347=EDGE_CURVE('',#1074,#1058,#587,.T.);
#1348=EDGE_CURVE('',#1036,#1075,#588,.T.);
#1349=EDGE_CURVE('',#1076,#1032,#589,.T.);
#1350=EDGE_CURVE('',#1062,#1076,#590,.T.);
#1351=EDGE_CURVE('',#1075,#1063,#591,.T.);
#1352=EDGE_CURVE('',#1077,#1011,#592,.T.);
#1353=EDGE_CURVE('',#1071,#1077,#593,.T.);
#1354=EDGE_CURVE('',#1059,#1078,#594,.T.);
#1355=EDGE_CURVE('',#1078,#1055,#595,.T.);
#1356=EDGE_CURVE('',#1077,#1079,#596,.T.);
#1357=EDGE_CURVE('',#1079,#1065,#597,.T.);
#1358=EDGE_CURVE('',#1065,#1080,#72,.T.);
#1359=EDGE_CURVE('',#1080,#1064,#73,.T.);
#1360=EDGE_CURVE('',#1064,#1081,#598,.T.);
#1361=EDGE_CURVE('',#1081,#1075,#49,.T.);
#1362=EDGE_CURVE('',#1063,#1082,#74,.T.);
#1363=EDGE_CURVE('',#1082,#1062,#75,.T.);
#1364=EDGE_CURVE('',#1076,#1083,#599,.T.);
#1365=EDGE_CURVE('',#1083,#1084,#600,.T.);
#1366=EDGE_CURVE('',#1084,#1074,#601,.T.);
#1367=EDGE_CURVE('',#1058,#1056,#76,.T.);
#1368=EDGE_CURVE('',#1073,#1061,#602,.T.);
#1369=EDGE_CURVE('',#1061,#1059,#77,.T.);
#1370=EDGE_CURVE('',#1085,#1085,#78,.T.);
#1371=EDGE_CURVE('',#1086,#1086,#79,.T.);
#1372=EDGE_CURVE('',#1087,#1087,#80,.T.);
#1373=EDGE_CURVE('',#1088,#1088,#81,.T.);
#1374=EDGE_CURVE('',#1089,#1090,#603,.T.);
#1375=EDGE_CURVE('',#1090,#1091,#604,.T.);
#1376=EDGE_CURVE('',#1091,#1092,#605,.T.);
#1377=EDGE_CURVE('',#1092,#1089,#606,.T.);
#1378=EDGE_CURVE('',#1093,#1093,#82,.T.);
#1379=EDGE_CURVE('',#1078,#959,#607,.T.);
#1380=EDGE_CURVE('',#1079,#1034,#608,.T.);
#1381=EDGE_CURVE('',#1035,#1081,#609,.T.);
#1382=EDGE_CURVE('',#1094,#1091,#610,.T.);
#1383=EDGE_CURVE('',#1095,#1094,#611,.T.);
#1384=EDGE_CURVE('',#1095,#1092,#612,.T.);
#1385=EDGE_CURVE('',#1096,#1095,#613,.T.);
#1386=EDGE_CURVE('',#1096,#1089,#614,.T.);
#1387=EDGE_CURVE('',#1097,#1096,#615,.T.);
#1388=EDGE_CURVE('',#1097,#1090,#616,.T.);
#1389=EDGE_CURVE('',#1094,#1097,#617,.T.);
#1390=EDGE_CURVE('',#1098,#1098,#83,.T.);
#1391=EDGE_CURVE('',#1098,#1085,#618,.T.);
#1392=EDGE_CURVE('',#1099,#1099,#84,.T.);
#1393=EDGE_CURVE('',#1099,#1082,#619,.T.);
#1394=EDGE_CURVE('',#1100,#1100,#85,.T.);
#1395=EDGE_CURVE('',#1100,#1057,#620,.T.);
#1396=EDGE_CURVE('',#1101,#1101,#86,.T.);
#1397=EDGE_CURVE('',#1101,#1080,#621,.T.);
#1398=EDGE_CURVE('',#1102,#1102,#87,.T.);
#1399=EDGE_CURVE('',#1102,#1060,#622,.T.);
#1400=EDGE_CURVE('',#1103,#1103,#88,.T.);
#1401=EDGE_CURVE('',#1103,#1088,#623,.T.);
#1402=EDGE_CURVE('',#1104,#1104,#89,.T.);
#1403=EDGE_CURVE('',#1104,#1087,#624,.T.);
#1404=EDGE_CURVE('',#1105,#1105,#90,.T.);
#1405=EDGE_CURVE('',#1105,#1086,#625,.T.);
#1406=EDGE_CURVE('',#1018,#1084,#626,.T.);
#1407=EDGE_CURVE('',#1083,#1017,#627,.T.);
#1408=EDGE_CURVE('',#1106,#1107,#628,.T.);
#1409=EDGE_CURVE('',#1107,#1108,#629,.T.);
#1410=EDGE_CURVE('',#1108,#1109,#630,.T.);
#1411=EDGE_CURVE('',#1106,#1109,#631,.T.);
#1412=EDGE_CURVE('',#1107,#1110,#632,.T.);
#1413=EDGE_CURVE('',#1110,#1111,#633,.T.);
#1414=EDGE_CURVE('',#1111,#1108,#634,.T.);
#1415=EDGE_CURVE('',#1110,#1112,#635,.T.);
#1416=EDGE_CURVE('',#1112,#1113,#636,.T.);
#1417=EDGE_CURVE('',#1113,#1111,#637,.T.);
#1418=EDGE_CURVE('',#1109,#1113,#638,.T.);
#1419=EDGE_CURVE('',#1112,#1106,#639,.T.);
#1420=EDGE_CURVE('',#946,#1109,#640,.F.);
#1421=EDGE_CURVE('',#945,#1113,#641,.F.);
#1422=EDGE_CURVE('',#947,#1108,#642,.T.);
#1423=EDGE_CURVE('',#1114,#1115,#643,.T.);
#1424=EDGE_CURVE('',#1115,#1116,#644,.T.);
#1425=EDGE_CURVE('',#1116,#1117,#645,.T.);
#1426=EDGE_CURVE('',#1117,#1114,#646,.T.);
#1427=EDGE_CURVE('',#1118,#1119,#647,.T.);
#1428=EDGE_CURVE('',#1118,#1115,#648,.F.);
#1429=EDGE_CURVE('',#1119,#1114,#649,.T.);
#1430=EDGE_CURVE('',#1120,#1118,#650,.T.);
#1431=EDGE_CURVE('',#1120,#1116,#651,.F.);
#1432=EDGE_CURVE('',#1121,#1120,#652,.T.);
#1433=EDGE_CURVE('',#1121,#1117,#653,.F.);
#1434=EDGE_CURVE('',#1119,#1121,#654,.T.);
#1435=EDGE_CURVE('',#948,#1111,#655,.F.);
#1436=EDGE_CURVE('',#1122,#1122,#91,.T.);
#1437=EDGE_CURVE('',#1122,#1093,#656,.T.);
#1438=EDGE_CURVE('',#1123,#1123,#92,.T.);
#1439=EDGE_CURVE('',#1123,#944,#657,.T.);
#1440=ORIENTED_EDGE('',*,*,#1124,.T.);
#1441=ORIENTED_EDGE('',*,*,#1125,.T.);
#1442=ORIENTED_EDGE('',*,*,#1126,.T.);
#1443=ORIENTED_EDGE('',*,*,#1127,.T.);
#1444=ORIENTED_EDGE('',*,*,#1128,.T.);
#1445=ORIENTED_EDGE('',*,*,#1129,.T.);
#1446=ORIENTED_EDGE('',*,*,#1130,.T.);
#1447=ORIENTED_EDGE('',*,*,#1131,.T.);
#1448=ORIENTED_EDGE('',*,*,#1132,.T.);
#1449=ORIENTED_EDGE('',*,*,#1133,.T.);
#1450=ORIENTED_EDGE('',*,*,#1134,.T.);
#1451=ORIENTED_EDGE('',*,*,#1135,.T.);
#1452=ORIENTED_EDGE('',*,*,#1136,.T.);
#1453=ORIENTED_EDGE('',*,*,#1137,.T.);
#1454=ORIENTED_EDGE('',*,*,#1138,.F.);
#1455=ORIENTED_EDGE('',*,*,#1139,.T.);
#1456=ORIENTED_EDGE('',*,*,#1140,.T.);
#1457=ORIENTED_EDGE('',*,*,#1141,.T.);
#1458=ORIENTED_EDGE('',*,*,#1142,.T.);
#1459=ORIENTED_EDGE('',*,*,#1143,.T.);
#1460=ORIENTED_EDGE('',*,*,#1144,.T.);
#1461=ORIENTED_EDGE('',*,*,#1145,.T.);
#1462=ORIENTED_EDGE('',*,*,#1146,.T.);
#1463=ORIENTED_EDGE('',*,*,#1147,.T.);
#1464=ORIENTED_EDGE('',*,*,#1148,.T.);
#1465=ORIENTED_EDGE('',*,*,#1149,.T.);
#1466=ORIENTED_EDGE('',*,*,#1150,.T.);
#1467=ORIENTED_EDGE('',*,*,#1151,.F.);
#1468=ORIENTED_EDGE('',*,*,#1152,.T.);
#1469=ORIENTED_EDGE('',*,*,#1153,.T.);
#1470=ORIENTED_EDGE('',*,*,#1154,.T.);
#1471=ORIENTED_EDGE('',*,*,#1155,.T.);
#1472=ORIENTED_EDGE('',*,*,#1156,.T.);
#1473=ORIENTED_EDGE('',*,*,#1157,.T.);
#1474=ORIENTED_EDGE('',*,*,#1158,.F.);
#1475=ORIENTED_EDGE('',*,*,#1159,.T.);
#1476=ORIENTED_EDGE('',*,*,#1160,.T.);
#1477=ORIENTED_EDGE('',*,*,#1161,.T.);
#1478=ORIENTED_EDGE('',*,*,#1156,.F.);
#1479=ORIENTED_EDGE('',*,*,#1162,.T.);
#1480=ORIENTED_EDGE('',*,*,#1163,.T.);
#1481=ORIENTED_EDGE('',*,*,#1164,.T.);
#1482=ORIENTED_EDGE('',*,*,#1165,.T.);
#1483=ORIENTED_EDGE('',*,*,#1166,.T.);
#1484=ORIENTED_EDGE('',*,*,#1167,.T.);
#1485=ORIENTED_EDGE('',*,*,#1168,.T.);
#1486=ORIENTED_EDGE('',*,*,#1165,.F.);
#1487=ORIENTED_EDGE('',*,*,#1169,.T.);
#1488=ORIENTED_EDGE('',*,*,#1170,.T.);
#1489=ORIENTED_EDGE('',*,*,#1171,.T.);
#1490=ORIENTED_EDGE('',*,*,#1167,.F.);
#1491=ORIENTED_EDGE('',*,*,#1172,.T.);
#1492=ORIENTED_EDGE('',*,*,#1173,.T.);
#1493=ORIENTED_EDGE('',*,*,#1174,.T.);
#1494=ORIENTED_EDGE('',*,*,#1170,.F.);
#1495=ORIENTED_EDGE('',*,*,#1175,.T.);
#1496=ORIENTED_EDGE('',*,*,#1176,.T.);
#1497=ORIENTED_EDGE('',*,*,#1177,.T.);
#1498=ORIENTED_EDGE('',*,*,#1178,.T.);
#1499=ORIENTED_EDGE('',*,*,#1179,.T.);
#1500=ORIENTED_EDGE('',*,*,#1180,.T.);
#1501=ORIENTED_EDGE('',*,*,#1176,.F.);
#1502=ORIENTED_EDGE('',*,*,#1181,.T.);
#1503=ORIENTED_EDGE('',*,*,#1182,.T.);
#1504=ORIENTED_EDGE('',*,*,#1179,.F.);
#1505=ORIENTED_EDGE('',*,*,#1183,.T.);
#1506=ORIENTED_EDGE('',*,*,#1173,.F.);
#1507=ORIENTED_EDGE('',*,*,#1184,.T.);
#1508=ORIENTED_EDGE('',*,*,#1178,.F.);
#1509=ORIENTED_EDGE('',*,*,#1185,.T.);
#1510=ORIENTED_EDGE('',*,*,#1186,.T.);
#1511=ORIENTED_EDGE('',*,*,#1187,.T.);
#1512=ORIENTED_EDGE('',*,*,#1186,.F.);
#1513=ORIENTED_EDGE('',*,*,#1188,.T.);
#1514=ORIENTED_EDGE('',*,*,#1189,.T.);
#1515=ORIENTED_EDGE('',*,*,#1190,.T.);
#1516=ORIENTED_EDGE('',*,*,#1191,.T.);
#1517=ORIENTED_EDGE('',*,*,#1163,.F.);
#1518=ORIENTED_EDGE('',*,*,#1192,.T.);
#1519=ORIENTED_EDGE('',*,*,#1193,.T.);
#1520=ORIENTED_EDGE('',*,*,#1190,.F.);
#1521=ORIENTED_EDGE('',*,*,#1194,.T.);
#1522=ORIENTED_EDGE('',*,*,#1160,.F.);
#1523=ORIENTED_EDGE('',*,*,#1195,.T.);
#1524=ORIENTED_EDGE('',*,*,#1189,.F.);
#1525=ORIENTED_EDGE('',*,*,#1196,.T.);
#1526=ORIENTED_EDGE('',*,*,#1158,.T.);
#1527=ORIENTED_EDGE('',*,*,#1162,.F.);
#1528=ORIENTED_EDGE('',*,*,#1197,.F.);
#1529=ORIENTED_EDGE('',*,*,#1130,.F.);
#1530=ORIENTED_EDGE('',*,*,#1198,.T.);
#1531=ORIENTED_EDGE('',*,*,#1168,.F.);
#1532=ORIENTED_EDGE('',*,*,#1199,.F.);
#1533=ORIENTED_EDGE('',*,*,#1131,.F.);
#1534=ORIENTED_EDGE('',*,*,#1197,.T.);
#1535=ORIENTED_EDGE('',*,*,#1171,.F.);
#1536=ORIENTED_EDGE('',*,*,#1200,.F.);
#1537=ORIENTED_EDGE('',*,*,#1132,.F.);
#1538=ORIENTED_EDGE('',*,*,#1199,.T.);
#1539=ORIENTED_EDGE('',*,*,#1174,.F.);
#1540=ORIENTED_EDGE('',*,*,#1201,.F.);
#1541=ORIENTED_EDGE('',*,*,#1133,.F.);
#1542=ORIENTED_EDGE('',*,*,#1200,.T.);
#1543=ORIENTED_EDGE('',*,*,#1183,.F.);
#1544=ORIENTED_EDGE('',*,*,#1202,.F.);
#1545=ORIENTED_EDGE('',*,*,#1134,.F.);
#1546=ORIENTED_EDGE('',*,*,#1201,.T.);
#1547=ORIENTED_EDGE('',*,*,#1181,.F.);
#1548=ORIENTED_EDGE('',*,*,#1203,.F.);
#1549=ORIENTED_EDGE('',*,*,#1135,.F.);
#1550=ORIENTED_EDGE('',*,*,#1202,.T.);
#1551=ORIENTED_EDGE('',*,*,#1175,.F.);
#1552=ORIENTED_EDGE('',*,*,#1204,.F.);
#1553=ORIENTED_EDGE('',*,*,#1136,.F.);
#1554=ORIENTED_EDGE('',*,*,#1203,.T.);
#1555=ORIENTED_EDGE('',*,*,#1205,.F.);
#1556=ORIENTED_EDGE('',*,*,#1206,.F.);
#1557=ORIENTED_EDGE('',*,*,#1207,.F.);
#1558=ORIENTED_EDGE('',*,*,#1208,.F.);
#1559=ORIENTED_EDGE('',*,*,#1209,.F.);
#1560=ORIENTED_EDGE('',*,*,#1210,.F.);
#1561=ORIENTED_EDGE('',*,*,#1211,.F.);
#1562=ORIENTED_EDGE('',*,*,#1212,.F.);
#1563=ORIENTED_EDGE('',*,*,#1213,.F.);
#1564=ORIENTED_EDGE('',*,*,#1214,.F.);
#1565=ORIENTED_EDGE('',*,*,#1215,.F.);
#1566=ORIENTED_EDGE('',*,*,#1216,.F.);
#1567=ORIENTED_EDGE('',*,*,#1217,.F.);
#1568=ORIENTED_EDGE('',*,*,#1218,.F.);
#1569=ORIENTED_EDGE('',*,*,#1219,.F.);
#1570=ORIENTED_EDGE('',*,*,#1220,.F.);
#1571=ORIENTED_EDGE('',*,*,#1221,.F.);
#1572=ORIENTED_EDGE('',*,*,#1222,.F.);
#1573=ORIENTED_EDGE('',*,*,#1223,.F.);
#1574=ORIENTED_EDGE('',*,*,#1224,.F.);
#1575=ORIENTED_EDGE('',*,*,#1177,.F.);
#1576=ORIENTED_EDGE('',*,*,#1180,.F.);
#1577=ORIENTED_EDGE('',*,*,#1182,.F.);
#1578=ORIENTED_EDGE('',*,*,#1172,.F.);
#1579=ORIENTED_EDGE('',*,*,#1169,.F.);
#1580=ORIENTED_EDGE('',*,*,#1166,.F.);
#1581=ORIENTED_EDGE('',*,*,#1164,.F.);
#1582=ORIENTED_EDGE('',*,*,#1191,.F.);
#1583=ORIENTED_EDGE('',*,*,#1193,.F.);
#1584=ORIENTED_EDGE('',*,*,#1159,.F.);
#1585=ORIENTED_EDGE('',*,*,#1155,.F.);
#1586=ORIENTED_EDGE('',*,*,#1196,.F.);
#1587=ORIENTED_EDGE('',*,*,#1188,.F.);
#1588=ORIENTED_EDGE('',*,*,#1185,.F.);
#1589=ORIENTED_EDGE('',*,*,#1219,.T.);
#1590=ORIENTED_EDGE('',*,*,#1225,.T.);
#1591=ORIENTED_EDGE('',*,*,#1226,.T.);
#1592=ORIENTED_EDGE('',*,*,#1227,.F.);
#1593=ORIENTED_EDGE('',*,*,#1218,.T.);
#1594=ORIENTED_EDGE('',*,*,#1228,.T.);
#1595=ORIENTED_EDGE('',*,*,#1229,.T.);
#1596=ORIENTED_EDGE('',*,*,#1225,.F.);
#1597=ORIENTED_EDGE('',*,*,#1217,.T.);
#1598=ORIENTED_EDGE('',*,*,#1230,.T.);
#1599=ORIENTED_EDGE('',*,*,#1231,.T.);
#1600=ORIENTED_EDGE('',*,*,#1228,.F.);
#1601=ORIENTED_EDGE('',*,*,#1216,.T.);
#1602=ORIENTED_EDGE('',*,*,#1232,.T.);
#1603=ORIENTED_EDGE('',*,*,#1233,.T.);
#1604=ORIENTED_EDGE('',*,*,#1230,.F.);
#1605=ORIENTED_EDGE('',*,*,#1234,.T.);
#1606=ORIENTED_EDGE('',*,*,#1235,.T.);
#1607=ORIENTED_EDGE('',*,*,#1213,.T.);
#1608=ORIENTED_EDGE('',*,*,#1236,.T.);
#1609=ORIENTED_EDGE('',*,*,#1212,.T.);
#1610=ORIENTED_EDGE('',*,*,#1237,.T.);
#1611=ORIENTED_EDGE('',*,*,#1238,.T.);
#1612=ORIENTED_EDGE('',*,*,#1236,.F.);
#1613=ORIENTED_EDGE('',*,*,#1211,.T.);
#1614=ORIENTED_EDGE('',*,*,#1239,.T.);
#1615=ORIENTED_EDGE('',*,*,#1240,.T.);
#1616=ORIENTED_EDGE('',*,*,#1237,.F.);
#1617=ORIENTED_EDGE('',*,*,#1210,.T.);
#1618=ORIENTED_EDGE('',*,*,#1241,.T.);
#1619=ORIENTED_EDGE('',*,*,#1242,.T.);
#1620=ORIENTED_EDGE('',*,*,#1239,.F.);
#1621=ORIENTED_EDGE('',*,*,#1209,.T.);
#1622=ORIENTED_EDGE('',*,*,#1243,.T.);
#1623=ORIENTED_EDGE('',*,*,#1244,.T.);
#1624=ORIENTED_EDGE('',*,*,#1241,.F.);
#1625=ORIENTED_EDGE('',*,*,#1245,.T.);
#1626=ORIENTED_EDGE('',*,*,#1243,.F.);
#1627=ORIENTED_EDGE('',*,*,#1208,.T.);
#1628=ORIENTED_EDGE('',*,*,#1246,.T.);
#1629=ORIENTED_EDGE('',*,*,#1247,.T.);
#1630=ORIENTED_EDGE('',*,*,#1248,.T.);
#1631=ORIENTED_EDGE('',*,*,#1205,.T.);
#1632=ORIENTED_EDGE('',*,*,#1249,.T.);
#1633=ORIENTED_EDGE('',*,*,#1250,.T.);
#1634=ORIENTED_EDGE('',*,*,#1206,.T.);
#1635=ORIENTED_EDGE('',*,*,#1248,.F.);
#1636=ORIENTED_EDGE('',*,*,#1251,.T.);
#1637=ORIENTED_EDGE('',*,*,#1207,.T.);
#1638=ORIENTED_EDGE('',*,*,#1250,.F.);
#1639=ORIENTED_EDGE('',*,*,#1252,.T.);
#1640=ORIENTED_EDGE('',*,*,#1246,.F.);
#1641=ORIENTED_EDGE('',*,*,#1253,.T.);
#1642=ORIENTED_EDGE('',*,*,#1249,.F.);
#1643=ORIENTED_EDGE('',*,*,#1224,.T.);
#1644=ORIENTED_EDGE('',*,*,#1254,.T.);
#1645=ORIENTED_EDGE('',*,*,#1255,.T.);
#1646=ORIENTED_EDGE('',*,*,#1254,.F.);
#1647=ORIENTED_EDGE('',*,*,#1223,.T.);
#1648=ORIENTED_EDGE('',*,*,#1256,.T.);
#1649=ORIENTED_EDGE('',*,*,#1257,.T.);
#1650=ORIENTED_EDGE('',*,*,#1214,.T.);
#1651=ORIENTED_EDGE('',*,*,#1235,.F.);
#1652=ORIENTED_EDGE('',*,*,#1258,.T.);
#1653=ORIENTED_EDGE('',*,*,#1215,.T.);
#1654=ORIENTED_EDGE('',*,*,#1257,.F.);
#1655=ORIENTED_EDGE('',*,*,#1259,.T.);
#1656=ORIENTED_EDGE('',*,*,#1232,.F.);
#1657=ORIENTED_EDGE('',*,*,#1260,.T.);
#1658=ORIENTED_EDGE('',*,*,#1256,.F.);
#1659=ORIENTED_EDGE('',*,*,#1222,.T.);
#1660=ORIENTED_EDGE('',*,*,#1261,.T.);
#1661=ORIENTED_EDGE('',*,*,#1262,.T.);
#1662=ORIENTED_EDGE('',*,*,#1261,.F.);
#1663=ORIENTED_EDGE('',*,*,#1221,.T.);
#1664=ORIENTED_EDGE('',*,*,#1263,.T.);
#1665=ORIENTED_EDGE('',*,*,#1264,.T.);
#1666=ORIENTED_EDGE('',*,*,#1263,.F.);
#1667=ORIENTED_EDGE('',*,*,#1220,.T.);
#1668=ORIENTED_EDGE('',*,*,#1227,.T.);
#1669=ORIENTED_EDGE('',*,*,#1258,.F.);
#1670=ORIENTED_EDGE('',*,*,#1265,.F.);
#1671=ORIENTED_EDGE('',*,*,#1266,.T.);
#1672=ORIENTED_EDGE('',*,*,#1267,.T.);
#1673=ORIENTED_EDGE('',*,*,#1234,.F.);
#1674=ORIENTED_EDGE('',*,*,#1268,.F.);
#1675=ORIENTED_EDGE('',*,*,#1269,.T.);
#1676=ORIENTED_EDGE('',*,*,#1265,.T.);
#1677=ORIENTED_EDGE('',*,*,#1238,.F.);
#1678=ORIENTED_EDGE('',*,*,#1270,.F.);
#1679=ORIENTED_EDGE('',*,*,#1271,.T.);
#1680=ORIENTED_EDGE('',*,*,#1268,.T.);
#1681=ORIENTED_EDGE('',*,*,#1245,.F.);
#1682=ORIENTED_EDGE('',*,*,#1272,.F.);
#1683=ORIENTED_EDGE('',*,*,#1148,.F.);
#1684=ORIENTED_EDGE('',*,*,#1273,.T.);
#1685=ORIENTED_EDGE('',*,*,#1252,.F.);
#1686=ORIENTED_EDGE('',*,*,#1274,.F.);
#1687=ORIENTED_EDGE('',*,*,#1149,.F.);
#1688=ORIENTED_EDGE('',*,*,#1272,.T.);
#1689=ORIENTED_EDGE('',*,*,#1251,.F.);
#1690=ORIENTED_EDGE('',*,*,#1275,.F.);
#1691=ORIENTED_EDGE('',*,*,#1150,.F.);
#1692=ORIENTED_EDGE('',*,*,#1274,.T.);
#1693=ORIENTED_EDGE('',*,*,#1247,.F.);
#1694=ORIENTED_EDGE('',*,*,#1276,.F.);
#1695=ORIENTED_EDGE('',*,*,#1151,.T.);
#1696=ORIENTED_EDGE('',*,*,#1275,.T.);
#1697=ORIENTED_EDGE('',*,*,#1187,.F.);
#1698=ORIENTED_EDGE('',*,*,#1277,.F.);
#1699=ORIENTED_EDGE('',*,*,#1124,.F.);
#1700=ORIENTED_EDGE('',*,*,#1278,.T.);
#1701=ORIENTED_EDGE('',*,*,#1195,.F.);
#1702=ORIENTED_EDGE('',*,*,#1279,.F.);
#1703=ORIENTED_EDGE('',*,*,#1125,.F.);
#1704=ORIENTED_EDGE('',*,*,#1277,.T.);
#1705=ORIENTED_EDGE('',*,*,#1157,.F.);
#1706=ORIENTED_EDGE('',*,*,#1280,.F.);
#1707=ORIENTED_EDGE('',*,*,#1126,.F.);
#1708=ORIENTED_EDGE('',*,*,#1279,.T.);
#1709=ORIENTED_EDGE('',*,*,#1161,.F.);
#1710=ORIENTED_EDGE('',*,*,#1281,.F.);
#1711=ORIENTED_EDGE('',*,*,#1127,.F.);
#1712=ORIENTED_EDGE('',*,*,#1280,.T.);
#1713=ORIENTED_EDGE('',*,*,#1194,.F.);
#1714=ORIENTED_EDGE('',*,*,#1282,.F.);
#1715=ORIENTED_EDGE('',*,*,#1128,.F.);
#1716=ORIENTED_EDGE('',*,*,#1281,.T.);
#1717=ORIENTED_EDGE('',*,*,#1192,.F.);
#1718=ORIENTED_EDGE('',*,*,#1198,.F.);
#1719=ORIENTED_EDGE('',*,*,#1129,.F.);
#1720=ORIENTED_EDGE('',*,*,#1282,.T.);
#1721=ORIENTED_EDGE('',*,*,#1184,.F.);
#1722=ORIENTED_EDGE('',*,*,#1278,.F.);
#1723=ORIENTED_EDGE('',*,*,#1137,.F.);
#1724=ORIENTED_EDGE('',*,*,#1204,.T.);
#1725=ORIENTED_EDGE('',*,*,#1259,.F.);
#1726=ORIENTED_EDGE('',*,*,#1267,.F.);
#1727=ORIENTED_EDGE('',*,*,#1283,.F.);
#1728=ORIENTED_EDGE('',*,*,#1284,.T.);
#1729=ORIENTED_EDGE('',*,*,#1253,.F.);
#1730=ORIENTED_EDGE('',*,*,#1285,.F.);
#1731=ORIENTED_EDGE('',*,*,#1152,.F.);
#1732=ORIENTED_EDGE('',*,*,#1276,.T.);
#1733=ORIENTED_EDGE('',*,*,#1233,.F.);
#1734=ORIENTED_EDGE('',*,*,#1284,.F.);
#1735=ORIENTED_EDGE('',*,*,#1286,.T.);
#1736=ORIENTED_EDGE('',*,*,#1287,.T.);
#1737=ORIENTED_EDGE('',*,*,#1288,.T.);
#1738=ORIENTED_EDGE('',*,*,#1286,.F.);
#1739=ORIENTED_EDGE('',*,*,#1283,.T.);
#1740=ORIENTED_EDGE('',*,*,#1266,.F.);
#1741=ORIENTED_EDGE('',*,*,#1269,.F.);
#1742=ORIENTED_EDGE('',*,*,#1271,.F.);
#1743=ORIENTED_EDGE('',*,*,#1289,.T.);
#1744=ORIENTED_EDGE('',*,*,#1290,.T.);
#1745=ORIENTED_EDGE('',*,*,#1291,.T.);
#1746=ORIENTED_EDGE('',*,*,#1292,.F.);
#1747=ORIENTED_EDGE('',*,*,#1143,.F.);
#1748=ORIENTED_EDGE('',*,*,#1293,.T.);
#1749=ORIENTED_EDGE('',*,*,#1294,.T.);
#1750=ORIENTED_EDGE('',*,*,#1293,.F.);
#1751=ORIENTED_EDGE('',*,*,#1146,.F.);
#1752=ORIENTED_EDGE('',*,*,#1295,.T.);
#1753=ORIENTED_EDGE('',*,*,#1296,.T.);
#1754=ORIENTED_EDGE('',*,*,#1295,.F.);
#1755=ORIENTED_EDGE('',*,*,#1145,.F.);
#1756=ORIENTED_EDGE('',*,*,#1297,.T.);
#1757=ORIENTED_EDGE('',*,*,#1298,.T.);
#1758=ORIENTED_EDGE('',*,*,#1297,.F.);
#1759=ORIENTED_EDGE('',*,*,#1144,.F.);
#1760=ORIENTED_EDGE('',*,*,#1292,.T.);
#1761=ORIENTED_EDGE('',*,*,#1299,.F.);
#1762=ORIENTED_EDGE('',*,*,#1300,.F.);
#1763=ORIENTED_EDGE('',*,*,#1301,.F.);
#1764=ORIENTED_EDGE('',*,*,#1302,.T.);
#1765=ORIENTED_EDGE('',*,*,#1303,.F.);
#1766=ORIENTED_EDGE('',*,*,#1302,.F.);
#1767=ORIENTED_EDGE('',*,*,#1304,.F.);
#1768=ORIENTED_EDGE('',*,*,#1305,.T.);
#1769=ORIENTED_EDGE('',*,*,#1306,.F.);
#1770=ORIENTED_EDGE('',*,*,#1305,.F.);
#1771=ORIENTED_EDGE('',*,*,#1307,.F.);
#1772=ORIENTED_EDGE('',*,*,#1308,.T.);
#1773=ORIENTED_EDGE('',*,*,#1309,.F.);
#1774=ORIENTED_EDGE('',*,*,#1308,.F.);
#1775=ORIENTED_EDGE('',*,*,#1310,.F.);
#1776=ORIENTED_EDGE('',*,*,#1300,.T.);
#1777=ORIENTED_EDGE('',*,*,#1304,.T.);
#1778=ORIENTED_EDGE('',*,*,#1301,.T.);
#1779=ORIENTED_EDGE('',*,*,#1310,.T.);
#1780=ORIENTED_EDGE('',*,*,#1307,.T.);
#1781=ORIENTED_EDGE('',*,*,#1298,.F.);
#1782=ORIENTED_EDGE('',*,*,#1291,.F.);
#1783=ORIENTED_EDGE('',*,*,#1294,.F.);
#1784=ORIENTED_EDGE('',*,*,#1296,.F.);
#1785=ORIENTED_EDGE('',*,*,#1311,.F.);
#1786=ORIENTED_EDGE('',*,*,#1312,.F.);
#1787=ORIENTED_EDGE('',*,*,#1262,.F.);
#1788=ORIENTED_EDGE('',*,*,#1313,.T.);
#1789=ORIENTED_EDGE('',*,*,#1314,.F.);
#1790=ORIENTED_EDGE('',*,*,#1313,.F.);
#1791=ORIENTED_EDGE('',*,*,#1264,.F.);
#1792=ORIENTED_EDGE('',*,*,#1315,.T.);
#1793=ORIENTED_EDGE('',*,*,#1316,.F.);
#1794=ORIENTED_EDGE('',*,*,#1315,.F.);
#1795=ORIENTED_EDGE('',*,*,#1226,.F.);
#1796=ORIENTED_EDGE('',*,*,#1317,.F.);
#1797=ORIENTED_EDGE('',*,*,#1312,.T.);
#1798=ORIENTED_EDGE('',*,*,#1318,.T.);
#1799=ORIENTED_EDGE('',*,*,#1319,.T.);
#1800=ORIENTED_EDGE('',*,*,#1320,.F.);
#1801=ORIENTED_EDGE('',*,*,#1321,.T.);
#1802=ORIENTED_EDGE('',*,*,#1260,.F.);
#1803=ORIENTED_EDGE('',*,*,#1322,.T.);
#1804=ORIENTED_EDGE('',*,*,#1323,.T.);
#1805=ORIENTED_EDGE('',*,*,#1324,.F.);
#1806=ORIENTED_EDGE('',*,*,#1325,.T.);
#1807=ORIENTED_EDGE('',*,*,#1326,.T.);
#1808=ORIENTED_EDGE('',*,*,#1327,.F.);
#1809=ORIENTED_EDGE('',*,*,#1328,.T.);
#1810=ORIENTED_EDGE('',*,*,#1329,.F.);
#1811=ORIENTED_EDGE('',*,*,#1330,.T.);
#1812=ORIENTED_EDGE('',*,*,#1331,.F.);
#1813=ORIENTED_EDGE('',*,*,#1332,.T.);
#1814=ORIENTED_EDGE('',*,*,#1333,.T.);
#1815=ORIENTED_EDGE('',*,*,#1334,.F.);
#1816=ORIENTED_EDGE('',*,*,#1319,.F.);
#1817=ORIENTED_EDGE('',*,*,#1335,.T.);
#1818=ORIENTED_EDGE('',*,*,#1336,.T.);
#1819=ORIENTED_EDGE('',*,*,#1337,.F.);
#1820=ORIENTED_EDGE('',*,*,#1333,.F.);
#1821=ORIENTED_EDGE('',*,*,#1338,.F.);
#1822=ORIENTED_EDGE('',*,*,#1339,.F.);
#1823=ORIENTED_EDGE('',*,*,#1340,.F.);
#1824=ORIENTED_EDGE('',*,*,#1336,.F.);
#1825=ORIENTED_EDGE('',*,*,#1316,.T.);
#1826=ORIENTED_EDGE('',*,*,#1341,.F.);
#1827=ORIENTED_EDGE('',*,*,#1338,.T.);
#1828=ORIENTED_EDGE('',*,*,#1335,.F.);
#1829=ORIENTED_EDGE('',*,*,#1332,.F.);
#1830=ORIENTED_EDGE('',*,*,#1318,.F.);
#1831=ORIENTED_EDGE('',*,*,#1311,.T.);
#1832=ORIENTED_EDGE('',*,*,#1314,.T.);
#1833=ORIENTED_EDGE('',*,*,#1342,.F.);
#1834=ORIENTED_EDGE('',*,*,#1154,.F.);
#1835=ORIENTED_EDGE('',*,*,#1343,.T.);
#1836=ORIENTED_EDGE('',*,*,#1344,.F.);
#1837=ORIENTED_EDGE('',*,*,#1345,.T.);
#1838=ORIENTED_EDGE('',*,*,#1147,.F.);
#1839=ORIENTED_EDGE('',*,*,#1342,.T.);
#1840=ORIENTED_EDGE('',*,*,#1346,.F.);
#1841=ORIENTED_EDGE('',*,*,#1324,.T.);
#1842=ORIENTED_EDGE('',*,*,#1347,.F.);
#1843=ORIENTED_EDGE('',*,*,#1348,.F.);
#1844=ORIENTED_EDGE('',*,*,#1289,.F.);
#1845=ORIENTED_EDGE('',*,*,#1349,.F.);
#1846=ORIENTED_EDGE('',*,*,#1350,.F.);
#1847=ORIENTED_EDGE('',*,*,#1329,.T.);
#1848=ORIENTED_EDGE('',*,*,#1351,.F.);
#1849=ORIENTED_EDGE('',*,*,#1317,.T.);
#1850=ORIENTED_EDGE('',*,*,#1229,.F.);
#1851=ORIENTED_EDGE('',*,*,#1352,.F.);
#1852=ORIENTED_EDGE('',*,*,#1353,.F.);
#1853=ORIENTED_EDGE('',*,*,#1339,.T.);
#1854=ORIENTED_EDGE('',*,*,#1341,.T.);
#1855=ORIENTED_EDGE('',*,*,#1354,.T.);
#1856=ORIENTED_EDGE('',*,*,#1355,.T.);
#1857=ORIENTED_EDGE('',*,*,#1320,.T.);
#1858=ORIENTED_EDGE('',*,*,#1334,.T.);
#1859=ORIENTED_EDGE('',*,*,#1337,.T.);
#1860=ORIENTED_EDGE('',*,*,#1340,.T.);
#1861=ORIENTED_EDGE('',*,*,#1353,.T.);
#1862=ORIENTED_EDGE('',*,*,#1356,.T.);
#1863=ORIENTED_EDGE('',*,*,#1357,.T.);
#1864=ORIENTED_EDGE('',*,*,#1358,.T.);
#1865=ORIENTED_EDGE('',*,*,#1359,.T.);
#1866=ORIENTED_EDGE('',*,*,#1360,.T.);
#1867=ORIENTED_EDGE('',*,*,#1361,.T.);
#1868=ORIENTED_EDGE('',*,*,#1351,.T.);
#1869=ORIENTED_EDGE('',*,*,#1362,.T.);
#1870=ORIENTED_EDGE('',*,*,#1363,.T.);
#1871=ORIENTED_EDGE('',*,*,#1350,.T.);
#1872=ORIENTED_EDGE('',*,*,#1364,.T.);
#1873=ORIENTED_EDGE('',*,*,#1365,.T.);
#1874=ORIENTED_EDGE('',*,*,#1366,.T.);
#1875=ORIENTED_EDGE('',*,*,#1347,.T.);
#1876=ORIENTED_EDGE('',*,*,#1367,.T.);
#1877=ORIENTED_EDGE('',*,*,#1346,.T.);
#1878=ORIENTED_EDGE('',*,*,#1344,.T.);
#1879=ORIENTED_EDGE('',*,*,#1368,.T.);
#1880=ORIENTED_EDGE('',*,*,#1369,.T.);
#1881=ORIENTED_EDGE('',*,*,#1370,.T.);
#1882=ORIENTED_EDGE('',*,*,#1371,.T.);
#1883=ORIENTED_EDGE('',*,*,#1372,.T.);
#1884=ORIENTED_EDGE('',*,*,#1373,.T.);
#1885=ORIENTED_EDGE('',*,*,#1374,.T.);
#1886=ORIENTED_EDGE('',*,*,#1375,.T.);
#1887=ORIENTED_EDGE('',*,*,#1376,.T.);
#1888=ORIENTED_EDGE('',*,*,#1377,.T.);
#1889=ORIENTED_EDGE('',*,*,#1378,.T.);
#1890=ORIENTED_EDGE('',*,*,#1306,.T.);
#1891=ORIENTED_EDGE('',*,*,#1309,.T.);
#1892=ORIENTED_EDGE('',*,*,#1299,.T.);
#1893=ORIENTED_EDGE('',*,*,#1303,.T.);
#1894=ORIENTED_EDGE('',*,*,#1343,.F.);
#1895=ORIENTED_EDGE('',*,*,#1153,.F.);
#1896=ORIENTED_EDGE('',*,*,#1379,.F.);
#1897=ORIENTED_EDGE('',*,*,#1354,.F.);
#1898=ORIENTED_EDGE('',*,*,#1327,.T.);
#1899=ORIENTED_EDGE('',*,*,#1368,.F.);
#1900=ORIENTED_EDGE('',*,*,#1380,.T.);
#1901=ORIENTED_EDGE('',*,*,#1288,.F.);
#1902=ORIENTED_EDGE('',*,*,#1381,.T.);
#1903=ORIENTED_EDGE('',*,*,#1360,.F.);
#1904=ORIENTED_EDGE('',*,*,#1331,.T.);
#1905=ORIENTED_EDGE('',*,*,#1357,.F.);
#1906=ORIENTED_EDGE('',*,*,#1381,.F.);
#1907=ORIENTED_EDGE('',*,*,#1290,.F.);
#1908=ORIENTED_EDGE('',*,*,#1348,.T.);
#1909=ORIENTED_EDGE('',*,*,#1361,.F.);
#1910=ORIENTED_EDGE('',*,*,#1376,.F.);
#1911=ORIENTED_EDGE('',*,*,#1382,.F.);
#1912=ORIENTED_EDGE('',*,*,#1383,.F.);
#1913=ORIENTED_EDGE('',*,*,#1384,.T.);
#1914=ORIENTED_EDGE('',*,*,#1377,.F.);
#1915=ORIENTED_EDGE('',*,*,#1384,.F.);
#1916=ORIENTED_EDGE('',*,*,#1385,.F.);
#1917=ORIENTED_EDGE('',*,*,#1386,.T.);
#1918=ORIENTED_EDGE('',*,*,#1374,.F.);
#1919=ORIENTED_EDGE('',*,*,#1386,.F.);
#1920=ORIENTED_EDGE('',*,*,#1387,.F.);
#1921=ORIENTED_EDGE('',*,*,#1388,.T.);
#1922=ORIENTED_EDGE('',*,*,#1375,.F.);
#1923=ORIENTED_EDGE('',*,*,#1388,.F.);
#1924=ORIENTED_EDGE('',*,*,#1389,.F.);
#1925=ORIENTED_EDGE('',*,*,#1382,.T.);
#1926=ORIENTED_EDGE('',*,*,#1390,.F.);
#1927=ORIENTED_EDGE('',*,*,#1391,.T.);
#1928=ORIENTED_EDGE('',*,*,#1370,.F.);
#1929=ORIENTED_EDGE('',*,*,#1391,.F.);
#1930=ORIENTED_EDGE('',*,*,#1390,.T.);
#1931=ORIENTED_EDGE('',*,*,#1392,.F.);
#1932=ORIENTED_EDGE('',*,*,#1393,.T.);
#1933=ORIENTED_EDGE('',*,*,#1362,.F.);
#1934=ORIENTED_EDGE('',*,*,#1328,.F.);
#1935=ORIENTED_EDGE('',*,*,#1363,.F.);
#1936=ORIENTED_EDGE('',*,*,#1393,.F.);
#1937=ORIENTED_EDGE('',*,*,#1392,.T.);
#1938=ORIENTED_EDGE('',*,*,#1394,.F.);
#1939=ORIENTED_EDGE('',*,*,#1395,.T.);
#1940=ORIENTED_EDGE('',*,*,#1322,.F.);
#1941=ORIENTED_EDGE('',*,*,#1367,.F.);
#1942=ORIENTED_EDGE('',*,*,#1323,.F.);
#1943=ORIENTED_EDGE('',*,*,#1395,.F.);
#1944=ORIENTED_EDGE('',*,*,#1394,.T.);
#1945=ORIENTED_EDGE('',*,*,#1396,.F.);
#1946=ORIENTED_EDGE('',*,*,#1397,.T.);
#1947=ORIENTED_EDGE('',*,*,#1358,.F.);
#1948=ORIENTED_EDGE('',*,*,#1330,.F.);
#1949=ORIENTED_EDGE('',*,*,#1359,.F.);
#1950=ORIENTED_EDGE('',*,*,#1397,.F.);
#1951=ORIENTED_EDGE('',*,*,#1396,.T.);
#1952=ORIENTED_EDGE('',*,*,#1398,.F.);
#1953=ORIENTED_EDGE('',*,*,#1399,.T.);
#1954=ORIENTED_EDGE('',*,*,#1325,.F.);
#1955=ORIENTED_EDGE('',*,*,#1369,.F.);
#1956=ORIENTED_EDGE('',*,*,#1326,.F.);
#1957=ORIENTED_EDGE('',*,*,#1399,.F.);
#1958=ORIENTED_EDGE('',*,*,#1398,.T.);
#1959=ORIENTED_EDGE('',*,*,#1400,.F.);
#1960=ORIENTED_EDGE('',*,*,#1401,.T.);
#1961=ORIENTED_EDGE('',*,*,#1373,.F.);
#1962=ORIENTED_EDGE('',*,*,#1401,.F.);
#1963=ORIENTED_EDGE('',*,*,#1400,.T.);
#1964=ORIENTED_EDGE('',*,*,#1402,.F.);
#1965=ORIENTED_EDGE('',*,*,#1403,.T.);
#1966=ORIENTED_EDGE('',*,*,#1372,.F.);
#1967=ORIENTED_EDGE('',*,*,#1403,.F.);
#1968=ORIENTED_EDGE('',*,*,#1402,.T.);
#1969=ORIENTED_EDGE('',*,*,#1404,.F.);
#1970=ORIENTED_EDGE('',*,*,#1405,.T.);
#1971=ORIENTED_EDGE('',*,*,#1371,.F.);
#1972=ORIENTED_EDGE('',*,*,#1405,.F.);
#1973=ORIENTED_EDGE('',*,*,#1404,.T.);
#1974=ORIENTED_EDGE('',*,*,#1406,.F.);
#1975=ORIENTED_EDGE('',*,*,#1244,.F.);
#1976=ORIENTED_EDGE('',*,*,#1273,.F.);
#1977=ORIENTED_EDGE('',*,*,#1345,.F.);
#1978=ORIENTED_EDGE('',*,*,#1366,.F.);
#1979=ORIENTED_EDGE('',*,*,#1379,.T.);
#1980=ORIENTED_EDGE('',*,*,#1285,.T.);
#1981=ORIENTED_EDGE('',*,*,#1255,.F.);
#1982=ORIENTED_EDGE('',*,*,#1321,.F.);
#1983=ORIENTED_EDGE('',*,*,#1355,.F.);
#1984=ORIENTED_EDGE('',*,*,#1352,.T.);
#1985=ORIENTED_EDGE('',*,*,#1231,.F.);
#1986=ORIENTED_EDGE('',*,*,#1287,.F.);
#1987=ORIENTED_EDGE('',*,*,#1380,.F.);
#1988=ORIENTED_EDGE('',*,*,#1356,.F.);
#1989=ORIENTED_EDGE('',*,*,#1349,.T.);
#1990=ORIENTED_EDGE('',*,*,#1270,.T.);
#1991=ORIENTED_EDGE('',*,*,#1240,.F.);
#1992=ORIENTED_EDGE('',*,*,#1407,.F.);
#1993=ORIENTED_EDGE('',*,*,#1364,.F.);
#1994=ORIENTED_EDGE('',*,*,#1407,.T.);
#1995=ORIENTED_EDGE('',*,*,#1242,.F.);
#1996=ORIENTED_EDGE('',*,*,#1406,.T.);
#1997=ORIENTED_EDGE('',*,*,#1365,.F.);
#1998=ORIENTED_EDGE('',*,*,#1408,.T.);
#1999=ORIENTED_EDGE('',*,*,#1409,.T.);
#2000=ORIENTED_EDGE('',*,*,#1410,.T.);
#2001=ORIENTED_EDGE('',*,*,#1411,.F.);
#2002=ORIENTED_EDGE('',*,*,#1412,.T.);
#2003=ORIENTED_EDGE('',*,*,#1413,.T.);
#2004=ORIENTED_EDGE('',*,*,#1414,.T.);
#2005=ORIENTED_EDGE('',*,*,#1409,.F.);
#2006=ORIENTED_EDGE('',*,*,#1415,.T.);
#2007=ORIENTED_EDGE('',*,*,#1416,.T.);
#2008=ORIENTED_EDGE('',*,*,#1417,.T.);
#2009=ORIENTED_EDGE('',*,*,#1413,.F.);
#2010=ORIENTED_EDGE('',*,*,#1418,.T.);
#2011=ORIENTED_EDGE('',*,*,#1416,.F.);
#2012=ORIENTED_EDGE('',*,*,#1419,.T.);
#2013=ORIENTED_EDGE('',*,*,#1411,.T.);
#2014=ORIENTED_EDGE('',*,*,#1418,.F.);
#2015=ORIENTED_EDGE('',*,*,#1420,.F.);
#2016=ORIENTED_EDGE('',*,*,#1139,.F.);
#2017=ORIENTED_EDGE('',*,*,#1421,.T.);
#2018=ORIENTED_EDGE('',*,*,#1410,.F.);
#2019=ORIENTED_EDGE('',*,*,#1422,.F.);
#2020=ORIENTED_EDGE('',*,*,#1140,.F.);
#2021=ORIENTED_EDGE('',*,*,#1420,.T.);
#2022=ORIENTED_EDGE('',*,*,#1408,.F.);
#2023=ORIENTED_EDGE('',*,*,#1419,.F.);
#2024=ORIENTED_EDGE('',*,*,#1415,.F.);
#2025=ORIENTED_EDGE('',*,*,#1412,.F.);
#2026=ORIENTED_EDGE('',*,*,#1423,.T.);
#2027=ORIENTED_EDGE('',*,*,#1424,.T.);
#2028=ORIENTED_EDGE('',*,*,#1425,.T.);
#2029=ORIENTED_EDGE('',*,*,#1426,.T.);
#2030=ORIENTED_EDGE('',*,*,#1427,.F.);
#2031=ORIENTED_EDGE('',*,*,#1428,.T.);
#2032=ORIENTED_EDGE('',*,*,#1423,.F.);
#2033=ORIENTED_EDGE('',*,*,#1429,.F.);
#2034=ORIENTED_EDGE('',*,*,#1430,.F.);
#2035=ORIENTED_EDGE('',*,*,#1431,.T.);
#2036=ORIENTED_EDGE('',*,*,#1424,.F.);
#2037=ORIENTED_EDGE('',*,*,#1428,.F.);
#2038=ORIENTED_EDGE('',*,*,#1432,.F.);
#2039=ORIENTED_EDGE('',*,*,#1433,.T.);
#2040=ORIENTED_EDGE('',*,*,#1425,.F.);
#2041=ORIENTED_EDGE('',*,*,#1431,.F.);
#2042=ORIENTED_EDGE('',*,*,#1434,.F.);
#2043=ORIENTED_EDGE('',*,*,#1429,.T.);
#2044=ORIENTED_EDGE('',*,*,#1426,.F.);
#2045=ORIENTED_EDGE('',*,*,#1433,.F.);
#2046=ORIENTED_EDGE('',*,*,#1414,.F.);
#2047=ORIENTED_EDGE('',*,*,#1435,.F.);
#2048=ORIENTED_EDGE('',*,*,#1141,.F.);
#2049=ORIENTED_EDGE('',*,*,#1422,.T.);
#2050=ORIENTED_EDGE('',*,*,#1417,.F.);
#2051=ORIENTED_EDGE('',*,*,#1421,.F.);
#2052=ORIENTED_EDGE('',*,*,#1142,.F.);
#2053=ORIENTED_EDGE('',*,*,#1435,.T.);
#2054=ORIENTED_EDGE('',*,*,#1383,.T.);
#2055=ORIENTED_EDGE('',*,*,#1389,.T.);
#2056=ORIENTED_EDGE('',*,*,#1387,.T.);
#2057=ORIENTED_EDGE('',*,*,#1385,.T.);
#2058=ORIENTED_EDGE('',*,*,#1427,.T.);
#2059=ORIENTED_EDGE('',*,*,#1434,.T.);
#2060=ORIENTED_EDGE('',*,*,#1432,.T.);
#2061=ORIENTED_EDGE('',*,*,#1430,.T.);
#2062=ORIENTED_EDGE('',*,*,#1436,.F.);
#2063=ORIENTED_EDGE('',*,*,#1437,.T.);
#2064=ORIENTED_EDGE('',*,*,#1378,.F.);
#2065=ORIENTED_EDGE('',*,*,#1437,.F.);
#2066=ORIENTED_EDGE('',*,*,#1438,.F.);
#2067=ORIENTED_EDGE('',*,*,#1439,.T.);
#2068=ORIENTED_EDGE('',*,*,#1138,.T.);
#2069=ORIENTED_EDGE('',*,*,#1439,.F.);
#2070=ORIENTED_EDGE('',*,*,#1438,.T.);
#2071=ORIENTED_EDGE('',*,*,#1436,.T.);
#2072=PLANE('',#2332);
#2073=PLANE('',#2334);
#2074=PLANE('',#2335);
#2075=PLANE('',#2336);
#2076=PLANE('',#2337);
#2077=PLANE('',#2338);
#2078=PLANE('',#2339);
#2079=PLANE('',#2340);
#2080=PLANE('',#2341);
#2081=PLANE('',#2342);
#2082=PLANE('',#2343);
#2083=PLANE('',#2344);
#2084=PLANE('',#2345);
#2085=PLANE('',#2346);
#2086=PLANE('',#2347);
#2087=PLANE('',#2348);
#2088=PLANE('',#2349);
#2089=PLANE('',#2350);
#2090=PLANE('',#2351);
#2091=PLANE('',#2352);
#2092=PLANE('',#2353);
#2093=PLANE('',#2354);
#2094=PLANE('',#2355);
#2095=PLANE('',#2356);
#2096=PLANE('',#2357);
#2097=PLANE('',#2358);
#2098=PLANE('',#2359);
#2099=PLANE('',#2360);
#2100=PLANE('',#2361);
#2101=PLANE('',#2362);
#2102=PLANE('',#2363);
#2103=PLANE('',#2364);
#2104=PLANE('',#2365);
#2105=PLANE('',#2366);
#2106=PLANE('',#2367);
#2107=PLANE('',#2368);
#2108=PLANE('',#2369);
#2109=PLANE('',#2370);
#2110=PLANE('',#2371);
#2111=PLANE('',#2372);
#2112=PLANE('',#2373);
#2113=PLANE('',#2374);
#2114=PLANE('',#2375);
#2115=PLANE('',#2376);
#2116=PLANE('',#2377);
#2117=PLANE('',#2378);
#2118=PLANE('',#2379);
#2119=PLANE('',#2380);
#2120=PLANE('',#2381);
#2121=PLANE('',#2382);
#2122=PLANE('',#2383);
#2123=PLANE('',#2384);
#2124=PLANE('',#2385);
#2125=PLANE('',#2386);
#2126=PLANE('',#2387);
#2127=PLANE('',#2388);
#2128=PLANE('',#2389);
#2129=PLANE('',#2390);
#2130=PLANE('',#2391);
#2131=PLANE('',#2392);
#2132=PLANE('',#2393);
#2133=PLANE('',#2394);
#2134=PLANE('',#2395);
#2135=PLANE('',#2396);
#2136=PLANE('',#2397);
#2137=PLANE('',#2398);
#2138=PLANE('',#2399);
#2139=PLANE('',#2400);
#2140=PLANE('',#2403);
#2141=PLANE('',#2406);
#2142=PLANE('',#2408);
#2143=PLANE('',#2410);
#2144=PLANE('',#2411);
#2145=PLANE('',#2412);
#2146=PLANE('',#2413);
#2147=PLANE('',#2414);
#2148=PLANE('',#2415);
#2149=PLANE('',#2416);
#2150=PLANE('',#2417);
#2151=PLANE('',#2429);
#2152=PLANE('',#2430);
#2153=PLANE('',#2431);
#2154=PLANE('',#2432);
#2155=PLANE('',#2433);
#2156=PLANE('',#2434);
#2157=PLANE('',#2437);
#2158=PLANE('',#2440);
#2159=PLANE('',#2443);
#2160=PLANE('',#2446);
#2161=PLANE('',#2449);
#2162=PLANE('',#2452);
#2163=PLANE('',#2455);
#2164=PLANE('',#2458);
#2165=PLANE('',#2459);
#2166=PLANE('',#2460);
#2167=PLANE('',#2461);
#2168=PLANE('',#2462);
#2169=PLANE('',#2463);
#2170=PLANE('',#2464);
#2171=PLANE('',#2465);
#2172=PLANE('',#2466);
#2173=PLANE('',#2467);
#2174=PLANE('',#2468);
#2175=PLANE('',#2469);
#2176=PLANE('',#2470);
#2177=PLANE('',#2471);
#2178=PLANE('',#2472);
#2179=PLANE('',#2473);
#2180=PLANE('',#2474);
#2181=PLANE('',#2475);
#2182=PLANE('',#2476);
#2183=PLANE('',#2477);
#2184=PLANE('',#2482);
#2185=ADVANCED_FACE('',(#93,#50,#51,#52),#2072,.T.);
#2186=ADVANCED_FACE('',(#94),#2073,.F.);
#2187=ADVANCED_FACE('',(#95),#2074,.T.);
#2188=ADVANCED_FACE('',(#96),#2075,.T.);
#2189=ADVANCED_FACE('',(#97),#2076,.T.);
#2190=ADVANCED_FACE('',(#98),#2077,.T.);
#2191=ADVANCED_FACE('',(#99),#2078,.T.);
#2192=ADVANCED_FACE('',(#100),#2079,.T.);
#2193=ADVANCED_FACE('',(#101),#2080,.T.);
#2194=ADVANCED_FACE('',(#102),#38,.T.);
#2195=ADVANCED_FACE('',(#103),#2081,.T.);
#2196=ADVANCED_FACE('',(#104),#2082,.T.);
#2197=ADVANCED_FACE('',(#105),#2083,.T.);
#2198=ADVANCED_FACE('',(#106),#39,.T.);
#2199=ADVANCED_FACE('',(#107),#2084,.T.);
#2200=ADVANCED_FACE('',(#108),#2085,.T.);
#2201=ADVANCED_FACE('',(#109),#2086,.T.);
#2202=ADVANCED_FACE('',(#110),#2087,.T.);
#2203=ADVANCED_FACE('',(#111),#2088,.T.);
#2204=ADVANCED_FACE('',(#112),#2089,.T.);
#2205=ADVANCED_FACE('',(#113),#2090,.T.);
#2206=ADVANCED_FACE('',(#114),#40,.T.);
#2207=ADVANCED_FACE('',(#115),#2091,.T.);
#2208=ADVANCED_FACE('',(#116,#53),#2092,.T.);
#2209=ADVANCED_FACE('',(#117),#2093,.T.);
#2210=ADVANCED_FACE('',(#118),#2094,.T.);
#2211=ADVANCED_FACE('',(#119),#2095,.T.);
#2212=ADVANCED_FACE('',(#120),#2096,.T.);
#2213=ADVANCED_FACE('',(#121),#2097,.T.);
#2214=ADVANCED_FACE('',(#122),#2098,.T.);
#2215=ADVANCED_FACE('',(#123),#2099,.T.);
#2216=ADVANCED_FACE('',(#124),#2100,.T.);
#2217=ADVANCED_FACE('',(#125),#2101,.T.);
#2218=ADVANCED_FACE('',(#126),#2102,.T.);
#2219=ADVANCED_FACE('',(#127),#2103,.T.);
#2220=ADVANCED_FACE('',(#128),#41,.T.);
#2221=ADVANCED_FACE('',(#129),#2104,.T.);
#2222=ADVANCED_FACE('',(#130),#2105,.T.);
#2223=ADVANCED_FACE('',(#131),#2106,.T.);
#2224=ADVANCED_FACE('',(#132),#42,.T.);
#2225=ADVANCED_FACE('',(#133),#2107,.T.);
#2226=ADVANCED_FACE('',(#134),#2108,.T.);
#2227=ADVANCED_FACE('',(#135),#2109,.T.);
#2228=ADVANCED_FACE('',(#136),#2110,.T.);
#2229=ADVANCED_FACE('',(#137),#43,.T.);
#2230=ADVANCED_FACE('',(#138),#2111,.T.);
#2231=ADVANCED_FACE('',(#139),#2112,.T.);
#2232=ADVANCED_FACE('',(#140),#2113,.T.);
#2233=ADVANCED_FACE('',(#141),#2114,.T.);
#2234=ADVANCED_FACE('',(#142),#44,.T.);
#2235=ADVANCED_FACE('',(#143),#2115,.T.);
#2236=ADVANCED_FACE('',(#144),#2116,.T.);
#2237=ADVANCED_FACE('',(#145),#2117,.T.);
#2238=ADVANCED_FACE('',(#146),#2118,.T.);
#2239=ADVANCED_FACE('',(#147),#2119,.T.);
#2240=ADVANCED_FACE('',(#148),#2120,.T.);
#2241=ADVANCED_FACE('',(#149),#45,.T.);
#2242=ADVANCED_FACE('',(#150),#2121,.T.);
#2243=ADVANCED_FACE('',(#151),#2122,.T.);
#2244=ADVANCED_FACE('',(#152),#2123,.T.);
#2245=ADVANCED_FACE('',(#153),#2124,.T.);
#2246=ADVANCED_FACE('',(#154),#2125,.F.);
#2247=ADVANCED_FACE('',(#155),#2126,.F.);
#2248=ADVANCED_FACE('',(#156),#2127,.F.);
#2249=ADVANCED_FACE('',(#157),#2128,.F.);
#2250=ADVANCED_FACE('',(#158),#2129,.F.);
#2251=ADVANCED_FACE('',(#159),#2130,.F.);
#2252=ADVANCED_FACE('',(#160),#2131,.F.);
#2253=ADVANCED_FACE('',(#161),#2132,.F.);
#2254=ADVANCED_FACE('',(#162),#2133,.F.);
#2255=ADVANCED_FACE('',(#163,#54),#2134,.F.);
#2256=ADVANCED_FACE('',(#164),#2135,.F.);
#2257=ADVANCED_FACE('',(#165),#2136,.F.);
#2258=ADVANCED_FACE('',(#166),#2137,.F.);
#2259=ADVANCED_FACE('',(#167),#2138,.T.);
#2260=ADVANCED_FACE('',(#168),#2139,.T.);
#2261=ADVANCED_FACE('',(#169),#2140,.T.);
#2262=ADVANCED_FACE('',(#170),#2141,.T.);
#2263=ADVANCED_FACE('',(#171),#2142,.T.);
#2264=ADVANCED_FACE('',(#172),#2143,.F.);
#2265=ADVANCED_FACE('',(#173),#2144,.F.);
#2266=ADVANCED_FACE('',(#174),#2145,.F.);
#2267=ADVANCED_FACE('',(#175),#2146,.F.);
#2268=ADVANCED_FACE('',(#176),#36,.F.);
#2269=ADVANCED_FACE('',(#177),#2147,.F.);
#2270=ADVANCED_FACE('',(#178),#2148,.F.);
#2271=ADVANCED_FACE('',(#179),#2149,.T.);
#2272=ADVANCED_FACE('',(#180,#55,#56,#57,#58,#59,#60,#61),#2150,.T.);
#2273=ADVANCED_FACE('',(#181),#2151,.F.);
#2274=ADVANCED_FACE('',(#182),#2152,.F.);
#2275=ADVANCED_FACE('',(#183),#37,.F.);
#2276=ADVANCED_FACE('',(#184),#2153,.F.);
#2277=ADVANCED_FACE('',(#185),#2154,.F.);
#2278=ADVANCED_FACE('',(#186),#2155,.F.);
#2279=ADVANCED_FACE('',(#187),#2156,.F.);
#2280=ADVANCED_FACE('',(#188),#26,.T.);
#2281=ADVANCED_FACE('',(#189),#2157,.F.);
#2282=ADVANCED_FACE('',(#190),#27,.T.);
#2283=ADVANCED_FACE('',(#191),#2158,.F.);
#2284=ADVANCED_FACE('',(#192),#28,.T.);
#2285=ADVANCED_FACE('',(#193),#2159,.F.);
#2286=ADVANCED_FACE('',(#194),#29,.T.);
#2287=ADVANCED_FACE('',(#195),#2160,.F.);
#2288=ADVANCED_FACE('',(#196),#30,.T.);
#2289=ADVANCED_FACE('',(#197),#2161,.F.);
#2290=ADVANCED_FACE('',(#198),#31,.T.);
#2291=ADVANCED_FACE('',(#199),#2162,.F.);
#2292=ADVANCED_FACE('',(#200),#32,.T.);
#2293=ADVANCED_FACE('',(#201),#2163,.F.);
#2294=ADVANCED_FACE('',(#202),#33,.T.);
#2295=ADVANCED_FACE('',(#203),#2164,.F.);
#2296=ADVANCED_FACE('',(#204),#2165,.T.);
#2297=ADVANCED_FACE('',(#205),#2166,.T.);
#2298=ADVANCED_FACE('',(#206),#2167,.T.);
#2299=ADVANCED_FACE('',(#207),#2168,.T.);
#2300=ADVANCED_FACE('',(#208),#2169,.T.);
#2301=ADVANCED_FACE('',(#209),#2170,.T.);
#2302=ADVANCED_FACE('',(#210),#2171,.T.);
#2303=ADVANCED_FACE('',(#211),#2172,.T.);
#2304=ADVANCED_FACE('',(#212),#2173,.T.);
#2305=ADVANCED_FACE('',(#213),#2174,.T.);
#2306=ADVANCED_FACE('',(#214),#2175,.T.);
#2307=ADVANCED_FACE('',(#215,#62),#2176,.T.);
#2308=ADVANCED_FACE('',(#216),#2177,.F.);
#2309=ADVANCED_FACE('',(#217),#2178,.F.);
#2310=ADVANCED_FACE('',(#218),#2179,.F.);
#2311=ADVANCED_FACE('',(#219),#2180,.F.);
#2312=ADVANCED_FACE('',(#220),#2181,.T.);
#2313=ADVANCED_FACE('',(#221),#2182,.T.);
#2314=ADVANCED_FACE('',(#222,#63),#2183,.F.);
#2315=ADVANCED_FACE('',(#223),#34,.F.);
#2316=ADVANCED_FACE('',(#224),#35,.T.);
#2317=ADVANCED_FACE('',(#225,#64),#2184,.T.);
#2318=CLOSED_SHELL('',(#2185,#2186,#2187,#2188,#2189,#2190,#2191,#2192,
#2193,#2194,#2195,#2196,#2197,#2198,#2199,#2200,#2201,#2202,#2203,#2204,
#2205,#2206,#2207,#2208,#2209,#2210,#2211,#2212,#2213,#2214,#2215,#2216,
#2217,#2218,#2219,#2220,#2221,#2222,#2223,#2224,#2225,#2226,#2227,#2228,
#2229,#2230,#2231,#2232,#2233,#2234,#2235,#2236,#2237,#2238,#2239,#2240,
#2241,#2242,#2243,#2244,#2245,#2246,#2247,#2248,#2249,#2250,#2251,#2252,
#2253,#2254,#2255,#2256,#2257,#2258,#2259,#2260,#2261,#2262,#2263,#2264,
#2265,#2266,#2267,#2268,#2269,#2270,#2271,#2272,#2273,#2274,#2275,#2276,
#2277,#2278,#2279,#2280,#2281,#2282,#2283,#2284,#2285,#2286,#2287,#2288,
#2289,#2290,#2291,#2292,#2293,#2294,#2295,#2296,#2297,#2298,#2299,#2300,
#2301,#2302,#2303,#2304,#2305,#2306,#2307,#2308,#2309,#2310,#2311,#2312,
#2313,#2314,#2315,#2316,#2317));
#2319=DERIVED_UNIT_ELEMENT(#2321,1.);
#2320=DERIVED_UNIT_ELEMENT(#4020,-3.);
#2321=(
MASS_UNIT()
NAMED_UNIT(*)
SI_UNIT(.KILO.,.GRAM.)
);
#2322=DERIVED_UNIT((#2319,#2320));
#2323=MEASURE_REPRESENTATION_ITEM('density measure',
POSITIVE_RATIO_MEASURE(7850.),#2322);
#2324=PROPERTY_DEFINITION_REPRESENTATION(#2329,#2326);
#2325=PROPERTY_DEFINITION_REPRESENTATION(#2330,#2327);
#2326=REPRESENTATION('material name',(#2328),#4017);
#2327=REPRESENTATION('density',(#2323),#4017);
#2328=DESCRIPTIVE_REPRESENTATION_ITEM('Steel','Steel');
#2329=PROPERTY_DEFINITION('material property','material name',#4027);
#2330=PROPERTY_DEFINITION('material property','density of part',#4027);
#2331=AXIS2_PLACEMENT_3D('',#3059,#2483,#2484);
#2332=AXIS2_PLACEMENT_3D('',#3060,#2485,#2486);
#2333=AXIS2_PLACEMENT_3D('',#3105,#2499,#2500);
#2334=AXIS2_PLACEMENT_3D('',#3122,#2509,#2510);
#2335=AXIS2_PLACEMENT_3D('',#3154,#2517,#2518);
#2336=AXIS2_PLACEMENT_3D('',#3163,#2523,#2524);
#2337=AXIS2_PLACEMENT_3D('',#3169,#2528,#2529);
#2338=AXIS2_PLACEMENT_3D('',#3178,#2534,#2535);
#2339=AXIS2_PLACEMENT_3D('',#3184,#2539,#2540);
#2340=AXIS2_PLACEMENT_3D('',#3190,#2544,#2545);
#2341=AXIS2_PLACEMENT_3D('',#3196,#2549,#2550);
#2342=AXIS2_PLACEMENT_3D('',#3244,#2556,#2557);
#2343=AXIS2_PLACEMENT_3D('',#3247,#2560,#2561);
#2344=AXIS2_PLACEMENT_3D('',#3253,#2565,#2566);
#2345=AXIS2_PLACEMENT_3D('',#3304,#2571,#2572);
#2346=AXIS2_PLACEMENT_3D('',#3307,#2575,#2576);
#2347=AXIS2_PLACEMENT_3D('',#3310,#2579,#2580);
#2348=AXIS2_PLACEMENT_3D('',#3313,#2583,#2584);
#2349=AXIS2_PLACEMENT_3D('',#3315,#2586,#2587);
#2350=AXIS2_PLACEMENT_3D('',#3317,#2589,#2590);
#2351=AXIS2_PLACEMENT_3D('',#3319,#2592,#2593);
#2352=AXIS2_PLACEMENT_3D('',#3336,#2596,#2597);
#2353=AXIS2_PLACEMENT_3D('',#3338,#2599,#2600);
#2354=AXIS2_PLACEMENT_3D('',#3390,#2619,#2620);
#2355=AXIS2_PLACEMENT_3D('',#3396,#2624,#2625);
#2356=AXIS2_PLACEMENT_3D('',#3400,#2628,#2629);
#2357=AXIS2_PLACEMENT_3D('',#3404,#2632,#2633);
#2358=AXIS2_PLACEMENT_3D('',#3408,#2636,#2637);
#2359=AXIS2_PLACEMENT_3D('',#3414,#2641,#2642);
#2360=AXIS2_PLACEMENT_3D('',#3418,#2645,#2646);
#2361=AXIS2_PLACEMENT_3D('',#3422,#2649,#2650);
#2362=AXIS2_PLACEMENT_3D('',#3426,#2653,#2654);
#2363=AXIS2_PLACEMENT_3D('',#3430,#2657,#2658);
#2364=AXIS2_PLACEMENT_3D('',#3434,#2661,#2662);
#2365=AXIS2_PLACEMENT_3D('',#3472,#2667,#2668);
#2366=AXIS2_PLACEMENT_3D('',#3474,#2670,#2671);
#2367=AXIS2_PLACEMENT_3D('',#3478,#2674,#2675);
#2368=AXIS2_PLACEMENT_3D('',#3519,#2679,#2680);
#2369=AXIS2_PLACEMENT_3D('',#3521,#2682,#2683);
#2370=AXIS2_PLACEMENT_3D('',#3525,#2686,#2687);
#2371=AXIS2_PLACEMENT_3D('',#3529,#2690,#2691);
#2372=AXIS2_PLACEMENT_3D('',#3565,#2695,#2696);
#2373=AXIS2_PLACEMENT_3D('',#3569,#2699,#2700);
#2374=AXIS2_PLACEMENT_3D('',#3573,#2703,#2704);
#2375=AXIS2_PLACEMENT_3D('',#3576,#2707,#2708);
#2376=AXIS2_PLACEMENT_3D('',#3593,#2711,#2712);
#2377=AXIS2_PLACEMENT_3D('',#3595,#2714,#2715);
#2378=AXIS2_PLACEMENT_3D('',#3598,#2718,#2719);
#2379=AXIS2_PLACEMENT_3D('',#3600,#2721,#2722);
#2380=AXIS2_PLACEMENT_3D('',#3602,#2724,#2725);
#2381=AXIS2_PLACEMENT_3D('',#3604,#2727,#2728);
#2382=AXIS2_PLACEMENT_3D('',#3626,#2730,#2731);
#2383=AXIS2_PLACEMENT_3D('',#3627,#2732,#2733);
#2384=AXIS2_PLACEMENT_3D('',#3631,#2736,#2737);
#2385=AXIS2_PLACEMENT_3D('',#3633,#2739,#2740);
#2386=AXIS2_PLACEMENT_3D('',#3637,#2743,#2744);
#2387=AXIS2_PLACEMENT_3D('',#3652,#2747,#2748);
#2388=AXIS2_PLACEMENT_3D('',#3658,#2752,#2753);
#2389=AXIS2_PLACEMENT_3D('',#3662,#2756,#2757);
#2390=AXIS2_PLACEMENT_3D('',#3666,#2760,#2761);
#2391=AXIS2_PLACEMENT_3D('',#3668,#2763,#2764);
#2392=AXIS2_PLACEMENT_3D('',#3677,#2769,#2770);
#2393=AXIS2_PLACEMENT_3D('',#3683,#2774,#2775);
#2394=AXIS2_PLACEMENT_3D('',#3689,#2779,#2780);
#2395=AXIS2_PLACEMENT_3D('',#3692,#2783,#2784);
#2396=AXIS2_PLACEMENT_3D('',#3693,#2785,#2786);
#2397=AXIS2_PLACEMENT_3D('',#3699,#2790,#2791);
#2398=AXIS2_PLACEMENT_3D('',#3703,#2794,#2795);
#2399=AXIS2_PLACEMENT_3D('',#3707,#2798,#2799);
#2400=AXIS2_PLACEMENT_3D('',#3715,#2804,#2805);
#2401=AXIS2_PLACEMENT_3D('',#3718,#2806,#2807);
#2402=AXIS2_PLACEMENT_3D('',#3720,#2808,#2809);
#2403=AXIS2_PLACEMENT_3D('',#3722,#2811,#2812);
#2404=AXIS2_PLACEMENT_3D('',#3725,#2813,#2814);
#2405=AXIS2_PLACEMENT_3D('',#3727,#2815,#2816);
#2406=AXIS2_PLACEMENT_3D('',#3729,#2818,#2819);
#2407=AXIS2_PLACEMENT_3D('',#3732,#2820,#2821);
#2408=AXIS2_PLACEMENT_3D('',#3734,#2823,#2824);
#2409=AXIS2_PLACEMENT_3D('',#3737,#2825,#2826);
#2410=AXIS2_PLACEMENT_3D('',#3739,#2828,#2829);
#2411=AXIS2_PLACEMENT_3D('',#3745,#2833,#2834);
#2412=AXIS2_PLACEMENT_3D('',#3751,#2838,#2839);
#2413=AXIS2_PLACEMENT_3D('',#3757,#2843,#2844);
#2414=AXIS2_PLACEMENT_3D('',#3793,#2848,#2849);
#2415=AXIS2_PLACEMENT_3D('',#3798,#2853,#2854);
#2416=AXIS2_PLACEMENT_3D('',#3805,#2859,#2860);
#2417=AXIS2_PLACEMENT_3D('',#3809,#2863,#2864);
#2418=AXIS2_PLACEMENT_3D('',#3817,#2869,#2870);
#2419=AXIS2_PLACEMENT_3D('',#3818,#2871,#2872);
#2420=AXIS2_PLACEMENT_3D('',#3832,#2874,#2875);
#2421=AXIS2_PLACEMENT_3D('',#3833,#2876,#2877);
#2422=AXIS2_PLACEMENT_3D('',#3839,#2881,#2882);
#2423=AXIS2_PLACEMENT_3D('',#3841,#2884,#2885);
#2424=AXIS2_PLACEMENT_3D('',#3843,#2886,#2887);
#2425=AXIS2_PLACEMENT_3D('',#3845,#2888,#2889);
#2426=AXIS2_PLACEMENT_3D('',#3847,#2890,#2891);
#2427=AXIS2_PLACEMENT_3D('',#3849,#2892,#2893);
#2428=AXIS2_PLACEMENT_3D('',#3859,#2898,#2899);
#2429=AXIS2_PLACEMENT_3D('',#3860,#2900,#2901);
#2430=AXIS2_PLACEMENT_3D('',#3862,#2903,#2904);
#2431=AXIS2_PLACEMENT_3D('',#3885,#2907,#2908);
#2432=AXIS2_PLACEMENT_3D('',#3891,#2912,#2913);
#2433=AXIS2_PLACEMENT_3D('',#3895,#2916,#2917);
#2434=AXIS2_PLACEMENT_3D('',#3899,#2920,#2921);
#2435=AXIS2_PLACEMENT_3D('',#3901,#2923,#2924);
#2436=AXIS2_PLACEMENT_3D('',#3903,#2925,#2926);
#2437=AXIS2_PLACEMENT_3D('',#3905,#2928,#2929);
#2438=AXIS2_PLACEMENT_3D('',#3906,#2930,#2931);
#2439=AXIS2_PLACEMENT_3D('',#3908,#2932,#2933);
#2440=AXIS2_PLACEMENT_3D('',#3910,#2935,#2936);
#2441=AXIS2_PLACEMENT_3D('',#3911,#2937,#2938);
#2442=AXIS2_PLACEMENT_3D('',#3913,#2939,#2940);
#2443=AXIS2_PLACEMENT_3D('',#3915,#2942,#2943);
#2444=AXIS2_PLACEMENT_3D('',#3916,#2944,#2945);
#2445=AXIS2_PLACEMENT_3D('',#3918,#2946,#2947);
#2446=AXIS2_PLACEMENT_3D('',#3920,#2949,#2950);
#2447=AXIS2_PLACEMENT_3D('',#3921,#2951,#2952);
#2448=AXIS2_PLACEMENT_3D('',#3923,#2953,#2954);
#2449=AXIS2_PLACEMENT_3D('',#3925,#2956,#2957);
#2450=AXIS2_PLACEMENT_3D('',#3926,#2958,#2959);
#2451=AXIS2_PLACEMENT_3D('',#3928,#2960,#2961);
#2452=AXIS2_PLACEMENT_3D('',#3930,#2963,#2964);
#2453=AXIS2_PLACEMENT_3D('',#3931,#2965,#2966);
#2454=AXIS2_PLACEMENT_3D('',#3933,#2967,#2968);
#2455=AXIS2_PLACEMENT_3D('',#3935,#2970,#2971);
#2456=AXIS2_PLACEMENT_3D('',#3936,#2972,#2973);
#2457=AXIS2_PLACEMENT_3D('',#3938,#2974,#2975);
#2458=AXIS2_PLACEMENT_3D('',#3940,#2977,#2978);
#2459=AXIS2_PLACEMENT_3D('',#3941,#2979,#2980);
#2460=AXIS2_PLACEMENT_3D('',#3943,#2982,#2983);
#2461=AXIS2_PLACEMENT_3D('',#3944,#2984,#2985);
#2462=AXIS2_PLACEMENT_3D('',#3945,#2986,#2987);
#2463=AXIS2_PLACEMENT_3D('',#3947,#2989,#2990);
#2464=AXIS2_PLACEMENT_3D('',#3948,#2991,#2992);
#2465=AXIS2_PLACEMENT_3D('',#3957,#2997,#2998);
#2466=AXIS2_PLACEMENT_3D('',#3963,#3002,#3003);
#2467=AXIS2_PLACEMENT_3D('',#3969,#3007,#3008);
#2468=AXIS2_PLACEMENT_3D('',#3972,#3011,#3012);
#2469=AXIS2_PLACEMENT_3D('',#3975,#3015,#3016);
#2470=AXIS2_PLACEMENT_3D('',#3977,#3018,#3019);
#2471=AXIS2_PLACEMENT_3D('',#3986,#3024,#3025);
#2472=AXIS2_PLACEMENT_3D('',#3992,#3029,#3030);
#2473=AXIS2_PLACEMENT_3D('',#3996,#3033,#3034);
#2474=AXIS2_PLACEMENT_3D('',#4000,#3037,#3038);
#2475=AXIS2_PLACEMENT_3D('',#4002,#3040,#3041);
#2476=AXIS2_PLACEMENT_3D('',#4004,#3043,#3044);
#2477=AXIS2_PLACEMENT_3D('',#4005,#3045,#3046);
#2478=AXIS2_PLACEMENT_3D('',#4006,#3047,#3048);
#2479=AXIS2_PLACEMENT_3D('',#4008,#3049,#3050);
#2480=AXIS2_PLACEMENT_3D('',#4010,#3052,#3053);
#2481=AXIS2_PLACEMENT_3D('',#4012,#3054,#3055);
#2482=AXIS2_PLACEMENT_3D('',#4014,#3057,#3058);
#2483=DIRECTION('axis',(0.,0.,1.));
#2484=DIRECTION('refdir',(1.,0.,0.));
#2485=DIRECTION('center_axis',(0.,0.,1.));
#2486=DIRECTION('ref_axis',(1.,0.,0.));
#2487=DIRECTION('',(0.73073841198826,0.682657581254962,0.));
#2488=DIRECTION('',(1.,1.96941864914204E-16,0.));
#2489=DIRECTION('',(0.73073841198826,-0.682657581254963,0.));
#2490=DIRECTION('',(0.885831535280155,0.464006994670558,0.));
#2491=DIRECTION('',(-0.309016994374947,0.951056516295154,0.));
#2492=DIRECTION('',(0.309016994374948,0.951056516295153,0.));
#2493=DIRECTION('',(-0.885831536830324,0.464006991711144,0.));
#2494=DIRECTION('',(-1.,4.17548934631718E-16,0.));
#2495=DIRECTION('',(-0.885528776943931,-0.464584529665146,0.));
#2496=DIRECTION('',(0.309016994374947,-0.951056516295154,0.));
#2497=DIRECTION('',(-0.309016994374947,-0.951056516295154,0.));
#2498=DIRECTION('',(0.886133435119707,-0.463430183698633,0.));
#2499=DIRECTION('center_axis',(0.,0.,1.));
#2500=DIRECTION('ref_axis',(-1.,0.,0.));
#2501=DIRECTION('',(-1.,0.,0.));
#2502=DIRECTION('',(-5.41572199260999E-17,1.,0.));
#2503=DIRECTION('',(1.,0.,0.));
#2504=DIRECTION('',(0.,-1.,0.));
#2505=DIRECTION('',(0.,-1.,0.));
#2506=DIRECTION('',(-1.,0.,0.));
#2507=DIRECTION('',(0.,1.,0.));
#2508=DIRECTION('',(1.,0.,0.));
#2509=DIRECTION('center_axis',(0.,0.,1.));
#2510=DIRECTION('ref_axis',(-1.,0.,0.));
#2511=DIRECTION('',(0.309016994374949,0.951056516295153,0.));
#2512=DIRECTION('',(0.,-1.,0.));
#2513=DIRECTION('',(-0.309016994374949,-0.951056516295153,0.));
#2514=DIRECTION('',(-0.309016994374948,0.951056516295153,0.));
#2515=DIRECTION('',(0.,-1.,0.));
#2516=DIRECTION('',(-0.309016994374948,0.951056516295153,0.));
#2517=DIRECTION('center_axis',(0.482711804933793,0.51671008639039,0.707106781186544));
#2518=DIRECTION('ref_axis',(0.825904531593105,0.,-0.563809989884867));
#2519=DIRECTION('',(0.73073841198826,-0.682657581254963,0.));
#2520=DIRECTION('',(0.103866698866552,0.767927434051746,-0.632059463102377));
#2521=DIRECTION('',(-0.73073841198826,0.682657581254963,0.));
#2522=DIRECTION('',(0.268651829259057,0.681111662884933,-0.681111662884936));
#2523=DIRECTION('center_axis',(-0.328102492449542,0.626377485585489,0.707106781186546));
#2524=DIRECTION('ref_axis',(0.907105512030478,0.,0.420903302486361));
#2525=DIRECTION('',(0.885831535280155,0.464006994670558,0.));
#2526=DIRECTION('',(-0.735823975777309,0.299939872299709,-0.60712366917796));
#2527=DIRECTION('',(-0.885831535280155,-0.464006994670558,0.));
#2528=DIRECTION('center_axis',(-0.672498511963959,0.218508012224412,0.707106781186546));
#2529=DIRECTION('ref_axis',(0.724617040067445,0.,0.689151757774653));
#2530=DIRECTION('',(-0.309016994374948,-0.951056516295153,0.));
#2531=DIRECTION('',(0.672498511963956,-0.218508012224409,0.707106781186549));
#2532=DIRECTION('',(0.309016994374948,0.951056516295153,0.));
#2533=DIRECTION('',(-0.735823975658837,-0.299939873684776,-0.607123668637275));
#2534=DIRECTION('center_axis',(-0.328102490356922,-0.626377486681626,0.707106781186544));
#2535=DIRECTION('ref_axis',(0.907105513055429,0.,0.420903300277448));
#2536=DIRECTION('',(-0.885831536830324,0.464006991711144,0.));
#2537=DIRECTION('',(-0.171408002222624,-0.696641692972094,-0.696641692972093));
#2538=DIRECTION('',(0.885831536830324,-0.464006991711144,0.));
#2539=DIRECTION('center_axis',(-2.95251683155306E-16,-0.707106781186547,
0.707106781186548));
#2540=DIRECTION('ref_axis',(1.,0.,4.17548934631718E-16));
#2541=DIRECTION('',(-1.,4.17548934631718E-16,0.));
#2542=DIRECTION('',(0.171641814350911,-0.696612908137055,-0.696612908137053));
#2543=DIRECTION('',(1.,-4.17548934631718E-16,0.));
#2544=DIRECTION('center_axis',(0.328510871360588,-0.626163403112884,0.707106781186547));
#2545=DIRECTION('ref_axis',(0.906905432464974,0.,-0.421334233792507));
#2546=DIRECTION('',(-0.885528776943931,-0.464584529665146,0.));
#2547=DIRECTION('',(0.735847066409262,-0.299669542052583,-0.607229166314397));
#2548=DIRECTION('',(0.885528776943931,0.464584529665146,0.));
#2549=DIRECTION('center_axis',(0.672498511963958,-0.218508012224411,0.707106781186547));
#2550=DIRECTION('ref_axis',(0.724617040067446,0.,-0.689151757774653));
#2551=DIRECTION('',(0.309016994374947,0.951056516295154,0.));
#2552=DIRECTION('',(-0.672498511963957,0.21850801222441,0.707106781186548));
#2553=DIRECTION('',(-0.309016994374947,-0.951056516295154,0.));
#2554=DIRECTION('',(0.735800855062163,0.300209800892645,-0.607018267548669));
#2555=DIRECTION('',(-0.672498511963959,-0.21850801222441,0.707106781186546));
#2556=DIRECTION('center_axis',(0.672498511963958,0.218508012224411,0.707106781186547));
#2557=DIRECTION('ref_axis',(0.724617040067446,0.,-0.689151757774653));
#2558=DIRECTION('',(0.309016994374947,-0.951056516295154,0.));
#2559=DIRECTION('',(-0.309016994374947,0.951056516295154,0.));
#2560=DIRECTION('center_axis',(0.32769462549983,0.626590961009272,0.70710678118655));
#2561=DIRECTION('ref_axis',(0.90730522434386,0.,-0.420472626788401));
#2562=DIRECTION('',(-0.886133435119707,0.463430183698633,0.));
#2563=DIRECTION('',(0.886133435119707,-0.463430183698633,0.));
#2564=DIRECTION('',(-0.104107067823687,0.767822767251692,-0.632147068742004));
#2565=DIRECTION('center_axis',(-0.482711804933793,0.516710086390391,0.707106781186543));
#2566=DIRECTION('ref_axis',(0.825904531593104,0.,0.563809989884868));
#2567=DIRECTION('',(-0.73073841198826,-0.682657581254962,0.));
#2568=DIRECTION('',(0.73073841198826,0.682657581254962,0.));
#2569=DIRECTION('',(-0.268651829259058,0.681111662884933,-0.681111662884936));
#2570=DIRECTION('',(0.672498511963976,0.218508012224365,0.707106781186544));
#2571=DIRECTION('center_axis',(-0.672498511963959,-0.218508012224411,0.707106781186546));
#2572=DIRECTION('ref_axis',(0.724617040067445,0.,0.689151757774653));
#2573=DIRECTION('',(-0.309016994374947,0.951056516295154,0.));
#2574=DIRECTION('',(0.309016994374947,-0.951056516295154,0.));
#2575=DIRECTION('center_axis',(-1.39258928180359E-16,0.707106781186549,
0.707106781186546));
#2576=DIRECTION('ref_axis',(1.,0.,1.96941864914205E-16));
#2577=DIRECTION('',(-1.,-1.96941864914204E-16,0.));
#2578=DIRECTION('',(1.,1.96941864914204E-16,0.));
#2579=DIRECTION('center_axis',(-0.951056516295153,0.309016994374948,0.));
#2580=DIRECTION('ref_axis',(-0.309016994374948,-0.951056516295153,0.));
#2581=DIRECTION('',(0.,0.,1.));
#2582=DIRECTION('',(0.,0.,1.));
#2583=DIRECTION('center_axis',(-0.464006991711144,-0.885831536830324,0.));
#2584=DIRECTION('ref_axis',(0.885831536830324,-0.464006991711144,0.));
#2585=DIRECTION('',(0.,0.,1.));
#2586=DIRECTION('center_axis',(-4.17548934631718E-16,-1.,0.));
#2587=DIRECTION('ref_axis',(1.,-4.17548934631718E-16,0.));
#2588=DIRECTION('',(0.,0.,1.));
#2589=DIRECTION('center_axis',(0.464584529665146,-0.885528776943931,0.));
#2590=DIRECTION('ref_axis',(0.885528776943931,0.464584529665146,0.));
#2591=DIRECTION('',(0.,0.,1.));
#2592=DIRECTION('center_axis',(0.951056516295154,0.309016994374947,0.));
#2593=DIRECTION('ref_axis',(-0.309016994374947,0.951056516295154,0.));
#2594=DIRECTION('',(0.,0.,1.));
#2595=DIRECTION('',(0.,0.,1.));
#2596=DIRECTION('center_axis',(0.951056516295154,-0.309016994374947,0.));
#2597=DIRECTION('ref_axis',(0.309016994374947,0.951056516295154,0.));
#2598=DIRECTION('',(0.,0.,1.));
#2599=DIRECTION('center_axis',(0.,0.,1.));
#2600=DIRECTION('ref_axis',(-1.,0.,0.));
#2601=DIRECTION('',(0.309016994374948,-0.951056516295153,0.));
#2602=DIRECTION('',(-0.309016994374949,-0.951056516295153,0.));
#2603=DIRECTION('',(0.,-1.,0.));
#2604=DIRECTION('',(0.885831536830324,-0.464006991711144,0.));
#2605=DIRECTION('',(1.,-4.32472744143026E-16,0.));
#2606=DIRECTION('',(0.885528776943931,0.464584529665147,0.));
#2607=DIRECTION('',(-3.31722955226084E-16,1.,0.));
#2608=DIRECTION('',(-0.309016994374947,0.951056516295154,0.));
#2609=DIRECTION('',(0.309016994374947,0.951056516295154,0.));
#2610=DIRECTION('',(-3.31722955226084E-16,1.,0.));
#2611=DIRECTION('',(-0.886133435119707,0.463430183698633,0.));
#2612=DIRECTION('',(-1.,0.,0.));
#2613=DIRECTION('',(-0.730738411988264,-0.682657581254959,0.));
#2614=DIRECTION('',(-1.,8.51839019193716E-16,0.));
#2615=DIRECTION('',(-0.730738411988271,0.68265758125495,0.));
#2616=DIRECTION('',(-1.,0.,0.));
#2617=DIRECTION('',(-0.885831535280155,-0.464006994670558,0.));
#2618=DIRECTION('',(0.,-1.,0.));
#2619=DIRECTION('center_axis',(0.482711804933786,-0.516710086390389,0.70710678118655));
#2620=DIRECTION('ref_axis',(0.825904531593111,0.,-0.563809989884859));
#2621=DIRECTION('',(0.268651829259075,-0.68111166288493,-0.681111662884933));
#2622=DIRECTION('',(0.730738411988264,0.682657581254959,0.));
#2623=DIRECTION('',(0.26865182925906,-0.681111662884939,-0.68111166288493));
#2624=DIRECTION('center_axis',(0.,-0.707106781186549,0.707106781186546));
#2625=DIRECTION('ref_axis',(1.,0.,0.));
#2626=DIRECTION('',(-0.171174573821351,-0.696670390240993,-0.696670390240996));
#2627=DIRECTION('',(1.,0.,0.));
#2628=DIRECTION('center_axis',(-0.32769462549983,-0.626590961009272,0.70710678118655));
#2629=DIRECTION('ref_axis',(0.90730522434386,0.,0.420472626788402));
#2630=DIRECTION('',(-0.650029079254321,-0.393604360046433,-0.650029079254319));
#2631=DIRECTION('',(0.886133435119707,-0.463430183698633,0.));
#2632=DIRECTION('center_axis',(-0.707106781186547,-2.34563551115605E-16,
0.707106781186548));
#2633=DIRECTION('ref_axis',(0.707106781186548,0.,0.707106781186547));
#2634=DIRECTION('',(-0.702713511301561,0.111298886195977,-0.702713511301558));
#2635=DIRECTION('',(3.31722955226084E-16,-1.,0.));
#2636=DIRECTION('center_axis',(-0.672498511963958,-0.218508012224411,0.707106781186546));
#2637=DIRECTION('ref_axis',(0.724617040067446,0.,0.689151757774653));
#2638=DIRECTION('',(0.309016994374947,-0.951056516295154,0.));
#2639=DIRECTION('',(0.672498511963956,0.218508012224412,0.707106781186549));
#2640=DIRECTION('',(-0.702713511301557,-0.111298886195992,-0.70271351130156));
#2641=DIRECTION('center_axis',(-0.707106781186549,-2.34563551115606E-16,
0.707106781186546));
#2642=DIRECTION('ref_axis',(0.707106781186546,0.,0.707106781186549));
#2643=DIRECTION('',(-0.65017705692092,0.393115236676594,-0.650177056920925));
#2644=DIRECTION('',(3.31722955226084E-16,-1.,0.));
#2645=DIRECTION('center_axis',(-0.328510871360588,0.626163403112884,0.707106781186547));
#2646=DIRECTION('ref_axis',(0.906905432464974,0.,0.421334233792507));
#2647=DIRECTION('',(-0.171641814350915,0.696612908137053,-0.696612908137054));
#2648=DIRECTION('',(-0.885528776943931,-0.464584529665147,0.));
#2649=DIRECTION('center_axis',(3.05804410061889E-16,0.707106781186548,0.707106781186547));
#2650=DIRECTION('ref_axis',(1.,0.,-4.32472744143027E-16));
#2651=DIRECTION('',(0.171408002222643,0.69664169297209,-0.696641692972092));
#2652=DIRECTION('',(-1.,4.32472744143026E-16,0.));
#2653=DIRECTION('center_axis',(0.328102490356921,0.626377486681625,0.707106781186546));
#2654=DIRECTION('ref_axis',(0.90710551305543,0.,-0.420903300277446));
#2655=DIRECTION('',(0.650103037839756,0.393359988284318,-0.650103037839758));
#2656=DIRECTION('',(-0.885831536830324,0.464006991711144,0.));
#2657=DIRECTION('center_axis',(0.707106781186549,0.,0.707106781186546));
#2658=DIRECTION('ref_axis',(0.707106781186546,0.,-0.707106781186549));
#2659=DIRECTION('',(0.,1.,0.));
#2660=DIRECTION('',(0.702713511301557,-0.111298886195989,-0.70271351130156));
#2661=DIRECTION('center_axis',(0.672498511963959,0.218508012224411,0.707106781186546));
#2662=DIRECTION('ref_axis',(0.724617040067445,0.,-0.689151757774653));
#2663=DIRECTION('',(-0.309016994374948,0.951056516295153,0.));
#2664=DIRECTION('',(-0.672498511963956,-0.21850801222441,0.707106781186549));
#2665=DIRECTION('',(0.702713511301558,0.111298886195983,-0.702713511301561));
#2666=DIRECTION('',(-0.67249851196397,0.218508012224407,0.707106781186537));
#2667=DIRECTION('center_axis',(0.672498511963958,-0.218508012224412,0.707106781186546));
#2668=DIRECTION('ref_axis',(0.724617040067446,0.,-0.689151757774653));
#2669=DIRECTION('',(0.309016994374949,0.951056516295153,0.));
#2670=DIRECTION('center_axis',(0.707106781186549,0.,0.707106781186546));
#2671=DIRECTION('ref_axis',(0.707106781186546,0.,-0.707106781186549));
#2672=DIRECTION('',(0.,1.,0.));
#2673=DIRECTION('',(0.65010303821913,-0.39335998703034,-0.650103038219133));
#2674=DIRECTION('center_axis',(0.328102492449543,-0.626377485585491,0.707106781186545));
#2675=DIRECTION('ref_axis',(0.907105512030477,0.,-0.420903302486363));
#2676=DIRECTION('',(0.885831535280155,0.464006994670558,0.));
#2677=DIRECTION('',(0.171408003420508,-0.696641692824723,-0.696641692824726));
#2678=DIRECTION('',(0.672498511963953,-0.218508012224417,0.707106781186549));
#2679=DIRECTION('center_axis',(-0.672498511963957,0.21850801222441,0.707106781186547));
#2680=DIRECTION('ref_axis',(0.724617040067447,0.,0.689151757774652));
#2681=DIRECTION('',(-0.309016994374947,-0.951056516295154,0.));
#2682=DIRECTION('center_axis',(0.,-0.707106781186549,0.707106781186546));
#2683=DIRECTION('ref_axis',(1.,0.,0.));
#2684=DIRECTION('',(1.,0.,0.));
#2685=DIRECTION('',(-0.268651829259062,-0.681111662884932,-0.681111662884935));
#2686=DIRECTION('center_axis',(-0.482711804933783,-0.516710086390396,0.707106781186547));
#2687=DIRECTION('ref_axis',(0.825904531593112,0.,0.563809989884857));
#2688=DIRECTION('',(0.730738411988271,-0.68265758125495,0.));
#2689=DIRECTION('',(-0.268651829259057,-0.681111662884933,-0.681111662884936));
#2690=DIRECTION('center_axis',(-6.0234114695117E-16,-0.707106781186543,
0.707106781186552));
#2691=DIRECTION('ref_axis',(1.,0.,8.51839019193705E-16));
#2692=DIRECTION('',(1.,-8.51839019193716E-16,0.));
#2693=DIRECTION('',(0.,0.,1.));
#2694=DIRECTION('',(0.,0.,1.));
#2695=DIRECTION('center_axis',(-0.951056516295154,-0.309016994374947,0.));
#2696=DIRECTION('ref_axis',(0.309016994374947,-0.951056516295154,0.));
#2697=DIRECTION('',(0.,0.,1.));
#2698=DIRECTION('',(0.309016994374947,-0.951056516295154,0.));
#2699=DIRECTION('center_axis',(-1.,-3.31722955226084E-16,0.));
#2700=DIRECTION('ref_axis',(3.31722955226084E-16,-1.,0.));
#2701=DIRECTION('',(0.,0.,1.));
#2702=DIRECTION('',(3.31722955226084E-16,-1.,0.));
#2703=DIRECTION('center_axis',(1.,0.,0.));
#2704=DIRECTION('ref_axis',(0.,1.,0.));
#2705=DIRECTION('',(0.,0.,1.));
#2706=DIRECTION('',(0.,0.,1.));
#2707=DIRECTION('center_axis',(0.951056516295153,-0.309016994374949,0.));
#2708=DIRECTION('ref_axis',(0.309016994374949,0.951056516295153,0.));
#2709=DIRECTION('',(0.,0.,1.));
#2710=DIRECTION('',(0.,0.,1.));
#2711=DIRECTION('center_axis',(0.951056516295154,0.309016994374948,0.));
#2712=DIRECTION('ref_axis',(-0.309016994374948,0.951056516295153,0.));
#2713=DIRECTION('',(0.,0.,1.));
#2714=DIRECTION('center_axis',(-0.682657581254962,0.730738411988261,0.));
#2715=DIRECTION('ref_axis',(-0.73073841198826,-0.682657581254962,0.));
#2716=DIRECTION('',(0.,0.,1.));
#2717=DIRECTION('',(0.,0.,1.));
#2718=DIRECTION('center_axis',(-1.96941864914204E-16,1.,0.));
#2719=DIRECTION('ref_axis',(-1.,-1.96941864914204E-16,0.));
#2720=DIRECTION('',(0.,0.,1.));
#2721=DIRECTION('center_axis',(0.682657581254963,0.73073841198826,0.));
#2722=DIRECTION('ref_axis',(-0.73073841198826,0.682657581254963,0.));
#2723=DIRECTION('',(0.,0.,1.));
#2724=DIRECTION('center_axis',(-0.464006994670558,0.885831535280155,0.));
#2725=DIRECTION('ref_axis',(-0.885831535280155,-0.464006994670558,0.));
#2726=DIRECTION('',(0.,0.,1.));
#2727=DIRECTION('center_axis',(-0.951056516295154,-0.309016994374947,0.));
#2728=DIRECTION('ref_axis',(0.309016994374947,-0.951056516295154,0.));
#2729=DIRECTION('',(0.,0.,1.));
#2730=DIRECTION('center_axis',(0.463430183698633,0.886133435119707,0.));
#2731=DIRECTION('ref_axis',(-0.886133435119707,0.463430183698633,0.));
#2732=DIRECTION('center_axis',(-0.951056516295154,0.309016994374947,0.));
#2733=DIRECTION('ref_axis',(-0.309016994374947,-0.951056516295154,0.));
#2734=DIRECTION('',(0.309016994374947,0.951056516295154,0.));
#2735=DIRECTION('',(0.,0.,1.));
#2736=DIRECTION('center_axis',(1.,0.,0.));
#2737=DIRECTION('ref_axis',(0.,1.,0.));
#2738=DIRECTION('',(0.,0.,1.));
#2739=DIRECTION('center_axis',(-1.,-3.31722955226084E-16,0.));
#2740=DIRECTION('ref_axis',(3.31722955226084E-16,-1.,0.));
#2741=DIRECTION('',(3.31722955226084E-16,-1.,0.));
#2742=DIRECTION('',(0.,0.,1.));
#2743=DIRECTION('center_axis',(0.,0.,1.));
#2744=DIRECTION('ref_axis',(-1.,0.,0.));
#2745=DIRECTION('',(-0.309016994374947,-0.951056516295154,0.));
#2746=DIRECTION('',(0.309016994374947,-0.951056516295154,0.));
#2747=DIRECTION('center_axis',(1.,0.,0.));
#2748=DIRECTION('ref_axis',(0.,-1.,0.));
#2749=DIRECTION('',(0.,-1.,0.));
#2750=DIRECTION('',(0.,0.,-1.));
#2751=DIRECTION('',(0.,0.,-1.));
#2752=DIRECTION('center_axis',(0.,1.,0.));
#2753=DIRECTION('ref_axis',(1.,0.,0.));
#2754=DIRECTION('',(1.,0.,0.));
#2755=DIRECTION('',(0.,0.,-1.));
#2756=DIRECTION('center_axis',(-1.,0.,0.));
#2757=DIRECTION('ref_axis',(0.,1.,0.));
#2758=DIRECTION('',(0.,1.,0.));
#2759=DIRECTION('',(0.,0.,-1.));
#2760=DIRECTION('center_axis',(0.,-1.,0.));
#2761=DIRECTION('ref_axis',(-1.,0.,0.));
#2762=DIRECTION('',(-1.,0.,0.));
#2763=DIRECTION('center_axis',(1.,0.,0.));
#2764=DIRECTION('ref_axis',(0.,-1.,0.));
#2765=DIRECTION('',(0.,1.,0.));
#2766=DIRECTION('',(0.,0.,-1.));
#2767=DIRECTION('',(0.,-1.,0.));
#2768=DIRECTION('',(0.,0.,-1.));
#2769=DIRECTION('center_axis',(0.,1.,0.));
#2770=DIRECTION('ref_axis',(1.,0.,0.));
#2771=DIRECTION('',(-1.,0.,0.));
#2772=DIRECTION('',(1.,0.,0.));
#2773=DIRECTION('',(0.,0.,-1.));
#2774=DIRECTION('center_axis',(-1.,0.,0.));
#2775=DIRECTION('ref_axis',(0.,1.,0.));
#2776=DIRECTION('',(0.,-1.,0.));
#2777=DIRECTION('',(0.,1.,0.));
#2778=DIRECTION('',(0.,0.,-1.));
#2779=DIRECTION('center_axis',(0.,-1.,0.));
#2780=DIRECTION('ref_axis',(-1.,0.,0.));
#2781=DIRECTION('',(1.,0.,0.));
#2782=DIRECTION('',(-1.,0.,0.));
#2783=DIRECTION('center_axis',(0.,0.,1.));
#2784=DIRECTION('ref_axis',(-1.,0.,0.));
#2785=DIRECTION('center_axis',(0.68265758125495,0.730738411988271,0.));
#2786=DIRECTION('ref_axis',(0.730738411988271,-0.68265758125495,0.));
#2787=DIRECTION('',(-0.730738411988271,0.68265758125495,0.));
#2788=DIRECTION('',(0.,0.,-1.));
#2789=DIRECTION('',(0.,0.,-1.));
#2790=DIRECTION('center_axis',(8.51839019193716E-16,1.,0.));
#2791=DIRECTION('ref_axis',(1.,-8.51839019193716E-16,0.));
#2792=DIRECTION('',(-1.,8.51839019193716E-16,0.));
#2793=DIRECTION('',(0.,0.,-1.));
#2794=DIRECTION('center_axis',(-0.682657581254959,0.730738411988264,0.));
#2795=DIRECTION('ref_axis',(0.730738411988264,0.682657581254959,0.));
#2796=DIRECTION('',(-0.730738411988264,-0.682657581254959,0.));
#2797=DIRECTION('',(0.,0.,1.));
#2798=DIRECTION('center_axis',(0.,-1.,0.));
#2799=DIRECTION('ref_axis',(1.,0.,0.));
#2800=DIRECTION('',(1.,0.,0.));
#2801=DIRECTION('',(0.,0.,-1.));
#2802=DIRECTION('',(-1.,0.,0.));
#2803=DIRECTION('',(0.,0.,1.));
#2804=DIRECTION('center_axis',(0.,0.,1.));
#2805=DIRECTION('ref_axis',(-1.,0.,0.));
#2806=DIRECTION('center_axis',(0.,0.,1.));
#2807=DIRECTION('ref_axis',(-1.,0.,0.));
#2808=DIRECTION('center_axis',(0.,0.,1.));
#2809=DIRECTION('ref_axis',(-1.,0.,0.));
#2810=DIRECTION('',(0.309016994374949,0.951056516295153,0.));
#2811=DIRECTION('center_axis',(0.,0.,1.));
#2812=DIRECTION('ref_axis',(-1.,0.,0.));
#2813=DIRECTION('center_axis',(0.,0.,1.));
#2814=DIRECTION('ref_axis',(-1.,0.,0.));
#2815=DIRECTION('center_axis',(0.,0.,1.));
#2816=DIRECTION('ref_axis',(-1.,0.,0.));
#2817=DIRECTION('',(-0.309016994374948,0.951056516295153,0.));
#2818=DIRECTION('center_axis',(0.,0.,1.));
#2819=DIRECTION('ref_axis',(-1.,0.,0.));
#2820=DIRECTION('center_axis',(0.,0.,1.));
#2821=DIRECTION('ref_axis',(-1.,0.,0.));
#2822=DIRECTION('',(0.309016994374947,-0.951056516295154,0.));
#2823=DIRECTION('center_axis',(0.,0.,1.));
#2824=DIRECTION('ref_axis',(-1.,0.,0.));
#2825=DIRECTION('center_axis',(0.,0.,1.));
#2826=DIRECTION('ref_axis',(-1.,0.,0.));
#2827=DIRECTION('',(-0.309016994374947,-0.951056516295154,0.));
#2828=DIRECTION('center_axis',(0.682657581254951,0.730738411988271,0.));
#2829=DIRECTION('ref_axis',(0.730738411988271,-0.682657581254951,0.));
#2830=DIRECTION('',(-0.730738411988271,0.682657581254951,0.));
#2831=DIRECTION('',(0.,0.,-1.));
#2832=DIRECTION('',(-0.730738411988271,0.682657581254951,0.));
#2833=DIRECTION('center_axis',(8.36025864635562E-16,1.,0.));
#2834=DIRECTION('ref_axis',(1.,-8.36025864635562E-16,0.));
#2835=DIRECTION('',(-1.,8.36025864635562E-16,0.));
#2836=DIRECTION('',(0.,0.,-1.));
#2837=DIRECTION('',(-1.,8.36025864635562E-16,0.));
#2838=DIRECTION('center_axis',(-0.682657581254959,0.730738411988264,0.));
#2839=DIRECTION('ref_axis',(0.730738411988263,0.682657581254959,0.));
#2840=DIRECTION('',(0.730738411988263,0.682657581254959,0.));
#2841=DIRECTION('',(0.,0.,1.));
#2842=DIRECTION('',(-0.730738411988263,-0.682657581254959,0.));
#2843=DIRECTION('center_axis',(0.,0.,1.));
#2844=DIRECTION('ref_axis',(-1.,0.,0.));
#2845=DIRECTION('',(1.,0.,0.));
#2846=DIRECTION('',(0.,0.,-1.));
#2847=DIRECTION('',(0.,0.,-1.));
#2848=DIRECTION('center_axis',(-0.951056516295153,0.309016994374949,0.));
#2849=DIRECTION('ref_axis',(0.309016994374949,0.951056516295153,0.));
#2850=DIRECTION('',(0.,0.,1.));
#2851=DIRECTION('',(-0.309016994374949,-0.951056516295153,0.));
#2852=DIRECTION('',(-0.309016994374949,-0.951056516295153,0.));
#2853=DIRECTION('center_axis',(0.951056516295154,0.309016994374947,0.));
#2854=DIRECTION('ref_axis',(0.309016994374947,-0.951056516295154,0.));
#2855=DIRECTION('',(0.,0.,-1.));
#2856=DIRECTION('',(0.,0.,1.));
#2857=DIRECTION('',(-0.309016994374947,0.951056516295154,0.));
#2858=DIRECTION('',(-0.309016994374947,0.951056516295154,0.));
#2859=DIRECTION('center_axis',(0.,-1.,0.));
#2860=DIRECTION('ref_axis',(1.,0.,0.));
#2861=DIRECTION('',(0.,0.,1.));
#2862=DIRECTION('',(-1.,0.,0.));
#2863=DIRECTION('center_axis',(0.,0.,-1.));
#2864=DIRECTION('ref_axis',(-1.,0.,0.));
#2865=DIRECTION('',(0.309016994374948,-0.951056516295153,0.));
#2866=DIRECTION('',(-0.885831535280155,-0.464006994670558,0.));
#2867=DIRECTION('',(-0.886133435119707,0.463430183698633,0.));
#2868=DIRECTION('',(0.309016994374947,0.951056516295154,0.));
#2869=DIRECTION('center_axis',(0.,0.,1.));
#2870=DIRECTION('ref_axis',(-1.,0.,0.));
#2871=DIRECTION('center_axis',(0.,0.,1.));
#2872=DIRECTION('ref_axis',(-1.,0.,0.));
#2873=DIRECTION('',(0.309016994374947,0.951056516295154,0.));
#2874=DIRECTION('center_axis',(0.,0.,1.));
#2875=DIRECTION('ref_axis',(-1.,0.,0.));
#2876=DIRECTION('center_axis',(0.,0.,1.));
#2877=DIRECTION('ref_axis',(-1.,0.,0.));
#2878=DIRECTION('',(0.885528776943931,0.464584529665147,0.));
#2879=DIRECTION('',(1.,-4.32472744143026E-16,0.));
#2880=DIRECTION('',(0.885831536830324,-0.464006991711144,0.));
#2881=DIRECTION('center_axis',(0.,0.,1.));
#2882=DIRECTION('ref_axis',(-1.,0.,0.));
#2883=DIRECTION('',(0.309016994374948,-0.951056516295153,0.));
#2884=DIRECTION('center_axis',(0.,0.,1.));
#2885=DIRECTION('ref_axis',(-1.,0.,0.));
#2886=DIRECTION('center_axis',(0.,0.,1.));
#2887=DIRECTION('ref_axis',(-1.,0.,0.));
#2888=DIRECTION('center_axis',(0.,0.,1.));
#2889=DIRECTION('ref_axis',(-1.,0.,0.));
#2890=DIRECTION('center_axis',(0.,0.,1.));
#2891=DIRECTION('ref_axis',(-1.,0.,0.));
#2892=DIRECTION('center_axis',(0.,0.,1.));
#2893=DIRECTION('ref_axis',(-1.,0.,0.));
#2894=DIRECTION('',(5.41572199260999E-17,-1.,0.));
#2895=DIRECTION('',(1.,0.,0.));
#2896=DIRECTION('',(0.,1.,0.));
#2897=DIRECTION('',(-1.,0.,0.));
#2898=DIRECTION('center_axis',(0.,0.,1.));
#2899=DIRECTION('ref_axis',(-1.,0.,0.));
#2900=DIRECTION('center_axis',(-0.951056516295154,-0.309016994374948,0.));
#2901=DIRECTION('ref_axis',(-0.309016994374948,0.951056516295153,0.));
#2902=DIRECTION('',(0.,0.,1.));
#2903=DIRECTION('center_axis',(0.951056516295154,-0.309016994374947,0.));
#2904=DIRECTION('ref_axis',(-0.309016994374947,-0.951056516295154,0.));
#2905=DIRECTION('',(0.,0.,1.));
#2906=DIRECTION('',(0.,0.,-1.));
#2907=DIRECTION('center_axis',(1.,0.,0.));
#2908=DIRECTION('ref_axis',(0.,-1.,0.));
#2909=DIRECTION('',(0.,0.,-1.));
#2910=DIRECTION('',(0.,-1.,0.));
#2911=DIRECTION('',(0.,0.,-1.));
#2912=DIRECTION('center_axis',(0.,1.,0.));
#2913=DIRECTION('ref_axis',(1.,0.,0.));
#2914=DIRECTION('',(1.,0.,0.));
#2915=DIRECTION('',(0.,0.,-1.));
#2916=DIRECTION('center_axis',(-1.,-5.41572199260999E-17,0.));
#2917=DIRECTION('ref_axis',(-5.41572199260999E-17,1.,0.));
#2918=DIRECTION('',(-5.41572199260999E-17,1.,0.));
#2919=DIRECTION('',(0.,0.,-1.));
#2920=DIRECTION('center_axis',(0.,-1.,0.));
#2921=DIRECTION('ref_axis',(-1.,0.,0.));
#2922=DIRECTION('',(-1.,0.,0.));
#2923=DIRECTION('center_axis',(0.,0.,-1.));
#2924=DIRECTION('ref_axis',(-1.,0.,0.));
#2925=DIRECTION('center_axis',(0.,0.,-1.));
#2926=DIRECTION('ref_axis',(-1.,0.,0.));
#2927=DIRECTION('',(0.,0.,1.));
#2928=DIRECTION('center_axis',(0.,0.,1.));
#2929=DIRECTION('ref_axis',(-1.,0.,0.));
#2930=DIRECTION('center_axis',(0.,0.,-1.));
#2931=DIRECTION('ref_axis',(-1.,0.,0.));
#2932=DIRECTION('center_axis',(0.,0.,-1.));
#2933=DIRECTION('ref_axis',(-1.,0.,0.));
#2934=DIRECTION('',(0.,0.,1.));
#2935=DIRECTION('center_axis',(0.,0.,1.));
#2936=DIRECTION('ref_axis',(-1.,0.,0.));
#2937=DIRECTION('center_axis',(0.,0.,-1.));
#2938=DIRECTION('ref_axis',(-1.,0.,0.));
#2939=DIRECTION('center_axis',(0.,0.,-1.));
#2940=DIRECTION('ref_axis',(-1.,0.,0.));
#2941=DIRECTION('',(0.,0.,1.));
#2942=DIRECTION('center_axis',(0.,0.,1.));
#2943=DIRECTION('ref_axis',(-1.,0.,0.));
#2944=DIRECTION('center_axis',(0.,0.,-1.));
#2945=DIRECTION('ref_axis',(-1.,0.,0.));
#2946=DIRECTION('center_axis',(0.,0.,-1.));
#2947=DIRECTION('ref_axis',(-1.,0.,0.));
#2948=DIRECTION('',(0.,0.,1.));
#2949=DIRECTION('center_axis',(0.,0.,1.));
#2950=DIRECTION('ref_axis',(-1.,0.,0.));
#2951=DIRECTION('center_axis',(0.,0.,-1.));
#2952=DIRECTION('ref_axis',(-1.,0.,0.));
#2953=DIRECTION('center_axis',(0.,0.,-1.));
#2954=DIRECTION('ref_axis',(-1.,0.,0.));
#2955=DIRECTION('',(0.,0.,1.));
#2956=DIRECTION('center_axis',(0.,0.,1.));
#2957=DIRECTION('ref_axis',(-1.,0.,0.));
#2958=DIRECTION('center_axis',(0.,0.,-1.));
#2959=DIRECTION('ref_axis',(-1.,0.,0.));
#2960=DIRECTION('center_axis',(0.,0.,-1.));
#2961=DIRECTION('ref_axis',(-1.,0.,0.));
#2962=DIRECTION('',(0.,0.,1.));
#2963=DIRECTION('center_axis',(0.,0.,1.));
#2964=DIRECTION('ref_axis',(-1.,0.,0.));
#2965=DIRECTION('center_axis',(0.,0.,-1.));
#2966=DIRECTION('ref_axis',(-1.,0.,0.));
#2967=DIRECTION('center_axis',(0.,0.,-1.));
#2968=DIRECTION('ref_axis',(-1.,0.,0.));
#2969=DIRECTION('',(0.,0.,1.));
#2970=DIRECTION('center_axis',(0.,0.,1.));
#2971=DIRECTION('ref_axis',(-1.,0.,0.));
#2972=DIRECTION('center_axis',(0.,0.,-1.));
#2973=DIRECTION('ref_axis',(-1.,0.,0.));
#2974=DIRECTION('center_axis',(0.,0.,-1.));
#2975=DIRECTION('ref_axis',(-1.,0.,0.));
#2976=DIRECTION('',(0.,0.,1.));
#2977=DIRECTION('center_axis',(0.,0.,1.));
#2978=DIRECTION('ref_axis',(-1.,0.,0.));
#2979=DIRECTION('center_axis',(0.464006991711144,0.885831536830324,0.));
#2980=DIRECTION('ref_axis',(-0.885831536830324,0.464006991711144,0.));
#2981=DIRECTION('',(0.,0.,-1.));
#2982=DIRECTION('center_axis',(0.464006994670558,-0.885831535280155,0.));
#2983=DIRECTION('ref_axis',(0.885831535280155,0.464006994670558,0.));
#2984=DIRECTION('center_axis',(-0.463430183698633,-0.886133435119707,0.));
#2985=DIRECTION('ref_axis',(0.886133435119707,-0.463430183698633,0.));
#2986=DIRECTION('center_axis',(-0.464584529665147,0.885528776943931,0.));
#2987=DIRECTION('ref_axis',(-0.885528776943931,-0.464584529665147,0.));
#2988=DIRECTION('',(0.,0.,1.));
#2989=DIRECTION('center_axis',(4.32472744143026E-16,1.,0.));
#2990=DIRECTION('ref_axis',(-1.,4.32472744143026E-16,0.));
#2991=DIRECTION('center_axis',(-0.707106781186549,-3.82949374599565E-17,
0.707106781186547));
#2992=DIRECTION('ref_axis',(0.707106781186546,0.,0.707106781186548));
#2993=DIRECTION('',(-5.41572199260999E-17,1.,0.));
#2994=DIRECTION('',(-0.577350269189626,0.577350269189624,-0.577350269189628));
#2995=DIRECTION('',(5.41572199260999E-17,-1.,0.));
#2996=DIRECTION('',(-0.577350269189623,-0.57735026918963,-0.577350269189625));
#2997=DIRECTION('center_axis',(0.,0.707106781186549,0.707106781186547));
#2998=DIRECTION('ref_axis',(1.,0.,0.));
#2999=DIRECTION('',(1.,0.,0.));
#3000=DIRECTION('',(0.57735026918963,0.577350269189622,-0.577350269189625));
#3001=DIRECTION('',(-1.,0.,0.));
#3002=DIRECTION('center_axis',(0.707106781186544,0.,0.707106781186551));
#3003=DIRECTION('ref_axis',(0.707106781186551,0.,-0.707106781186544));
#3004=DIRECTION('',(0.,-1.,0.));
#3005=DIRECTION('',(0.577350269189627,-0.577350269189627,-0.577350269189622));
#3006=DIRECTION('',(0.,1.,0.));
#3007=DIRECTION('center_axis',(0.,-0.707106781186544,0.707106781186551));
#3008=DIRECTION('ref_axis',(1.,0.,0.));
#3009=DIRECTION('',(1.,0.,0.));
#3010=DIRECTION('',(-1.,0.,0.));
#3011=DIRECTION('center_axis',(0.,-1.,0.));
#3012=DIRECTION('ref_axis',(1.,0.,0.));
#3013=DIRECTION('',(0.,0.,-1.));
#3014=DIRECTION('',(0.,0.,-1.));
#3015=DIRECTION('center_axis',(-1.,-5.41572199260999E-17,0.));
#3016=DIRECTION('ref_axis',(5.41572199260999E-17,-1.,0.));
#3017=DIRECTION('',(0.,0.,1.));
#3018=DIRECTION('center_axis',(0.,0.,1.));
#3019=DIRECTION('ref_axis',(1.,0.,0.));
#3020=DIRECTION('',(1.,0.,0.));
#3021=DIRECTION('',(0.,-1.,0.));
#3022=DIRECTION('',(-1.,0.,0.));
#3023=DIRECTION('',(-5.41572199260999E-17,1.,0.));
#3024=DIRECTION('center_axis',(0.,1.,0.));
#3025=DIRECTION('ref_axis',(-1.,0.,0.));
#3026=DIRECTION('',(-1.,0.,0.));
#3027=DIRECTION('',(0.,0.,-1.));
#3028=DIRECTION('',(0.,0.,1.));
#3029=DIRECTION('center_axis',(1.,0.,0.));
#3030=DIRECTION('ref_axis',(0.,1.,0.));
#3031=DIRECTION('',(0.,1.,0.));
#3032=DIRECTION('',(0.,0.,-1.));
#3033=DIRECTION('center_axis',(0.,-1.,0.));
#3034=DIRECTION('ref_axis',(1.,0.,0.));
#3035=DIRECTION('',(1.,0.,0.));
#3036=DIRECTION('',(0.,0.,-1.));
#3037=DIRECTION('center_axis',(-1.,-5.41572199260999E-17,0.));
#3038=DIRECTION('ref_axis',(5.41572199260999E-17,-1.,0.));
#3039=DIRECTION('',(5.41572199260999E-17,-1.,0.));
#3040=DIRECTION('center_axis',(0.,1.,0.));
#3041=DIRECTION('ref_axis',(-1.,0.,0.));
#3042=DIRECTION('',(0.,0.,-1.));
#3043=DIRECTION('center_axis',(1.,0.,0.));
#3044=DIRECTION('ref_axis',(0.,1.,0.));
#3045=DIRECTION('center_axis',(0.,0.,1.));
#3046=DIRECTION('ref_axis',(1.,0.,0.));
#3047=DIRECTION('center_axis',(0.,0.,1.));
#3048=DIRECTION('ref_axis',(-1.,0.,0.));
#3049=DIRECTION('center_axis',(0.,0.,-1.));
#3050=DIRECTION('ref_axis',(-1.,0.,0.));
#3051=DIRECTION('',(0.,0.,-1.));
#3052=DIRECTION('center_axis',(0.,0.,1.));
#3053=DIRECTION('ref_axis',(-1.,0.,0.));
#3054=DIRECTION('center_axis',(0.,0.,1.));
#3055=DIRECTION('ref_axis',(-1.,0.,0.));
#3056=DIRECTION('',(0.,0.,-1.));
#3057=DIRECTION('center_axis',(0.,0.,1.));
#3058=DIRECTION('ref_axis',(-1.,0.,0.));
#3059=CARTESIAN_POINT('',(0.,0.,0.));
#3060=CARTESIAN_POINT('Origin',(40.2500142524245,-40.2500000335276,23.5));
#3061=CARTESIAN_POINT('',(12.9957039096417,-82.5000000486388,23.5));
#3062=CARTESIAN_POINT('',(17.701263986161,-78.1040545124703,23.5));
#3063=CARTESIAN_POINT('',(33.1631755252942,-63.6594995804758,23.5));
#3064=CARTESIAN_POINT('',(62.7997716136302,-78.1040545124703,23.5));
#3065=CARTESIAN_POINT('',(51.5248929330274,-78.1040545124703,23.5));
#3066=CARTESIAN_POINT('',(67.5048356201561,-82.4995366188582,23.5));
#3067=CARTESIAN_POINT('',(49.6901231941729,-65.8569894419762,23.5));
#3068=CARTESIAN_POINT('',(81.6520652998187,-75.0890829771303,23.5));
#3069=CARTESIAN_POINT('',(72.568011605932,-79.8473968167852,23.5));
#3070=CARTESIAN_POINT('',(78.3695360135701,-64.9864966325476,23.5));
#3071=CARTESIAN_POINT('',(72.9145538302651,-48.1977877714054,23.5));
#3072=CARTESIAN_POINT('',(78.3695360135701,-15.5135033606065,23.5));
#3073=CARTESIAN_POINT('Ctrl Pts',(78.3695360135701,-64.9864966325476,23.5));
#3074=CARTESIAN_POINT('Ctrl Pts',(77.4340090061392,-62.1072405631945,23.5));
#3075=CARTESIAN_POINT('Ctrl Pts',(76.6773874285229,-59.2703624548635,23.5));
#3076=CARTESIAN_POINT('Ctrl Pts',(76.0899013320212,-56.4778103473211,23.5));
#3077=CARTESIAN_POINT('Ctrl Pts',(74.6421547624866,-49.5961024090134,23.5));
#3078=CARTESIAN_POINT('Ctrl Pts',(74.1806942162127,-43.0014490650519,23.5));
#3079=CARTESIAN_POINT('Ctrl Pts',(74.5052212521583,-36.3786428352705,23.5));
#3080=CARTESIAN_POINT('Ctrl Pts',(74.8388936868292,-29.5692012964315,23.5));
#3081=CARTESIAN_POINT('Ctrl Pts',(76.0442308191757,-22.6700568763024,23.5));
#3082=CARTESIAN_POINT('Ctrl Pts',(78.3695360135701,-15.5135033606065,23.5));
#3083=CARTESIAN_POINT('',(81.6520652962818,-5.41091702690913,23.5));
#3084=CARTESIAN_POINT('',(74.5558184607614,-27.2509190883221,23.5));
#3085=CARTESIAN_POINT('',(67.5039509852025,1.99999993294477,23.5));
#3086=CARTESIAN_POINT('',(65.4939543712048,3.05285529362417,23.5));
#3087=CARTESIAN_POINT('',(12.9963948232167,1.99999993294479,23.5));
#3088=CARTESIAN_POINT('',(26.6232045378206,1.99999993294478,23.5));
#3089=CARTESIAN_POINT('',(-1.15272694742596,-5.42320669132185,23.5));
#3090=CARTESIAN_POINT('',(7.91656185592416,-0.665087720142914,23.5));
#3091=CARTESIAN_POINT('',(2.13049249127892,-15.5279171067576,23.5));
#3092=CARTESIAN_POINT('',(7.58335663858895,-32.3101073233869,23.5));
#3093=CARTESIAN_POINT('',(2.13049249127894,-65.000908767684,23.5));
#3094=CARTESIAN_POINT('Ctrl Pts',(2.13049249127892,-15.5279171067576,23.5));
#3095=CARTESIAN_POINT('Ctrl Pts',(4.63908650906348,-23.2485756167495,23.5));
#3096=CARTESIAN_POINT('Ctrl Pts',(5.69399980414121,-31.6391901205756,23.5));
#3097=CARTESIAN_POINT('Ctrl Pts',(5.71674181639646,-40.0802301129912,23.5));
#3098=CARTESIAN_POINT('Ctrl Pts',(5.73948382865172,-48.5212701054067,23.5));
#3099=CARTESIAN_POINT('Ctrl Pts',(4.71888546607427,-57.0346543214163,23.5));
#3100=CARTESIAN_POINT('Ctrl Pts',(2.13049249127895,-65.000908767684,23.5));
#3101=CARTESIAN_POINT('',(-1.15134736373191,-75.1013732610965,23.5));
#3102=CARTESIAN_POINT('',(5.94667255720033,-53.2559142039014,23.5));
#3103=CARTESIAN_POINT('',(15.0209753349106,-83.55917677243,23.5));
#3104=CARTESIAN_POINT('',(72.250001013279,-12.5000001862645,23.5));
#3105=CARTESIAN_POINT('Origin',(68.000001013279,-12.5000001862645,23.5));
#3106=CARTESIAN_POINT('',(71.5790144979096,-72.5000010579824,23.5));
#3107=CARTESIAN_POINT('',(10.5000001788139,-72.5000010579824,23.5));
#3108=CARTESIAN_POINT('',(26.2697537585879,-72.5000010579824,23.5));
#3109=CARTESIAN_POINT('',(10.5000001788139,-29.500000461936,23.5));
#3110=CARTESIAN_POINT('',(10.5000001788139,-40.7500006109476,23.5));
#3111=CARTESIAN_POINT('',(71.5790144979096,-29.500000461936,23.5));
#3112=CARTESIAN_POINT('',(55.8092609181357,-29.500000461936,23.5));
#3113=CARTESIAN_POINT('',(71.5790144979096,-61.2500009089708,23.5));
#3114=CARTESIAN_POINT('',(51.5859300000001,-10.5123,23.5));
#3115=CARTESIAN_POINT('',(51.5859300000001,-16.6495,23.5));
#3116=CARTESIAN_POINT('',(51.5859300000001,-25.3811500167638,23.5));
#3117=CARTESIAN_POINT('',(28.1272000000003,-16.6495,23.5));
#3118=CARTESIAN_POINT('',(45.9179721262123,-16.6495,23.5));
#3119=CARTESIAN_POINT('',(28.1272000000003,-10.5123,23.5));
#3120=CARTESIAN_POINT('',(28.1272000000003,-28.4497500167638,23.5));
#3121=CARTESIAN_POINT('',(34.1886071262124,-10.5123,23.5));
#3122=CARTESIAN_POINT('Origin',(40.2500142524245,-40.2500000335276,23.5));
#3123=CARTESIAN_POINT('',(82.1737620787507,-16.7495713381063,23.5));
#3124=CARTESIAN_POINT('',(86.5,-3.43478010997415,23.5));
#3125=CARTESIAN_POINT('',(76.7187798845862,-33.5382802326706,23.5));
#3126=CARTESIAN_POINT('',(86.5,-6.67084808747391,23.5));
#3127=CARTESIAN_POINT('',(86.5,-3.43478010997415,23.5));
#3128=CARTESIAN_POINT('',(83.1248185950459,-17.0585883324813,23.5));
#3129=CARTESIAN_POINT('',(87.4510565162952,-3.7437971043491,23.5));
#3130=CARTESIAN_POINT('',(83.1248185950459,-63.4414116606728,23.5));
#3131=CARTESIAN_POINT('Ctrl Pts',(83.1248185950459,-17.0585883324813,23.5));
#3132=CARTESIAN_POINT('Ctrl Pts',(80.5297797794957,-25.0452965734307,23.5));
#3133=CARTESIAN_POINT('Ctrl Pts',(79.4241165579339,-32.5866428587285,23.5));
#3134=CARTESIAN_POINT('Ctrl Pts',(79.4098876488091,-40.1372606391507,23.5));
#3135=CARTESIAN_POINT('Ctrl Pts',(79.3956587396844,-47.6878784195729,23.5));
#3136=CARTESIAN_POINT('Ctrl Pts',(80.4775000091856,-55.2938028313125,23.5));
#3137=CARTESIAN_POINT('Ctrl Pts',(83.1248185950459,-63.4414116606728,23.5));
#3138=CARTESIAN_POINT('',(86.5,-73.8291519056801,23.5));
#3139=CARTESIAN_POINT('',(87.4510565162952,-76.756202888805,23.5));
#3140=CARTESIAN_POINT('',(86.5,-77.0652198831799,23.5));
#3141=CARTESIAN_POINT('',(86.5,-3.43478010997415,23.5));
#3142=CARTESIAN_POINT('',(82.1737620787508,-63.7504286550478,23.5));
#3143=CARTESIAN_POINT('',(78.8818988560704,-53.6191154079717,23.5));
#3144=CARTESIAN_POINT('Ctrl Pts',(82.1737620787508,-63.7504286550478,23.5));
#3145=CARTESIAN_POINT('Ctrl Pts',(81.5308045453216,-61.77160883931,23.5));
#3146=CARTESIAN_POINT('Ctrl Pts',(80.394035499557,-57.8589460261637,23.5));
#3147=CARTESIAN_POINT('Ctrl Pts',(79.1359541288114,-52.1247455150112,23.5));
#3148=CARTESIAN_POINT('Ctrl Pts',(78.2610265910492,-44.698244922151,23.5));
#3149=CARTESIAN_POINT('Ctrl Pts',(78.2821330843009,-35.5640833483037,23.5));
#3150=CARTESIAN_POINT('Ctrl Pts',(79.1761942477491,-28.1914549948825,23.5));
#3151=CARTESIAN_POINT('Ctrl Pts',(80.425401774184,-22.5336106909343,23.5));
#3152=CARTESIAN_POINT('Ctrl Pts',(81.5434040093126,-18.6896139909417,23.5));
#3153=CARTESIAN_POINT('Ctrl Pts',(82.1737620787507,-16.7495713381063,23.5));
#3154=CARTESIAN_POINT('Origin',(49.3487944035454,-66.2223586479704,25.));
#3155=CARTESIAN_POINT('',(62.4053402099436,-79.1040545124703,25.5));
#3156=CARTESIAN_POINT('',(67.3405050390479,-83.7144973604987,25.5));
#3157=CARTESIAN_POINT('',(49.0074656129179,-66.5877278539645,25.5));
#3158=CARTESIAN_POINT('',(67.5048356201561,-82.4995366188582,24.5));
#3159=CARTESIAN_POINT('',(67.3405050390479,-83.7144973604987,25.5));
#3160=CARTESIAN_POINT('',(62.7997716136302,-78.1040545124703,24.5));
#3161=CARTESIAN_POINT('',(49.6901231941729,-65.8569894419762,24.5));
#3162=CARTESIAN_POINT('',(62.4053402099436,-79.1040545124703,25.5));
#3163=CARTESIAN_POINT('Origin',(72.8000151032673,-80.2903125844253,25.));
#3164=CARTESIAN_POINT('',(82.864048974864,-75.5831172036427,25.5));
#3165=CARTESIAN_POINT('',(73.0320186006026,-80.7332283520653,25.5));
#3166=CARTESIAN_POINT('',(81.6520652998187,-75.0890829771303,24.5));
#3167=CARTESIAN_POINT('',(82.864048974864,-75.5831172036427,25.5));
#3168=CARTESIAN_POINT('',(72.568011605932,-79.8473968167852,24.5));
#3169=CARTESIAN_POINT('Origin',(75.031346718909,-27.4054275855096,25.));
#3170=CARTESIAN_POINT('',(81.6520652962818,-5.41091702690913,24.5));
#3171=CARTESIAN_POINT('',(78.3695360135701,-15.5135033606065,24.5));
#3172=CARTESIAN_POINT('',(74.5558184607614,-27.2509190883221,24.5));
#3173=CARTESIAN_POINT('',(79.3205925298653,-15.8225203549815,25.5));
#3174=CARTESIAN_POINT('',(78.3695360135701,-15.5135033606065,24.5));
#3175=CARTESIAN_POINT('',(82.8640489722113,-4.91688279767539,25.5));
#3176=CARTESIAN_POINT('',(75.5068749770566,-27.559936082697,25.5));
#3177=CARTESIAN_POINT('',(82.8640489722113,-4.91688279767539,25.5));
#3178=CARTESIAN_POINT('Origin',(65.7259578670603,3.49577106203933,25.));
#3179=CARTESIAN_POINT('',(67.75,2.99999993294477,25.5));
#3180=CARTESIAN_POINT('',(65.9579613629159,3.93868683045449,25.5));
#3181=CARTESIAN_POINT('',(67.5039509852025,1.99999993294477,24.5));
#3182=CARTESIAN_POINT('',(67.75,2.99999993294477,25.5));
#3183=CARTESIAN_POINT('',(65.4939543712048,3.05285529362417,24.5));
#3184=CARTESIAN_POINT('Origin',(26.6232045378206,2.49999993294478,25.));
#3185=CARTESIAN_POINT('',(12.75,2.99999993294479,25.5));
#3186=CARTESIAN_POINT('',(26.6232045378206,2.99999993294479,25.5));
#3187=CARTESIAN_POINT('',(12.9963948232167,1.99999993294479,24.5));
#3188=CARTESIAN_POINT('',(12.75,2.99999993294479,25.5));
#3189=CARTESIAN_POINT('',(26.6232045378206,1.99999993294478,24.5));
#3190=CARTESIAN_POINT('Origin',(7.68426959109159,-0.222323331670952,25.));
#3191=CARTESIAN_POINT('',(-2.36453808435721,-4.92970348252271,25.5));
#3192=CARTESIAN_POINT('',(7.45197732625902,0.220441056801013,25.5));
#3193=CARTESIAN_POINT('',(-1.15272694742596,-5.42320669132185,24.5));
#3194=CARTESIAN_POINT('',(-2.36453808435721,-4.92970348252271,25.5));
#3195=CARTESIAN_POINT('',(7.91656185592416,-0.665087720142917,24.5));
#3196=CARTESIAN_POINT('Origin',(5.47114429905275,-53.1014057067139,25.));
#3197=CARTESIAN_POINT('',(-1.15134736373191,-75.1013732610965,24.5));
#3198=CARTESIAN_POINT('',(2.13049249127894,-65.000908767684,24.5));
#3199=CARTESIAN_POINT('',(5.94667255720033,-53.2559142039014,24.5));
#3200=CARTESIAN_POINT('',(1.17943597498379,-64.691891773309,25.5));
#3201=CARTESIAN_POINT('',(2.13049249127894,-65.000908767684,24.5));
#3202=CARTESIAN_POINT('',(-2.36350339658667,-75.5959379504015,25.5));
#3203=CARTESIAN_POINT('',(4.99561604090517,-52.9468972095264,25.5));
#3204=CARTESIAN_POINT('',(-2.36350339658667,-75.5959379504015,25.5));
#3205=CARTESIAN_POINT('Ctrl Pts',(1.17943597498379,-64.691891773309,25.5));
#3206=CARTESIAN_POINT('Ctrl Pts',(2.63578929617071,-60.2096971323815,25.5));
#3207=CARTESIAN_POINT('Ctrl Pts',(4.52646302293514,-50.8777406687025,25.5));
#3208=CARTESIAN_POINT('Ctrl Pts',(5.05520271311863,-34.0547015256318,25.5));
#3209=CARTESIAN_POINT('Ctrl Pts',(3.29564805033854,-22.3499651666234,25.5));
#3210=CARTESIAN_POINT('Ctrl Pts',(1.17943597498377,-15.8369341011326,25.5));
#3211=CARTESIAN_POINT('Ctrl Pts',(1.49645481374884,-64.7948974381007,25.1666666666667));
#3212=CARTESIAN_POINT('Ctrl Pts',(2.9603842611678,-60.2893858781933,25.1666666666667));
#3213=CARTESIAN_POINT('Ctrl Pts',(4.85938383802083,-50.9117924022785,25.1666666666667));
#3214=CARTESIAN_POINT('Ctrl Pts',(5.38947485764447,-34.0355844667224,25.1666666666667));
#3215=CARTESIAN_POINT('Ctrl Pts',(3.62400401192379,-22.2818515780944,25.1666666666667));
#3216=CARTESIAN_POINT('Ctrl Pts',(1.49645481374882,-15.7339284363409,25.1666666666667));
#3217=CARTESIAN_POINT('Ctrl Pts',(1.81347365251389,-64.8979031028923,24.8333333333333));
#3218=CARTESIAN_POINT('Ctrl Pts',(3.2849792261649,-60.369074624005,24.8333333333333));
#3219=CARTESIAN_POINT('Ctrl Pts',(5.19230465310653,-50.9458441358544,24.8333333333333));
#3220=CARTESIAN_POINT('Ctrl Pts',(5.7237470021703,-34.0164674078129,24.8333333333333));
#3221=CARTESIAN_POINT('Ctrl Pts',(3.95235997350904,-22.2137379895654,24.8333333333333));
#3222=CARTESIAN_POINT('Ctrl Pts',(1.81347365251387,-15.6309227715493,24.8333333333333));
#3223=CARTESIAN_POINT('Ctrl Pts',(2.13049249127894,-65.000908767684,24.5));
#3224=CARTESIAN_POINT('Ctrl Pts',(3.60957419116199,-60.4487633698167,24.5));
#3225=CARTESIAN_POINT('Ctrl Pts',(5.52522546819222,-50.9798958694304,24.5));
#3226=CARTESIAN_POINT('Ctrl Pts',(6.05801914669613,-33.9973503489035,24.5));
#3227=CARTESIAN_POINT('Ctrl Pts',(4.2807159350943,-22.1456244010364,24.4999999999999));
#3228=CARTESIAN_POINT('Ctrl Pts',(2.13049249127892,-15.5279171067576,24.5));
#3229=CARTESIAN_POINT('',(2.13049249127892,-15.5279171067576,24.5));
#3230=CARTESIAN_POINT('',(1.17943597498377,-15.8369341011326,25.5));
#3231=CARTESIAN_POINT('',(2.13049249127892,-15.5279171067576,24.5));
#3232=CARTESIAN_POINT('Ctrl Pts',(1.17943597498377,-15.8369341011326,25.5));
#3233=CARTESIAN_POINT('Ctrl Pts',(3.29564805033854,-22.3499651666234,25.5));
#3234=CARTESIAN_POINT('Ctrl Pts',(5.05520271311863,-34.0547015256318,25.5));
#3235=CARTESIAN_POINT('Ctrl Pts',(4.52646302293514,-50.8777406687025,25.5));
#3236=CARTESIAN_POINT('Ctrl Pts',(2.63578929617071,-60.2096971323815,25.5));
#3237=CARTESIAN_POINT('Ctrl Pts',(1.17943597498379,-64.691891773309,25.5));
#3238=CARTESIAN_POINT('Ctrl Pts',(2.13049249127894,-65.000908767684,24.5));
#3239=CARTESIAN_POINT('Ctrl Pts',(3.60957419116199,-60.4487633698167,24.5));
#3240=CARTESIAN_POINT('Ctrl Pts',(5.52522546819222,-50.9798958694304,24.5));
#3241=CARTESIAN_POINT('Ctrl Pts',(6.05801914669613,-33.9973503489035,24.5));
#3242=CARTESIAN_POINT('Ctrl Pts',(4.2807159350943,-22.1456244010364,24.4999999999999));
#3243=CARTESIAN_POINT('Ctrl Pts',(2.13049249127892,-15.5279171067576,24.5));
#3244=CARTESIAN_POINT('Origin',(7.10782838044137,-32.4646158205744,25.));
#3245=CARTESIAN_POINT('',(6.6323001222938,-32.6191243177618,25.5));
#3246=CARTESIAN_POINT('',(7.58335663858895,-32.3101073233869,24.5));
#3247=CARTESIAN_POINT('Origin',(14.7892602430613,-84.0022434899899,25.));
#3248=CARTESIAN_POINT('',(12.9957039096417,-82.5000000486388,24.5));
#3249=CARTESIAN_POINT('',(15.0209753349106,-83.55917677243,24.5));
#3250=CARTESIAN_POINT('',(13.160391959261,-83.7146268423368,25.5));
#3251=CARTESIAN_POINT('',(14.557545151212,-84.4453102075497,25.5));
#3252=CARTESIAN_POINT('',(13.160391959261,-83.7146268423368,25.5));
#3253=CARTESIAN_POINT('Origin',(33.5045043159217,-64.0248687864699,25.));
#3254=CARTESIAN_POINT('',(17.701263986161,-78.1040545124703,24.5));
#3255=CARTESIAN_POINT('',(33.1631755252942,-63.6594995804758,24.5));
#3256=CARTESIAN_POINT('',(18.0956953898477,-79.1040545124703,25.5));
#3257=CARTESIAN_POINT('',(33.8458331065492,-64.3902379924641,25.5));
#3258=CARTESIAN_POINT('',(18.0956953898477,-79.1040545124703,25.5));
#3259=CARTESIAN_POINT('Ctrl Pts',(79.3205925298653,-15.8225203549814,25.5));
#3260=CARTESIAN_POINT('Ctrl Pts',(77.7658203142544,-20.6076172070243,25.5));
#3261=CARTESIAN_POINT('Ctrl Pts',(75.6839955171791,-29.9504389301126,25.5));
#3262=CARTESIAN_POINT('Ctrl Pts',(75.0918362581493,-43.4960191301087,25.5));
#3263=CARTESIAN_POINT('Ctrl Pts',(76.5416492684811,-55.0144930633142,25.5));
#3264=CARTESIAN_POINT('Ctrl Pts',(78.5280202061781,-62.2381928455398,25.5));
#3265=CARTESIAN_POINT('Ctrl Pts',(79.3205925298654,-64.6774796381729,25.5));
#3266=CARTESIAN_POINT('Ctrl Pts',(79.0035736911002,-15.7195146901898,25.1666666666667));
#3267=CARTESIAN_POINT('Ctrl Pts',(77.4428104011194,-20.523050173191,25.1666666666667));
#3268=CARTESIAN_POINT('Ctrl Pts',(75.3517955415151,-29.9070166020367,25.1666666666667));
#3269=CARTESIAN_POINT('Ctrl Pts',(74.7571619764081,-43.5091906209345,25.1666666666667));
#3270=CARTESIAN_POINT('Ctrl Pts',(76.2132318669076,-55.0780276429482,25.1666666666667));
#3271=CARTESIAN_POINT('Ctrl Pts',(78.2079850686739,-62.3319152973588,25.1666666666667));
#3272=CARTESIAN_POINT('Ctrl Pts',(79.0035736911003,-64.7804853029645,25.1666666666667));
#3273=CARTESIAN_POINT('Ctrl Pts',(78.6865548523352,-15.6165090253982,24.8333333333333));
#3274=CARTESIAN_POINT('Ctrl Pts',(77.1198004879843,-20.4384831393577,24.8333333333333));
#3275=CARTESIAN_POINT('Ctrl Pts',(75.0195955658511,-29.8635942739608,24.8333333333333));
#3276=CARTESIAN_POINT('Ctrl Pts',(74.4224876946668,-43.5223621117603,24.8333333333333));
#3277=CARTESIAN_POINT('Ctrl Pts',(75.8848144653342,-55.1415622225823,24.8333333333333));
#3278=CARTESIAN_POINT('Ctrl Pts',(77.8879499311697,-62.4256377491777,24.8333333333333));
#3279=CARTESIAN_POINT('Ctrl Pts',(78.6865548523353,-64.8834909677562,24.8333333333333));
#3280=CARTESIAN_POINT('Ctrl Pts',(78.3695360135701,-15.5135033606065,24.5));
#3281=CARTESIAN_POINT('Ctrl Pts',(76.7967905748493,-20.3539161055244,24.5));
#3282=CARTESIAN_POINT('Ctrl Pts',(74.6873955901871,-29.8201719458849,24.5));
#3283=CARTESIAN_POINT('Ctrl Pts',(74.0878134129256,-43.5355336025861,24.5));
#3284=CARTESIAN_POINT('Ctrl Pts',(75.5563970637608,-55.2050968022164,24.5));
#3285=CARTESIAN_POINT('Ctrl Pts',(77.5679147936654,-62.5193602009966,24.5));
#3286=CARTESIAN_POINT('Ctrl Pts',(78.3695360135702,-64.9864966325479,24.5));
#3287=CARTESIAN_POINT('',(78.3695360135701,-64.9864966325475,24.5));
#3288=CARTESIAN_POINT('',(79.3205925298653,-64.6774796381726,25.5));
#3289=CARTESIAN_POINT('',(78.3695360135701,-64.9864966325475,24.5));
#3290=CARTESIAN_POINT('Ctrl Pts',(79.3205925298654,-64.6774796381729,25.5));
#3291=CARTESIAN_POINT('Ctrl Pts',(78.5280202061781,-62.2381928455398,25.5));
#3292=CARTESIAN_POINT('Ctrl Pts',(76.5416492684811,-55.0144930633142,25.5));
#3293=CARTESIAN_POINT('Ctrl Pts',(75.0918362581493,-43.4960191301087,25.5));
#3294=CARTESIAN_POINT('Ctrl Pts',(75.6839955171791,-29.9504389301126,25.5));
#3295=CARTESIAN_POINT('Ctrl Pts',(77.7658203142544,-20.6076172070243,25.5));
#3296=CARTESIAN_POINT('Ctrl Pts',(79.3205925298653,-15.8225203549814,25.5));
#3297=CARTESIAN_POINT('Ctrl Pts',(78.3695360135701,-15.5135033606065,24.5));
#3298=CARTESIAN_POINT('Ctrl Pts',(76.7967905748493,-20.3539161055244,24.5));
#3299=CARTESIAN_POINT('Ctrl Pts',(74.6873955901871,-29.8201719458849,24.5));
#3300=CARTESIAN_POINT('Ctrl Pts',(74.0878134129256,-43.5355336025861,24.5));
#3301=CARTESIAN_POINT('Ctrl Pts',(75.5563970637608,-55.2050968022164,24.5));
#3302=CARTESIAN_POINT('Ctrl Pts',(77.5679147936654,-62.5193602009966,24.5));
#3303=CARTESIAN_POINT('Ctrl Pts',(78.3695360135702,-64.9864966325479,24.5));
#3304=CARTESIAN_POINT('Origin',(73.3900820884127,-48.043279274218,25.));
#3305=CARTESIAN_POINT('',(73.8656103465603,-47.8887707770305,25.5));
#3306=CARTESIAN_POINT('',(72.9145538302651,-48.1977877714054,24.5));
#3307=CARTESIAN_POINT('Origin',(51.5248929330274,-78.6040545124703,25.));
#3308=CARTESIAN_POINT('',(51.5248929330274,-78.1040545124703,24.5));
#3309=CARTESIAN_POINT('',(51.5248929330274,-79.1040545124703,25.5));
#3310=CARTESIAN_POINT('Origin',(81.6520652962818,-5.41091702690913,23.5));
#3311=CARTESIAN_POINT('',(81.6520652962818,-5.41091702690913,23.5));
#3312=CARTESIAN_POINT('',(78.3695360135701,-15.5135033606065,23.5));
#3313=CARTESIAN_POINT('Origin',(67.5039509852025,1.99999993294477,23.5));
#3314=CARTESIAN_POINT('',(67.5039509852025,1.99999993294477,23.5));
#3315=CARTESIAN_POINT('Origin',(12.9963948232167,1.99999993294479,23.5));
#3316=CARTESIAN_POINT('',(12.9963948232167,1.99999993294479,23.5));
#3317=CARTESIAN_POINT('Origin',(-1.15272694742596,-5.42320669132185,23.5));
#3318=CARTESIAN_POINT('',(-1.15272694742596,-5.42320669132185,23.5));
#3319=CARTESIAN_POINT('Origin',(2.13049249127892,-15.5279171067576,23.5));
#3320=CARTESIAN_POINT('',(2.13049249127892,-15.5279171067576,23.5));
#3321=CARTESIAN_POINT('Ctrl Pts',(2.13049249127895,-65.000908767684,23.5));
#3322=CARTESIAN_POINT('Ctrl Pts',(2.13049249127895,-65.000908767684,25.5));
#3323=CARTESIAN_POINT('Ctrl Pts',(4.71888546607427,-57.0346543214163,23.5));
#3324=CARTESIAN_POINT('Ctrl Pts',(4.71888546607427,-57.0346543214163,25.5));
#3325=CARTESIAN_POINT('Ctrl Pts',(5.73948382865172,-48.5212701054067,23.5));
#3326=CARTESIAN_POINT('Ctrl Pts',(5.73948382865172,-48.5212701054067,25.5));
#3327=CARTESIAN_POINT('Ctrl Pts',(5.71674181639646,-40.0802301129912,23.5));
#3328=CARTESIAN_POINT('Ctrl Pts',(5.71674181639646,-40.0802301129912,25.5));
#3329=CARTESIAN_POINT('Ctrl Pts',(5.69399980414121,-31.6391901205756,23.5));
#3330=CARTESIAN_POINT('Ctrl Pts',(5.69399980414121,-31.6391901205756,25.5));
#3331=CARTESIAN_POINT('Ctrl Pts',(4.63908650906348,-23.2485756167495,23.5));
#3332=CARTESIAN_POINT('Ctrl Pts',(4.63908650906348,-23.2485756167495,25.5));
#3333=CARTESIAN_POINT('Ctrl Pts',(2.13049249127892,-15.5279171067576,23.5));
#3334=CARTESIAN_POINT('Ctrl Pts',(2.13049249127892,-15.5279171067576,25.5));
#3335=CARTESIAN_POINT('',(2.13049249127894,-65.000908767684,23.5));
#3336=CARTESIAN_POINT('Origin',(-1.15134736373191,-75.1013732610965,23.5));
#3337=CARTESIAN_POINT('',(-1.15134736373191,-75.1013732610965,23.5));
#3338=CARTESIAN_POINT('Origin',(40.2500142524245,-40.2500000335276,25.5));
#3339=CARTESIAN_POINT('',(82.1737620787508,-63.7504286550477,25.5));
#3340=CARTESIAN_POINT('',(85.5,-73.9875363460047,25.5));
#3341=CARTESIAN_POINT('',(78.4063705979228,-52.1555899164093,25.5));
#3342=CARTESIAN_POINT('',(82.1737620787507,-16.7495713381063,25.5));
#3343=CARTESIAN_POINT('Ctrl Pts',(82.1737620787507,-16.7495713381063,25.5));
#3344=CARTESIAN_POINT('Ctrl Pts',(80.6729095324694,-21.3687205115239,25.5));
#3345=CARTESIAN_POINT('Ctrl Pts',(78.6759896819043,-30.3456975387073,25.5));
#3346=CARTESIAN_POINT('Ctrl Pts',(78.0074723626769,-45.5463091346721,25.5));
#3347=CARTESIAN_POINT('Ctrl Pts',(79.8774851736465,-56.6832150274128,25.5));
#3348=CARTESIAN_POINT('Ctrl Pts',(82.1737620787508,-63.7504286550478,25.5));
#3349=CARTESIAN_POINT('',(85.5,-6.51246364714936,25.5));
#3350=CARTESIAN_POINT('',(76.7187798845862,-33.5382802326706,25.5));
#3351=CARTESIAN_POINT('',(85.5,-4.03985340664943,25.5));
#3352=CARTESIAN_POINT('',(85.5,-23.4604240605008,25.5));
#3353=CARTESIAN_POINT('',(68.242098029595,4.99999993294477,25.5));
#3354=CARTESIAN_POINT('',(75.4559858703147,1.22129680899504,25.5));
#3355=CARTESIAN_POINT('',(12.2572103535666,4.99999993294479,25.5));
#3356=CARTESIAN_POINT('',(54.3690806484085,4.99999993294477,25.5));
#3357=CARTESIAN_POINT('',(-4.99997149515096,-4.05382183013945,25.5));
#3358=CARTESIAN_POINT('',(14.0337485651469,5.93204436893433,25.5));
#3359=CARTESIAN_POINT('',(-4.99997149515096,-6.52687739330053,25.5));
#3360=CARTESIAN_POINT('',(-4.99997149515095,-21.8495969448265,25.5));
#3361=CARTESIAN_POINT('',(-1.6737335739017,-16.7639850842574,25.5));
#3362=CARTESIAN_POINT('',(2.09153987093128,-28.352305178383,25.5));
#3363=CARTESIAN_POINT('',(-1.67373357390168,-63.7648407901842,25.5));
#3364=CARTESIAN_POINT('Ctrl Pts',(-1.67373357390168,-63.7648407901842,25.5));
#3365=CARTESIAN_POINT('Ctrl Pts',(-0.979649481352402,-61.6286696051301,
25.5));
#3366=CARTESIAN_POINT('Ctrl Pts',(0.750605361724318,-55.0871965338555,25.5));
#3367=CARTESIAN_POINT('Ctrl Pts',(1.99769184478904,-43.5879074672752,25.5));
#3368=CARTESIAN_POINT('Ctrl Pts',(1.46630915431301,-29.6390133683566,25.5));
#3369=CARTESIAN_POINT('Ctrl Pts',(-0.330948260586333,-20.8966533370089,
25.5));
#3370=CARTESIAN_POINT('Ctrl Pts',(-1.6737335739017,-16.7639850842574,25.5));
#3371=CARTESIAN_POINT('',(-4.99997149515093,-74.0019484811411,25.5));
#3372=CARTESIAN_POINT('',(3.78336641952514,-46.9696139796953,25.5));
#3373=CARTESIAN_POINT('',(-4.99997149515093,-76.4741139382668,25.5));
#3374=CARTESIAN_POINT('',(-4.99997149515094,-57.0467820371721,25.5));
#3375=CARTESIAN_POINT('',(12.2585923667228,-85.5,25.5));
#3376=CARTESIAN_POINT('',(5.05970744881569,-81.7351261923885,25.5));
#3377=CARTESIAN_POINT('',(14.6184571463975,-85.5,25.5));
#3378=CARTESIAN_POINT('',(26.1314514012543,-85.5,25.5));
#3379=CARTESIAN_POINT('',(19.0028876183271,-81.4040545124703,25.5));
#3380=CARTESIAN_POINT('',(32.604044025699,-68.6978214980273,25.5));
#3381=CARTESIAN_POINT('',(61.4981479814641,-81.4040545124703,25.5));
#3382=CARTESIAN_POINT('',(29.8236666372191,-81.4040545124703,25.5));
#3383=CARTESIAN_POINT('',(65.8825784533938,-85.5,25.5));
#3384=CARTESIAN_POINT('',(45.7045074545402,-66.6495975625692,25.5));
#3385=CARTESIAN_POINT('',(68.2420980331381,-85.5,25.5));
#3386=CARTESIAN_POINT('',(52.8690806510658,-85.5,25.5));
#3387=CARTESIAN_POINT('',(85.5,-76.4601465887866,25.5));
#3388=CARTESIAN_POINT('',(66.4500594755468,-86.4386868635002,25.5));
#3389=CARTESIAN_POINT('',(85.5,-58.6576099583538,25.5));
#3390=CARTESIAN_POINT('Origin',(32.9453728163265,-69.0631907040214,25.));
#3391=CARTESIAN_POINT('',(15.0128885500841,-86.5,24.5));
#3392=CARTESIAN_POINT('',(14.6184571463975,-85.5,25.5));
#3393=CARTESIAN_POINT('',(19.3973190220137,-82.4040545124703,24.5));
#3394=CARTESIAN_POINT('',(33.286701606954,-69.4285599100155,24.5));
#3395=CARTESIAN_POINT('',(19.0028876183271,-81.4040545124703,25.5));
#3396=CARTESIAN_POINT('Origin',(26.1314514012543,-86.,25.));
#3397=CARTESIAN_POINT('',(12.0128885500841,-86.5,24.5));
#3398=CARTESIAN_POINT('',(12.2585923667228,-85.5,25.5));
#3399=CARTESIAN_POINT('',(26.1314514012543,-86.5,24.5));
#3400=CARTESIAN_POINT('Origin',(4.82799235696637,-82.1781929099484,25.));
#3401=CARTESIAN_POINT('',(-5.99997149515093,-77.0796320183163,24.5));
#3402=CARTESIAN_POINT('',(-4.99997149515093,-76.4741139382668,25.5));
#3403=CARTESIAN_POINT('',(4.59627726511706,-82.6212596275082,24.5));
#3404=CARTESIAN_POINT('Origin',(-5.49997149515094,-57.0467820371721,25.));
#3405=CARTESIAN_POINT('',(-5.99997149515094,-73.8435640408166,24.5));
#3406=CARTESIAN_POINT('',(-4.99997149515093,-74.0019484811411,25.5));
#3407=CARTESIAN_POINT('',(-5.99997149515094,-57.0467820371721,24.5));
#3408=CARTESIAN_POINT('Origin',(1.6160116127837,-28.5068136755705,25.));
#3409=CARTESIAN_POINT('',(-5.99997149515096,-6.68526183362508,24.5));
#3410=CARTESIAN_POINT('',(-2.62479009019685,-17.0730020786324,24.5));
#3411=CARTESIAN_POINT('',(1.14048335463613,-28.661322172758,24.5));
#3412=CARTESIAN_POINT('',(-2.62479009019685,-17.0730020786324,24.5));
#3413=CARTESIAN_POINT('',(-4.99997149515096,-6.52687739330053,25.5));
#3414=CARTESIAN_POINT('Origin',(-5.49997149515095,-21.8495969448265,25.));
#3415=CARTESIAN_POINT('',(-5.99997149515096,-3.44919385612528,24.5));
#3416=CARTESIAN_POINT('',(-4.99997149515096,-4.05382183013945,25.5));
#3417=CARTESIAN_POINT('',(-5.99997149515095,-21.8495969448265,24.5));
#3418=CARTESIAN_POINT('Origin',(13.8014563003143,6.3748087574063,25.));
#3419=CARTESIAN_POINT('',(12.0108155303498,5.99999993294479,24.5));
#3420=CARTESIAN_POINT('',(12.2572103535666,4.99999993294479,25.5));
#3421=CARTESIAN_POINT('',(13.5691640354818,6.81757314587826,24.5));
#3422=CARTESIAN_POINT('Origin',(54.3690806484085,5.49999993294477,25.));
#3423=CARTESIAN_POINT('',(68.4881470443925,5.99999993294476,24.5));
#3424=CARTESIAN_POINT('',(68.242098029595,4.99999993294477,25.5));
#3425=CARTESIAN_POINT('',(54.3690806484085,5.99999993294477,24.5));
#3426=CARTESIAN_POINT('Origin',(75.6879893661702,1.6642125774102,25.));
#3427=CARTESIAN_POINT('',(86.5,-3.43478010997415,24.5));
#3428=CARTESIAN_POINT('',(85.5,-4.03985340664943,25.5));
#3429=CARTESIAN_POINT('',(75.9199928620258,2.10712834582536,24.5));
#3430=CARTESIAN_POINT('Origin',(86.,-23.4604240605008,25.));
#3431=CARTESIAN_POINT('',(86.5,-6.67084808747391,24.5));
#3432=CARTESIAN_POINT('',(86.5,-23.4604240605008,24.5));
#3433=CARTESIAN_POINT('',(85.5,-6.51246364714937,25.5));
#3434=CARTESIAN_POINT('Origin',(78.8818988560704,-52.0010814192218,25.));
#3435=CARTESIAN_POINT('',(86.5,-73.8291519056801,24.5));
#3436=CARTESIAN_POINT('',(83.1248185950459,-63.4414116606728,24.5));
#3437=CARTESIAN_POINT('',(79.357427114218,-51.8465729220343,24.5));
#3438=CARTESIAN_POINT('',(83.1248185950459,-63.4414116606728,24.5));
#3439=CARTESIAN_POINT('',(85.5,-73.9875363460047,25.5));
#3440=CARTESIAN_POINT('Ctrl Pts',(82.1737620787508,-63.7504286550478,25.5));
#3441=CARTESIAN_POINT('Ctrl Pts',(79.8774851736465,-56.6832150274128,25.5));
#3442=CARTESIAN_POINT('Ctrl Pts',(78.0074723626769,-45.5463091346721,25.5));
#3443=CARTESIAN_POINT('Ctrl Pts',(78.6759896819043,-30.3456975387073,25.5));
#3444=CARTESIAN_POINT('Ctrl Pts',(80.6729095324694,-21.3687205115239,25.5));
#3445=CARTESIAN_POINT('Ctrl Pts',(82.1737620787507,-16.7495713381063,25.5));
#3446=CARTESIAN_POINT('Ctrl Pts',(82.4907809175158,-63.6474229902561,25.1666666666667));
#3447=CARTESIAN_POINT('Ctrl Pts',(80.2035529086291,-56.6080590015394,25.1666666666667));
#3448=CARTESIAN_POINT('Ctrl Pts',(78.3426893247539,-45.5239876595999,25.1666666666667));
#3449=CARTESIAN_POINT('Ctrl Pts',(79.0080072595582,-30.3887585920387,25.1666666666667));
#3450=CARTESIAN_POINT('Ctrl Pts',(80.9959194456043,-21.4532875453572,25.1666666666667));
#3451=CARTESIAN_POINT('Ctrl Pts',(82.4907809175157,-16.852577002898,25.1666666666667));
#3452=CARTESIAN_POINT('Ctrl Pts',(82.8077997562808,-63.5444173254645,24.8333333333333));
#3453=CARTESIAN_POINT('Ctrl Pts',(80.5296206436116,-56.532902975666,24.8333333333333));
#3454=CARTESIAN_POINT('Ctrl Pts',(78.6779062868309,-45.5016661845278,24.8333333333333));
#3455=CARTESIAN_POINT('Ctrl Pts',(79.340024837212,-30.43181964537,24.8333333333333));
#3456=CARTESIAN_POINT('Ctrl Pts',(81.3189293587393,-21.5378545791905,24.8333333333333));
#3457=CARTESIAN_POINT('Ctrl Pts',(82.8077997562808,-16.9555826676896,24.8333333333333));
#3458=CARTESIAN_POINT('Ctrl Pts',(83.1248185950459,-63.4414116606728,24.5));
#3459=CARTESIAN_POINT('Ctrl Pts',(80.8556883785941,-56.4577469497926,24.5));
#3460=CARTESIAN_POINT('Ctrl Pts',(79.0131232489079,-45.4793447094556,24.5));
#3461=CARTESIAN_POINT('Ctrl Pts',(79.6720424148659,-30.4748806987014,24.5));
#3462=CARTESIAN_POINT('Ctrl Pts',(81.6419392718742,-21.6224216130237,24.5));
#3463=CARTESIAN_POINT('Ctrl Pts',(83.1248185950459,-17.0585883324813,24.5));
#3464=CARTESIAN_POINT('',(83.1248185950459,-17.0585883324813,24.5));
#3465=CARTESIAN_POINT('',(83.1248185950459,-17.0585883324813,24.5));
#3466=CARTESIAN_POINT('Ctrl Pts',(83.1248185950459,-63.4414116606728,24.5));
#3467=CARTESIAN_POINT('Ctrl Pts',(80.8556883785941,-56.4577469497926,24.5));
#3468=CARTESIAN_POINT('Ctrl Pts',(79.0131232489079,-45.4793447094556,24.5));
#3469=CARTESIAN_POINT('Ctrl Pts',(79.6720424148659,-30.4748806987014,24.5));
#3470=CARTESIAN_POINT('Ctrl Pts',(81.6419392718742,-21.6224216130237,24.5));
#3471=CARTESIAN_POINT('Ctrl Pts',(83.1248185950459,-17.0585883324813,24.5));
#3472=CARTESIAN_POINT('Origin',(77.1943081427337,-33.6927887298581,25.));
#3473=CARTESIAN_POINT('',(77.6698364008813,-33.8472972270455,24.5));
#3474=CARTESIAN_POINT('Origin',(86.,-58.6576099583538,25.));
#3475=CARTESIAN_POINT('',(86.5,-77.0652198831799,24.5));
#3476=CARTESIAN_POINT('',(86.5,-58.6576099583538,24.5));
#3477=CARTESIAN_POINT('',(85.5,-76.4601465887866,25.5));
#3478=CARTESIAN_POINT('Origin',(66.6820629728821,-86.8816026311403,25.));
#3479=CARTESIAN_POINT('',(68.4881470497071,-86.5,24.5));
#3480=CARTESIAN_POINT('',(66.9140664702173,-87.3245183987804,24.5));
#3481=CARTESIAN_POINT('',(68.2420980331381,-85.5,25.5));
#3482=CARTESIAN_POINT('Ctrl Pts',(-1.6737335739017,-16.7639850842574,25.5));
#3483=CARTESIAN_POINT('Ctrl Pts',(-0.330948260586333,-20.8966533370089,
25.5));
#3484=CARTESIAN_POINT('Ctrl Pts',(1.46630915431301,-29.6390133683566,25.5));
#3485=CARTESIAN_POINT('Ctrl Pts',(1.99769184478904,-43.5879074672752,25.5));
#3486=CARTESIAN_POINT('Ctrl Pts',(0.750605361724318,-55.0871965338555,25.5));
#3487=CARTESIAN_POINT('Ctrl Pts',(-0.979649481352402,-61.6286696051301,
25.5));
#3488=CARTESIAN_POINT('Ctrl Pts',(-1.67373357390168,-63.7648407901842,25.5));
#3489=CARTESIAN_POINT('Ctrl Pts',(-1.99075241266675,-16.8669907490491,25.1666666666667));
#3490=CARTESIAN_POINT('Ctrl Pts',(-0.655525181231511,-20.9763976176254,
25.1666666666667));
#3491=CARTESIAN_POINT('Ctrl Pts',(1.13356319747689,-29.6750849701168,25.1666666666667));
#3492=CARTESIAN_POINT('Ctrl Pts',(1.66355324121992,-43.5780684433491,25.1666666666667));
#3493=CARTESIAN_POINT('Ctrl Pts',(0.42063300848263,-55.0313272372777,25.1666666666667));
#3494=CARTESIAN_POINT('Ctrl Pts',(-1.30045638323347,-61.5373223998284,25.1666666666667));
#3495=CARTESIAN_POINT('Ctrl Pts',(-1.99075241266673,-63.6618351253926,25.1666666666667));
#3496=CARTESIAN_POINT('Ctrl Pts',(-2.3077712514318,-16.9699964138407,24.8333333333333));
#3497=CARTESIAN_POINT('Ctrl Pts',(-0.980102101876686,-21.056141898242,24.8333333333334));
#3498=CARTESIAN_POINT('Ctrl Pts',(0.800817240640772,-29.7111565718769,24.8333333333333));
#3499=CARTESIAN_POINT('Ctrl Pts',(1.3294146376508,-43.5682294194229,24.8333333333333));
#3500=CARTESIAN_POINT('Ctrl Pts',(0.0906606552409494,-54.9754579407,24.8333333333333));
#3501=CARTESIAN_POINT('Ctrl Pts',(-1.62126328511454,-61.4459751945267,24.8333333333333));
#3502=CARTESIAN_POINT('Ctrl Pts',(-2.30777125143178,-63.5588294606009,24.8333333333333));
#3503=CARTESIAN_POINT('Ctrl Pts',(-2.62479009019685,-17.0730020786324,24.5));
#3504=CARTESIAN_POINT('Ctrl Pts',(-1.30467902252186,-21.1358861788585,24.5));
#3505=CARTESIAN_POINT('Ctrl Pts',(0.468071283804652,-29.7472281736371,24.5));
#3506=CARTESIAN_POINT('Ctrl Pts',(0.995276034081673,-43.5583903954967,24.5));
#3507=CARTESIAN_POINT('Ctrl Pts',(-0.239311698000738,-54.9195886441222,
24.5));
#3508=CARTESIAN_POINT('Ctrl Pts',(-1.94207018699561,-61.354627989225,24.5));
#3509=CARTESIAN_POINT('Ctrl Pts',(-2.62479009019683,-63.4558237958093,24.5));
#3510=CARTESIAN_POINT('',(-2.62479009019683,-63.4558237958093,24.5));
#3511=CARTESIAN_POINT('',(-2.62479009019683,-63.4558237958093,24.5));
#3512=CARTESIAN_POINT('Ctrl Pts',(-2.62479009019685,-17.0730020786324,24.5));
#3513=CARTESIAN_POINT('Ctrl Pts',(-1.30467902252186,-21.1358861788585,24.5));
#3514=CARTESIAN_POINT('Ctrl Pts',(0.468071283804652,-29.7472281736371,24.5));
#3515=CARTESIAN_POINT('Ctrl Pts',(0.995276034081673,-43.5583903954967,24.5));
#3516=CARTESIAN_POINT('Ctrl Pts',(-0.239311698000738,-54.9195886441222,
24.5));
#3517=CARTESIAN_POINT('Ctrl Pts',(-1.94207018699561,-61.354627989225,24.5));
#3518=CARTESIAN_POINT('Ctrl Pts',(-2.62479009019683,-63.4558237958093,24.5));
#3519=CARTESIAN_POINT('Origin',(3.30783816137756,-46.8151054825078,25.));
#3520=CARTESIAN_POINT('',(2.83230990322999,-46.6605969853204,24.5));
#3521=CARTESIAN_POINT('Origin',(52.8690806510658,-86.,25.));
#3522=CARTESIAN_POINT('',(65.4881470497071,-86.5,24.5));
#3523=CARTESIAN_POINT('',(52.8690806510658,-86.5,24.5));
#3524=CARTESIAN_POINT('',(65.8825784533938,-85.5,25.5));
#3525=CARTESIAN_POINT('Origin',(45.3631786639127,-67.0149667685633,25.));
#3526=CARTESIAN_POINT('',(61.1037165777775,-82.4040545124703,24.5));
#3527=CARTESIAN_POINT('',(45.0218498732852,-67.3803359745574,24.5));
#3528=CARTESIAN_POINT('',(61.4981479814641,-81.4040545124703,25.5));
#3529=CARTESIAN_POINT('Origin',(29.8236666372191,-81.9040545124703,25.));
#3530=CARTESIAN_POINT('',(29.8236666372191,-82.4040545124703,24.5));
#3531=CARTESIAN_POINT('Ctrl Pts',(-2.62479009019685,-17.0730020786324,23.5));
#3532=CARTESIAN_POINT('Ctrl Pts',(-2.62479009019685,-17.0730020786324,25.5));
#3533=CARTESIAN_POINT('Ctrl Pts',(-0.675025090765094,-23.073761718744,23.5));
#3534=CARTESIAN_POINT('Ctrl Pts',(-0.675025090765094,-23.073761718744,25.5));
#3535=CARTESIAN_POINT('Ctrl Pts',(0.340805760138836,-29.6233597980386,23.5));
#3536=CARTESIAN_POINT('Ctrl Pts',(0.340805760138836,-29.6233597980386,25.5));
#3537=CARTESIAN_POINT('Ctrl Pts',(0.631218637905841,-36.351621036503,23.5));
#3538=CARTESIAN_POINT('Ctrl Pts',(0.631218637905841,-36.351621036503,25.5));
#3539=CARTESIAN_POINT('Ctrl Pts',(0.929400596657041,-43.2598756927744,23.5));
#3540=CARTESIAN_POINT('Ctrl Pts',(0.929400596657041,-43.2598756927744,25.5));
#3541=CARTESIAN_POINT('Ctrl Pts',(0.492520235406265,-50.2975316079306,23.5));
#3542=CARTESIAN_POINT('Ctrl Pts',(0.492520235406265,-50.2975316079306,25.5));
#3543=CARTESIAN_POINT('Ctrl Pts',(-0.895665224067774,-56.9350843036702,
23.5));
#3544=CARTESIAN_POINT('Ctrl Pts',(-0.895665224067774,-56.9350843036702,
25.5));
#3545=CARTESIAN_POINT('Ctrl Pts',(-1.35935802296213,-59.1522126897162,23.5));
#3546=CARTESIAN_POINT('Ctrl Pts',(-1.35935802296213,-59.1522126897162,25.5));
#3547=CARTESIAN_POINT('Ctrl Pts',(-1.93313000994628,-61.3271129535008,23.5));
#3548=CARTESIAN_POINT('Ctrl Pts',(-1.93313000994628,-61.3271129535008,25.5));
#3549=CARTESIAN_POINT('Ctrl Pts',(-2.62479009019682,-63.4558237958092,23.5));
#3550=CARTESIAN_POINT('Ctrl Pts',(-2.62479009019682,-63.4558237958092,25.5));
#3551=CARTESIAN_POINT('',(-2.62479009019685,-17.0730020786324,23.5));
#3552=CARTESIAN_POINT('',(-2.62479009019685,-17.0730020786324,23.5));
#3553=CARTESIAN_POINT('',(-2.62479009019682,-63.4558237958092,23.5));
#3554=CARTESIAN_POINT('Ctrl Pts',(-2.62479009019685,-17.0730020786324,23.5));
#3555=CARTESIAN_POINT('Ctrl Pts',(-0.675025090765094,-23.073761718744,23.5));
#3556=CARTESIAN_POINT('Ctrl Pts',(0.340805760138836,-29.6233597980386,23.5));
#3557=CARTESIAN_POINT('Ctrl Pts',(0.631218637905841,-36.351621036503,23.5));
#3558=CARTESIAN_POINT('Ctrl Pts',(0.929400596657041,-43.2598756927744,23.5));
#3559=CARTESIAN_POINT('Ctrl Pts',(0.492520235406265,-50.2975316079306,23.5));
#3560=CARTESIAN_POINT('Ctrl Pts',(-0.895665224067774,-56.9350843036702,
23.5));
#3561=CARTESIAN_POINT('Ctrl Pts',(-1.35935802296213,-59.1522126897162,23.5));
#3562=CARTESIAN_POINT('Ctrl Pts',(-1.93313000994628,-61.3271129535008,23.5));
#3563=CARTESIAN_POINT('Ctrl Pts',(-2.62479009019682,-63.4558237958092,23.5));
#3564=CARTESIAN_POINT('',(-2.62479009019682,-63.4558237958092,23.5));
#3565=CARTESIAN_POINT('Origin',(-5.99997149515096,-6.68526183362508,23.5));
#3566=CARTESIAN_POINT('',(-5.99997149515096,-6.68526183362508,23.5));
#3567=CARTESIAN_POINT('',(-5.99997149515096,-6.68526183362508,23.5));
#3568=CARTESIAN_POINT('',(-6.95102801144611,-3.75821085050023,23.5));
#3569=CARTESIAN_POINT('Origin',(-5.99997149515096,-3.44919385612528,23.5));
#3570=CARTESIAN_POINT('',(-5.99997149515096,-3.44919385612528,23.5));
#3571=CARTESIAN_POINT('',(-5.99997149515096,-3.44919385612528,23.5));
#3572=CARTESIAN_POINT('',(-5.99997149515096,-3.44919385612528,23.5));
#3573=CARTESIAN_POINT('Origin',(86.5,-6.67084808747391,23.5));
#3574=CARTESIAN_POINT('',(86.5,-6.67084808747391,23.5));
#3575=CARTESIAN_POINT('',(86.5,-3.43478010997415,23.5));
#3576=CARTESIAN_POINT('Origin',(83.1248185950459,-17.0585883324813,23.5));
#3577=CARTESIAN_POINT('',(83.1248185950459,-17.0585883324813,23.5));
#3578=CARTESIAN_POINT('Ctrl Pts',(83.1248185950459,-63.4414116606728,23.5));
#3579=CARTESIAN_POINT('Ctrl Pts',(83.1248185950459,-63.4414116606728,25.5));
#3580=CARTESIAN_POINT('Ctrl Pts',(80.4775000091856,-55.2938028313125,23.5));
#3581=CARTESIAN_POINT('Ctrl Pts',(80.4775000091856,-55.2938028313125,25.5));
#3582=CARTESIAN_POINT('Ctrl Pts',(79.3956587396844,-47.6878784195729,23.5));
#3583=CARTESIAN_POINT('Ctrl Pts',(79.3956587396844,-47.6878784195729,25.5));
#3584=CARTESIAN_POINT('Ctrl Pts',(79.4098876488091,-40.1372606391507,23.5));
#3585=CARTESIAN_POINT('Ctrl Pts',(79.4098876488091,-40.1372606391507,25.5));
#3586=CARTESIAN_POINT('Ctrl Pts',(79.4241165579339,-32.5866428587285,23.5));
#3587=CARTESIAN_POINT('Ctrl Pts',(79.4241165579339,-32.5866428587285,25.5));
#3588=CARTESIAN_POINT('Ctrl Pts',(80.5297797794957,-25.0452965734307,23.5));
#3589=CARTESIAN_POINT('Ctrl Pts',(80.5297797794957,-25.0452965734307,25.5));
#3590=CARTESIAN_POINT('Ctrl Pts',(83.1248185950459,-17.0585883324813,23.5));
#3591=CARTESIAN_POINT('Ctrl Pts',(83.1248185950459,-17.0585883324813,25.5));
#3592=CARTESIAN_POINT('',(83.1248185950459,-63.4414116606728,23.5));
#3593=CARTESIAN_POINT('Origin',(86.5,-73.8291519056801,23.5));
#3594=CARTESIAN_POINT('',(86.5,-73.8291519056801,23.5));
#3595=CARTESIAN_POINT('Origin',(17.701263986161,-78.1040545124703,23.5));
#3596=CARTESIAN_POINT('',(17.701263986161,-78.1040545124703,23.5));
#3597=CARTESIAN_POINT('',(12.9957039096417,-82.5000000486388,23.5));
#3598=CARTESIAN_POINT('Origin',(62.7997716136302,-78.1040545124703,23.5));
#3599=CARTESIAN_POINT('',(62.7997716136302,-78.1040545124703,23.5));
#3600=CARTESIAN_POINT('Origin',(67.5048356201561,-82.4995366188582,23.5));
#3601=CARTESIAN_POINT('',(67.5048356201561,-82.4995366188582,23.5));
#3602=CARTESIAN_POINT('Origin',(81.6520652998187,-75.0890829771303,23.5));
#3603=CARTESIAN_POINT('',(81.6520652998187,-75.0890829771303,23.5));
#3604=CARTESIAN_POINT('Origin',(78.3695360135701,-64.9864966325476,23.5));
#3605=CARTESIAN_POINT('',(78.3695360135701,-64.9864966325476,23.5));
#3606=CARTESIAN_POINT('Ctrl Pts',(78.3695360135701,-15.5135033606065,23.5));
#3607=CARTESIAN_POINT('Ctrl Pts',(78.3695360135701,-15.5135033606065,25.5));
#3608=CARTESIAN_POINT('Ctrl Pts',(76.0442308191757,-22.6700568763024,23.5));
#3609=CARTESIAN_POINT('Ctrl Pts',(76.0442308191757,-22.6700568763024,25.5));
#3610=CARTESIAN_POINT('Ctrl Pts',(74.8388936868292,-29.5692012964315,23.5));
#3611=CARTESIAN_POINT('Ctrl Pts',(74.8388936868292,-29.5692012964315,25.5));
#3612=CARTESIAN_POINT('Ctrl Pts',(74.5052212521583,-36.3786428352705,23.5));
#3613=CARTESIAN_POINT('Ctrl Pts',(74.5052212521583,-36.3786428352705,25.5));
#3614=CARTESIAN_POINT('Ctrl Pts',(74.1806942162127,-43.0014490650519,23.5));
#3615=CARTESIAN_POINT('Ctrl Pts',(74.1806942162127,-43.0014490650519,25.5));
#3616=CARTESIAN_POINT('Ctrl Pts',(74.6421547624866,-49.5961024090134,23.5));
#3617=CARTESIAN_POINT('Ctrl Pts',(74.6421547624866,-49.5961024090134,25.5));
#3618=CARTESIAN_POINT('Ctrl Pts',(76.0899013320212,-56.4778103473211,23.5));
#3619=CARTESIAN_POINT('Ctrl Pts',(76.0899013320212,-56.4778103473211,25.5));
#3620=CARTESIAN_POINT('Ctrl Pts',(76.6773874285229,-59.2703624548635,23.5));
#3621=CARTESIAN_POINT('Ctrl Pts',(76.6773874285229,-59.2703624548635,25.5));
#3622=CARTESIAN_POINT('Ctrl Pts',(77.4340090061392,-62.1072405631945,23.5));
#3623=CARTESIAN_POINT('Ctrl Pts',(77.4340090061392,-62.1072405631945,25.5));
#3624=CARTESIAN_POINT('Ctrl Pts',(78.3695360135701,-64.9864966325476,23.5));
#3625=CARTESIAN_POINT('Ctrl Pts',(78.3695360135701,-64.9864966325476,25.5));
#3626=CARTESIAN_POINT('Origin',(12.9957039096417,-82.5000000486388,23.5));
#3627=CARTESIAN_POINT('Origin',(-2.62479009019682,-63.4558237958092,23.5));
#3628=CARTESIAN_POINT('',(-5.99997149515094,-73.8435640408166,23.5));
#3629=CARTESIAN_POINT('',(-6.95102801144609,-76.7706150239414,23.5));
#3630=CARTESIAN_POINT('',(-5.99997149515094,-73.8435640408166,23.5));
#3631=CARTESIAN_POINT('Origin',(86.5,-77.0652198831799,23.5));
#3632=CARTESIAN_POINT('',(86.5,-77.0652198831799,23.5));
#3633=CARTESIAN_POINT('Origin',(-5.99997149515093,-73.8435640408166,23.5));
#3634=CARTESIAN_POINT('',(-5.99997149515093,-77.0796320183163,23.5));
#3635=CARTESIAN_POINT('',(-5.99997149515096,-3.44919385612528,23.5));
#3636=CARTESIAN_POINT('',(-5.99997149515093,-77.0796320183163,23.5));
#3637=CARTESIAN_POINT('Origin',(40.2500142524245,-40.2500000335276,23.5));
#3638=CARTESIAN_POINT('',(-1.67373357390167,-63.7648407901842,23.5));
#3639=CARTESIAN_POINT('',(3.78336641952514,-46.9696139796953,23.5));
#3640=CARTESIAN_POINT('',(-1.67373357390169,-16.7639850842574,23.5));
#3641=CARTESIAN_POINT('',(1.6160116127837,-26.8887796868206,23.5));
#3642=CARTESIAN_POINT('Ctrl Pts',(-1.67373357390169,-16.7639850842574,23.5));
#3643=CARTESIAN_POINT('Ctrl Pts',(-1.10976374230924,-18.499705750413,23.5));
#3644=CARTESIAN_POINT('Ctrl Pts',(-0.108412194603408,-22.0365693856067,
23.5));
#3645=CARTESIAN_POINT('Ctrl Pts',(1.01415623882315,-27.5379330115078,23.5));
#3646=CARTESIAN_POINT('Ctrl Pts',(1.82538013414244,-35.1919326303906,23.5));
#3647=CARTESIAN_POINT('Ctrl Pts',(1.85731060171142,-44.9773371044657,23.5));
#3648=CARTESIAN_POINT('Ctrl Pts',(1.07503256713518,-52.7128360882014,23.5));
#3649=CARTESIAN_POINT('Ctrl Pts',(-0.0609604553305808,-58.3297134268148,
23.5));
#3650=CARTESIAN_POINT('Ctrl Pts',(-1.09070293616028,-61.9704569947387,23.5));
#3651=CARTESIAN_POINT('Ctrl Pts',(-1.67373357390167,-63.7648407901842,23.5));
#3652=CARTESIAN_POINT('Origin',(51.5859300000001,-10.5123,23.5));
#3653=CARTESIAN_POINT('',(51.5859300000001,-10.5123,22.5));
#3654=CARTESIAN_POINT('',(51.5859300000001,-16.6495,22.5));
#3655=CARTESIAN_POINT('',(51.5859300000001,-10.5123,22.5));
#3656=CARTESIAN_POINT('',(51.5859300000001,-16.6495,23.5));
#3657=CARTESIAN_POINT('',(51.5859300000001,-10.5123,23.5));
#3658=CARTESIAN_POINT('Origin',(28.1272000000003,-10.5123,23.5));
#3659=CARTESIAN_POINT('',(28.1272000000003,-10.5123,22.5));
#3660=CARTESIAN_POINT('',(28.1272000000003,-10.5123,22.5));
#3661=CARTESIAN_POINT('',(28.1272000000003,-10.5123,23.5));
#3662=CARTESIAN_POINT('Origin',(28.1272000000003,-16.6495,23.5));
#3663=CARTESIAN_POINT('',(28.1272000000003,-16.6495,22.5));
#3664=CARTESIAN_POINT('',(28.1272000000003,-16.6495,22.5));
#3665=CARTESIAN_POINT('',(28.1272000000003,-16.6495,23.5));
#3666=CARTESIAN_POINT('Origin',(51.5859300000001,-16.6495,23.5));
#3667=CARTESIAN_POINT('',(51.5859300000001,-16.6495,22.5));
#3668=CARTESIAN_POINT('Origin',(59.9244823022199,-7.65479999999995,22.5));
#3669=CARTESIAN_POINT('',(59.9244823022199,-20.3325,19.));
#3670=CARTESIAN_POINT('',(59.9244823022199,-7.65479999999995,19.));
#3671=CARTESIAN_POINT('',(59.9244823022199,-23.9524000167638,19.));
#3672=CARTESIAN_POINT('',(59.9244823022199,-20.3325,22.5));
#3673=CARTESIAN_POINT('',(59.9244823022199,-20.3325,22.5));
#3674=CARTESIAN_POINT('',(59.9244823022199,-7.65479999999995,22.5));
#3675=CARTESIAN_POINT('',(59.9244823022199,-7.65479999999995,22.5));
#3676=CARTESIAN_POINT('',(59.9244823022199,-7.65479999999995,22.5));
#3677=CARTESIAN_POINT('Origin',(20.0754000000003,-7.65479999999995,22.5));
#3678=CARTESIAN_POINT('',(20.0754000000003,-7.65479999999995,19.));
#3679=CARTESIAN_POINT('',(30.1627071262124,-7.65479999999995,19.));
#3680=CARTESIAN_POINT('',(20.0754000000003,-7.65479999999995,22.5));
#3681=CARTESIAN_POINT('',(20.0754000000003,-7.65479999999995,22.5));
#3682=CARTESIAN_POINT('',(20.0754000000003,-7.65479999999995,22.5));
#3683=CARTESIAN_POINT('Origin',(20.0754000000003,-20.3325,22.5));
#3684=CARTESIAN_POINT('',(20.0754000000003,-20.3325,19.));
#3685=CARTESIAN_POINT('',(20.0754000000003,-30.2912500167638,19.));
#3686=CARTESIAN_POINT('',(20.0754000000003,-20.3325,22.5));
#3687=CARTESIAN_POINT('',(20.0754000000003,-20.3325,22.5));
#3688=CARTESIAN_POINT('',(20.0754000000003,-20.3325,22.5));
#3689=CARTESIAN_POINT('Origin',(59.9244823022199,-20.3325,22.5));
#3690=CARTESIAN_POINT('',(50.0872482773222,-20.3325,19.));
#3691=CARTESIAN_POINT('',(59.9244823022199,-20.3325,22.5));
#3692=CARTESIAN_POINT('Origin',(39.9999411511101,-13.99365,22.5));
#3693=CARTESIAN_POINT('Origin',(61.1037165777775,-82.4040545124703,23.5));
#3694=CARTESIAN_POINT('',(65.4881470497071,-86.5,23.));
#3695=CARTESIAN_POINT('',(61.1037165777775,-82.4040545124703,23.));
#3696=CARTESIAN_POINT('',(55.9222339024866,-77.5635009403594,23.));
#3697=CARTESIAN_POINT('',(65.4881470497071,-86.5,22.25));
#3698=CARTESIAN_POINT('',(61.1037165777775,-82.4040545124703,23.5));
#3699=CARTESIAN_POINT('Origin',(19.3973190220137,-82.4040545124703,23.5));
#3700=CARTESIAN_POINT('',(19.3973190220137,-82.4040545124703,23.));
#3701=CARTESIAN_POINT('',(29.8239184109547,-82.4040545124703,23.));
#3702=CARTESIAN_POINT('',(19.3973190220137,-82.4040545124703,23.5));
#3703=CARTESIAN_POINT('Origin',(15.0128885500841,-86.5,23.5));
#3704=CARTESIAN_POINT('',(15.0128885500841,-86.5,23.));
#3705=CARTESIAN_POINT('',(22.3865864613397,-79.6114736841242,23.));
#3706=CARTESIAN_POINT('',(15.0128885500841,-86.5,22.25));
#3707=CARTESIAN_POINT('Origin',(12.0128885500841,-86.5,21.));
#3708=CARTESIAN_POINT('',(66.9530102951452,-86.5,23.));
#3709=CARTESIAN_POINT('',(26.1317031749899,-86.5,23.));
#3710=CARTESIAN_POINT('',(66.9530102951452,-86.5,19.));
#3711=CARTESIAN_POINT('',(66.9530102951452,-86.5,22.));
#3712=CARTESIAN_POINT('',(68.4881470497071,-86.5,19.));
#3713=CARTESIAN_POINT('',(26.1314514012543,-86.5,19.));
#3714=CARTESIAN_POINT('',(68.4881470497071,-86.5,21.));
#3715=CARTESIAN_POINT('Origin',(82.3805132955246,-40.249999996577,19.));
#3716=CARTESIAN_POINT('',(85.4538692502572,-6.65443949619043,19.));
#3717=CARTESIAN_POINT('',(86.0926441412474,-5.07380911794074,19.));
#3718=CARTESIAN_POINT('Origin',(83.8176441412474,-5.07380911794074,19.));
#3719=CARTESIAN_POINT('',(86.0704492867199,-4.75680126861807,19.));
#3720=CARTESIAN_POINT('Origin',(83.8176441412474,-5.07380911794074,19.));
#3721=CARTESIAN_POINT('',(86.5,-3.43478010997415,19.));
#3722=CARTESIAN_POINT('Origin',(82.3805132955246,-40.249999996577,19.));
#3723=CARTESIAN_POINT('',(86.0082054032017,-75.551631748942,19.));
#3724=CARTESIAN_POINT('',(86.0218401170725,-75.302931039876,19.));
#3725=CARTESIAN_POINT('Origin',(83.7468401170725,-75.302931039876,19.));
#3726=CARTESIAN_POINT('',(85.4301404550169,-73.7725307744957,19.));
#3727=CARTESIAN_POINT('Origin',(83.7468401170725,-75.302931039876,19.));
#3728=CARTESIAN_POINT('',(86.5,-77.0652198831799,19.));
#3729=CARTESIAN_POINT('Origin',(-2.07133044671977,-40.2644129372208,19.));
#3730=CARTESIAN_POINT('',(-5.52989576172113,-4.89593820212786,19.));
#3731=CARTESIAN_POINT('',(-4.95489517002517,-6.66560805705653,19.));
#3732=CARTESIAN_POINT('Origin',(-3.26794264498958,-5.1392345188045,19.));
#3733=CARTESIAN_POINT('',(-5.99997149515096,-3.44919385612528,19.));
#3734=CARTESIAN_POINT('Origin',(-2.07133044671977,-40.2644129372208,19.));
#3735=CARTESIAN_POINT('',(-4.94610755636115,-73.8361723234804,19.));
#3736=CARTESIAN_POINT('',(-5.50952291877096,-75.5701865089607,19.));
#3737=CARTESIAN_POINT('Origin',(-3.24546928090405,-75.3472826622877,19.));
#3738=CARTESIAN_POINT('',(-5.99997149515093,-77.0796320183163,19.));
#3739=CARTESIAN_POINT('Origin',(61.4981479814642,-81.4040545124703,23.));
#3740=CARTESIAN_POINT('',(61.4981479814642,-81.4040545124703,23.));
#3741=CARTESIAN_POINT('',(66.9530102951452,-86.5,23.));
#3742=CARTESIAN_POINT('',(61.4981479814642,-81.4040545124703,19.));
#3743=CARTESIAN_POINT('',(61.4981479814642,-81.4040545124703,23.));
#3744=CARTESIAN_POINT('',(45.560394365756,-66.5149667685633,19.));
#3745=CARTESIAN_POINT('Origin',(19.002887618327,-81.4040545124703,23.));
#3746=CARTESIAN_POINT('',(19.002887618327,-81.4040545124703,23.));
#3747=CARTESIAN_POINT('',(61.4981479814642,-81.4040545124703,23.));
#3748=CARTESIAN_POINT('',(19.002887618327,-81.4040545124703,19.));
#3749=CARTESIAN_POINT('',(19.002887618327,-81.4040545124703,23.));
#3750=CARTESIAN_POINT('',(29.6264509353758,-81.4040545124703,19.));
#3751=CARTESIAN_POINT('Origin',(13.5480253046461,-86.5,23.));
#3752=CARTESIAN_POINT('',(13.5480253046461,-86.5,23.));
#3753=CARTESIAN_POINT('',(13.5480253046461,-86.5,23.));
#3754=CARTESIAN_POINT('',(13.5480253046461,-86.5,19.));
#3755=CARTESIAN_POINT('',(13.5480253046461,-86.5,22.));
#3756=CARTESIAN_POINT('',(32.2129411936075,-69.0631907040214,19.));
#3757=CARTESIAN_POINT('Origin',(40.2505177998956,-83.9520272562351,23.));
#3758=CARTESIAN_POINT('',(26.1317031749899,-86.5,23.));
#3759=CARTESIAN_POINT('Ctrl Pts',(82.1737620787508,-63.7504286550478,23.5));
#3760=CARTESIAN_POINT('Ctrl Pts',(82.1737620787508,-63.7504286550478,19.));
#3761=CARTESIAN_POINT('Ctrl Pts',(81.5308045453216,-61.77160883931,23.5));
#3762=CARTESIAN_POINT('Ctrl Pts',(81.5308045453216,-61.77160883931,19.));
#3763=CARTESIAN_POINT('Ctrl Pts',(80.394035499557,-57.8589460261637,23.5));
#3764=CARTESIAN_POINT('Ctrl Pts',(80.394035499557,-57.8589460261637,19.));
#3765=CARTESIAN_POINT('Ctrl Pts',(79.1359541288114,-52.1247455150112,23.5));
#3766=CARTESIAN_POINT('Ctrl Pts',(79.1359541288114,-52.1247455150112,19.));
#3767=CARTESIAN_POINT('Ctrl Pts',(78.2610265910492,-44.698244922151,23.5));
#3768=CARTESIAN_POINT('Ctrl Pts',(78.2610265910492,-44.698244922151,19.));
#3769=CARTESIAN_POINT('Ctrl Pts',(78.2821330843009,-35.5640833483037,23.5));
#3770=CARTESIAN_POINT('Ctrl Pts',(78.2821330843009,-35.5640833483037,19.));
#3771=CARTESIAN_POINT('Ctrl Pts',(79.1761942477491,-28.1914549948825,23.5));
#3772=CARTESIAN_POINT('Ctrl Pts',(79.1761942477491,-28.1914549948825,19.));
#3773=CARTESIAN_POINT('Ctrl Pts',(80.425401774184,-22.5336106909343,23.5));
#3774=CARTESIAN_POINT('Ctrl Pts',(80.425401774184,-22.5336106909343,19.));
#3775=CARTESIAN_POINT('Ctrl Pts',(81.5434040093126,-18.6896139909417,23.5));
#3776=CARTESIAN_POINT('Ctrl Pts',(81.5434040093126,-18.6896139909417,19.));
#3777=CARTESIAN_POINT('Ctrl Pts',(82.1737620787507,-16.7495713381063,23.5));
#3778=CARTESIAN_POINT('Ctrl Pts',(82.1737620787507,-16.7495713381063,19.));
#3779=CARTESIAN_POINT('',(82.1737620787507,-16.7495713381063,19.));
#3780=CARTESIAN_POINT('',(82.1737620787507,-16.7495713381063,23.5));
#3781=CARTESIAN_POINT('',(82.1737620787508,-63.7504286550478,19.));
#3782=CARTESIAN_POINT('',(82.1737620787508,-63.7504286550478,23.5));
#3783=CARTESIAN_POINT('Ctrl Pts',(82.1737620787507,-16.7495713381063,19.));
#3784=CARTESIAN_POINT('Ctrl Pts',(81.5434040093126,-18.6896139909417,19.));
#3785=CARTESIAN_POINT('Ctrl Pts',(80.425401774184,-22.5336106909343,19.));
#3786=CARTESIAN_POINT('Ctrl Pts',(79.1761942477491,-28.1914549948825,19.));
#3787=CARTESIAN_POINT('Ctrl Pts',(78.2821330843009,-35.5640833483037,19.));
#3788=CARTESIAN_POINT('Ctrl Pts',(78.2610265910492,-44.698244922151,19.));
#3789=CARTESIAN_POINT('Ctrl Pts',(79.1359541288114,-52.1247455150112,19.));
#3790=CARTESIAN_POINT('Ctrl Pts',(80.394035499557,-57.8589460261637,19.));
#3791=CARTESIAN_POINT('Ctrl Pts',(81.5308045453216,-61.77160883931,19.));
#3792=CARTESIAN_POINT('Ctrl Pts',(82.1737620787508,-63.7504286550478,19.));
#3793=CARTESIAN_POINT('Origin',(82.1737620787507,-16.7495713381063,23.5));
#3794=CARTESIAN_POINT('',(86.5,-3.43478010997415,19.));
#3795=CARTESIAN_POINT('',(86.5,-3.43478010997415,21.));
#3796=CARTESIAN_POINT('',(76.7187798845862,-33.5382802326706,19.));
#3797=CARTESIAN_POINT('',(76.7187798845862,-33.5382802326706,19.));
#3798=CARTESIAN_POINT('Origin',(-5.99997149515096,-3.44919385612528,23.5));
#3799=CARTESIAN_POINT('',(-1.67373357390169,-16.7639850842574,19.));
#3800=CARTESIAN_POINT('',(-1.67373357390169,-16.7639850842574,23.5));
#3801=CARTESIAN_POINT('',(-5.99997149515096,-3.44919385612528,19.));
#3802=CARTESIAN_POINT('',(-5.99997149515096,-3.44919385612528,21.));
#3803=CARTESIAN_POINT('',(1.6160116127837,-26.8887796868206,19.));
#3804=CARTESIAN_POINT('',(1.6160116127837,-26.8887796868206,19.));
#3805=CARTESIAN_POINT('Origin',(12.0128885500841,-86.5,21.));
#3806=CARTESIAN_POINT('',(12.0128885500841,-86.5,19.));
#3807=CARTESIAN_POINT('',(12.0128885500841,-86.5,21.));
#3808=CARTESIAN_POINT('',(26.1314514012543,-86.5,19.));
#3809=CARTESIAN_POINT('Origin',(40.2500142524245,-40.2500000335276,19.));
#3810=CARTESIAN_POINT('',(86.5,-77.0652198831799,19.));
#3811=CARTESIAN_POINT('',(78.8818988560704,-53.6191154079717,19.));
#3812=CARTESIAN_POINT('',(66.9140664702173,-87.3245183987804,19.));
#3813=CARTESIAN_POINT('',(-5.99997149515093,-77.0796320183163,19.));
#3814=CARTESIAN_POINT('',(4.59627726511706,-82.6212596275082,19.));
#3815=CARTESIAN_POINT('',(3.78336641952514,-46.9696139796953,19.));
#3816=CARTESIAN_POINT('',(-0.970469280904047,-75.3472826622877,19.));
#3817=CARTESIAN_POINT('Origin',(-3.24546928090405,-75.3472826622877,19.));
#3818=CARTESIAN_POINT('Origin',(-3.24546928090405,-75.3472826622877,19.));
#3819=CARTESIAN_POINT('',(-1.67373357390167,-63.7648407901842,19.));
#3820=CARTESIAN_POINT('',(3.78336641952514,-46.9696139796953,19.));
#3821=CARTESIAN_POINT('Ctrl Pts',(-1.67373357390167,-63.7648407901842,19.));
#3822=CARTESIAN_POINT('Ctrl Pts',(-1.09070293616028,-61.9704569947387,19.));
#3823=CARTESIAN_POINT('Ctrl Pts',(-0.0609604553305808,-58.3297134268148,
19.));
#3824=CARTESIAN_POINT('Ctrl Pts',(1.07503256713518,-52.7128360882014,19.));
#3825=CARTESIAN_POINT('Ctrl Pts',(1.85731060171142,-44.9773371044657,19.));
#3826=CARTESIAN_POINT('Ctrl Pts',(1.82538013414244,-35.1919326303906,19.));
#3827=CARTESIAN_POINT('Ctrl Pts',(1.01415623882315,-27.5379330115078,19.));
#3828=CARTESIAN_POINT('Ctrl Pts',(-0.108412194603408,-22.0365693856067,
19.));
#3829=CARTESIAN_POINT('Ctrl Pts',(-1.10976374230924,-18.499705750413,19.));
#3830=CARTESIAN_POINT('Ctrl Pts',(-1.67373357390169,-16.7639850842574,19.));
#3831=CARTESIAN_POINT('',(-0.992942644989575,-5.1392345188045,19.));
#3832=CARTESIAN_POINT('Origin',(-3.26794264498958,-5.1392345188045,19.));
#3833=CARTESIAN_POINT('Origin',(-3.26794264498958,-5.1392345188045,19.));
#3834=CARTESIAN_POINT('',(12.0108155303498,5.99999993294479,19.));
#3835=CARTESIAN_POINT('',(13.5691640354818,6.81757314587827,19.));
#3836=CARTESIAN_POINT('',(68.4881470443925,5.99999993294476,19.));
#3837=CARTESIAN_POINT('',(54.3690806484085,5.99999993294477,19.));
#3838=CARTESIAN_POINT('',(75.9199928620258,2.10712834582537,19.));
#3839=CARTESIAN_POINT('Origin',(83.8176441412474,-5.07380911794074,19.));
#3840=CARTESIAN_POINT('',(78.8818988560704,-53.6191154079717,19.));
#3841=CARTESIAN_POINT('Origin',(83.7468401170725,-75.302931039876,19.));
#3842=CARTESIAN_POINT('',(14.9191050679522,-83.9526168450329,19.));
#3843=CARTESIAN_POINT('Origin',(12.6441050679522,-83.9526168450329,19.));
#3844=CARTESIAN_POINT('',(70.1466325545129,-83.9837785247185,19.));
#3845=CARTESIAN_POINT('Origin',(67.8716325545129,-83.9837785247185,19.));
#3846=CARTESIAN_POINT('',(70.1434131106894,3.47365349374291,19.));
#3847=CARTESIAN_POINT('Origin',(67.8684131106894,3.47365349374291,19.));
#3848=CARTESIAN_POINT('',(14.8921441485837,3.53045176527491,19.));
#3849=CARTESIAN_POINT('Origin',(12.6171441485837,3.53045176527491,19.));
#3850=CARTESIAN_POINT('',(11.5000001788139,-30.500000461936,19.));
#3851=CARTESIAN_POINT('',(11.5000001788139,-71.5000010579824,19.));
#3852=CARTESIAN_POINT('',(11.5000001788139,-55.875000545755,19.));
#3853=CARTESIAN_POINT('',(70.5790144979096,-71.5000010579824,19.));
#3854=CARTESIAN_POINT('',(55.4145143751671,-71.5000010579824,19.));
#3855=CARTESIAN_POINT('',(70.5790144979096,-30.500000461936,19.));
#3856=CARTESIAN_POINT('',(70.5790144979096,-35.3750002477318,19.));
#3857=CARTESIAN_POINT('',(25.8750072156192,-30.500000461936,19.));
#3858=CARTESIAN_POINT('',(71.750001013279,-12.5000001862645,19.));
#3859=CARTESIAN_POINT('Origin',(68.000001013279,-12.5000001862645,19.));
#3860=CARTESIAN_POINT('Origin',(86.5,-77.0652198831799,23.5));
#3861=CARTESIAN_POINT('',(86.5,-77.0652198831799,21.));
#3862=CARTESIAN_POINT('Origin',(-1.67373357390167,-63.7648407901842,23.5));
#3863=CARTESIAN_POINT('',(-5.99997149515093,-77.0796320183163,21.));
#3864=CARTESIAN_POINT('',(-1.67373357390167,-63.7648407901842,23.5));
#3865=CARTESIAN_POINT('Ctrl Pts',(-1.67373357390169,-16.7639850842574,23.5));
#3866=CARTESIAN_POINT('Ctrl Pts',(-1.67373357390169,-16.7639850842574,19.));
#3867=CARTESIAN_POINT('Ctrl Pts',(-1.10976374230924,-18.499705750413,23.5));
#3868=CARTESIAN_POINT('Ctrl Pts',(-1.10976374230924,-18.499705750413,19.));
#3869=CARTESIAN_POINT('Ctrl Pts',(-0.108412194603408,-22.0365693856067,
23.5));
#3870=CARTESIAN_POINT('Ctrl Pts',(-0.108412194603408,-22.0365693856067,
19.));
#3871=CARTESIAN_POINT('Ctrl Pts',(1.01415623882315,-27.5379330115078,23.5));
#3872=CARTESIAN_POINT('Ctrl Pts',(1.01415623882315,-27.5379330115078,19.));
#3873=CARTESIAN_POINT('Ctrl Pts',(1.82538013414244,-35.1919326303906,23.5));
#3874=CARTESIAN_POINT('Ctrl Pts',(1.82538013414244,-35.1919326303906,19.));
#3875=CARTESIAN_POINT('Ctrl Pts',(1.85731060171142,-44.9773371044657,23.5));
#3876=CARTESIAN_POINT('Ctrl Pts',(1.85731060171142,-44.9773371044657,19.));
#3877=CARTESIAN_POINT('Ctrl Pts',(1.07503256713518,-52.7128360882014,23.5));
#3878=CARTESIAN_POINT('Ctrl Pts',(1.07503256713518,-52.7128360882014,19.));
#3879=CARTESIAN_POINT('Ctrl Pts',(-0.0609604553305808,-58.3297134268148,
23.5));
#3880=CARTESIAN_POINT('Ctrl Pts',(-0.0609604553305808,-58.3297134268148,
19.));
#3881=CARTESIAN_POINT('Ctrl Pts',(-1.09070293616028,-61.9704569947387,23.5));
#3882=CARTESIAN_POINT('Ctrl Pts',(-1.09070293616028,-61.9704569947387,19.));
#3883=CARTESIAN_POINT('Ctrl Pts',(-1.67373357390167,-63.7648407901842,23.5));
#3884=CARTESIAN_POINT('Ctrl Pts',(-1.67373357390167,-63.7648407901842,19.));
#3885=CARTESIAN_POINT('Origin',(70.5790144979096,-30.500000461936,23.5));
#3886=CARTESIAN_POINT('',(70.5790144979096,-71.5000010579824,23.5));
#3887=CARTESIAN_POINT('',(70.5790144979096,-71.5000010579824,23.5));
#3888=CARTESIAN_POINT('',(70.5790144979096,-30.500000461936,23.5));
#3889=CARTESIAN_POINT('',(70.5790144979096,-40.7500006109476,23.5));
#3890=CARTESIAN_POINT('',(70.5790144979096,-30.500000461936,23.5));
#3891=CARTESIAN_POINT('Origin',(11.5000001788139,-30.500000461936,23.5));
#3892=CARTESIAN_POINT('',(11.5000001788139,-30.500000461936,23.5));
#3893=CARTESIAN_POINT('',(26.2697537585879,-30.500000461936,23.5));
#3894=CARTESIAN_POINT('',(11.5000001788139,-30.500000461936,23.5));
#3895=CARTESIAN_POINT('Origin',(11.5000001788139,-71.5000010579824,23.5));
#3896=CARTESIAN_POINT('',(11.5000001788139,-71.5000010579824,23.5));
#3897=CARTESIAN_POINT('',(11.5000001788139,-61.2500009089708,23.5));
#3898=CARTESIAN_POINT('',(11.5000001788139,-71.5000010579824,23.5));
#3899=CARTESIAN_POINT('Origin',(70.5790144979096,-71.5000010579824,23.5));
#3900=CARTESIAN_POINT('',(55.8092609181357,-71.5000010579824,23.5));
#3901=CARTESIAN_POINT('Origin',(12.6441050679522,-83.9526168450329,23.5));
#3902=CARTESIAN_POINT('',(14.9191050679522,-83.9526168450329,14.1));
#3903=CARTESIAN_POINT('Origin',(12.6441050679522,-83.9526168450329,14.1));
#3904=CARTESIAN_POINT('',(14.9191050679522,-83.9526168450329,23.5));
#3905=CARTESIAN_POINT('Origin',(12.6441050679522,-83.9526168450329,14.1));
#3906=CARTESIAN_POINT('Origin',(-3.26794264498958,-5.1392345188045,23.5));
#3907=CARTESIAN_POINT('',(-0.992942644989575,-5.1392345188045,14.1));
#3908=CARTESIAN_POINT('Origin',(-3.26794264498958,-5.1392345188045,14.1));
#3909=CARTESIAN_POINT('',(-0.992942644989575,-5.1392345188045,23.5));
#3910=CARTESIAN_POINT('Origin',(-3.26794264498958,-5.1392345188045,14.1));
#3911=CARTESIAN_POINT('Origin',(83.8176441412474,-5.07380911794074,23.5));
#3912=CARTESIAN_POINT('',(86.0926441412474,-5.07380911794074,14.1));
#3913=CARTESIAN_POINT('Origin',(83.8176441412474,-5.07380911794074,14.1));
#3914=CARTESIAN_POINT('',(86.0926441412474,-5.07380911794074,23.5));
#3915=CARTESIAN_POINT('Origin',(83.8176441412474,-5.07380911794074,14.1));
#3916=CARTESIAN_POINT('Origin',(-3.24546928090405,-75.3472826622877,23.5));
#3917=CARTESIAN_POINT('',(-0.970469280904047,-75.3472826622877,14.1));
#3918=CARTESIAN_POINT('Origin',(-3.24546928090405,-75.3472826622877,14.1));
#3919=CARTESIAN_POINT('',(-0.970469280904047,-75.3472826622877,23.5));
#3920=CARTESIAN_POINT('Origin',(-3.24546928090405,-75.3472826622877,14.1));
#3921=CARTESIAN_POINT('Origin',(83.7468401170725,-75.302931039876,23.5));
#3922=CARTESIAN_POINT('',(86.0218401170725,-75.302931039876,14.1));
#3923=CARTESIAN_POINT('Origin',(83.7468401170725,-75.302931039876,14.1));
#3924=CARTESIAN_POINT('',(86.0218401170725,-75.302931039876,23.5));
#3925=CARTESIAN_POINT('Origin',(83.7468401170725,-75.302931039876,14.1));
#3926=CARTESIAN_POINT('Origin',(12.6171441485837,3.53045176527491,23.5));
#3927=CARTESIAN_POINT('',(14.8921441485837,3.53045176527491,14.1));
#3928=CARTESIAN_POINT('Origin',(12.6171441485837,3.53045176527491,14.1));
#3929=CARTESIAN_POINT('',(14.8921441485837,3.53045176527491,23.5));
#3930=CARTESIAN_POINT('Origin',(12.6171441485837,3.53045176527491,14.1));
#3931=CARTESIAN_POINT('Origin',(67.8684131106894,3.47365349374291,23.5));
#3932=CARTESIAN_POINT('',(70.1434131106894,3.47365349374291,14.1));
#3933=CARTESIAN_POINT('Origin',(67.8684131106894,3.47365349374291,14.1));
#3934=CARTESIAN_POINT('',(70.1434131106894,3.4736534937429,23.5));
#3935=CARTESIAN_POINT('Origin',(67.8684131106894,3.47365349374291,14.1));
#3936=CARTESIAN_POINT('Origin',(67.8716325545129,-83.9837785247185,23.5));
#3937=CARTESIAN_POINT('',(70.1466325545129,-83.9837785247185,14.1));
#3938=CARTESIAN_POINT('Origin',(67.8716325545129,-83.9837785247185,14.1));
#3939=CARTESIAN_POINT('',(70.1466325545129,-83.9837785247185,23.5));
#3940=CARTESIAN_POINT('Origin',(67.8716325545129,-83.9837785247185,14.1));
#3941=CARTESIAN_POINT('Origin',(86.5,-3.43478010997414,21.));
#3942=CARTESIAN_POINT('',(68.4881470443925,5.99999993294476,21.));
#3943=CARTESIAN_POINT('Origin',(68.4881470497071,-86.5,21.));
#3944=CARTESIAN_POINT('Origin',(-5.99997149515093,-77.0796320183163,21.));
#3945=CARTESIAN_POINT('Origin',(12.0108155303498,5.99999993294479,21.));
#3946=CARTESIAN_POINT('',(12.0108155303498,5.99999993294479,21.));
#3947=CARTESIAN_POINT('Origin',(68.4881470443925,5.99999993294476,21.));
#3948=CARTESIAN_POINT('Origin',(11.2500001788139,-40.7500006109476,24.75));
#3949=CARTESIAN_POINT('',(12.0000001788139,-71.0000010579824,25.5));
#3950=CARTESIAN_POINT('',(12.0000001788139,-31.000000461936,25.5));
#3951=CARTESIAN_POINT('',(12.0000001788139,-40.7500006109476,25.5));
#3952=CARTESIAN_POINT('',(10.5000001788139,-29.500000461936,24.));
#3953=CARTESIAN_POINT('',(12.0000001788139,-31.000000461936,25.5));
#3954=CARTESIAN_POINT('',(10.5000001788139,-72.5000010579824,24.));
#3955=CARTESIAN_POINT('',(10.5000001788139,-40.7500006109476,24.));
#3956=CARTESIAN_POINT('',(12.0000001788139,-71.0000010579824,25.5));
#3957=CARTESIAN_POINT('Origin',(55.8092609181357,-30.250000461936,24.75));
#3958=CARTESIAN_POINT('',(70.0790144979096,-31.000000461936,25.5));
#3959=CARTESIAN_POINT('',(55.8092609181357,-31.000000461936,25.5));
#3960=CARTESIAN_POINT('',(71.5790144979096,-29.500000461936,24.));
#3961=CARTESIAN_POINT('',(70.0790144979096,-31.000000461936,25.5));
#3962=CARTESIAN_POINT('',(55.8092609181357,-29.500000461936,24.));
#3963=CARTESIAN_POINT('Origin',(70.8290144979096,-61.2500009089708,24.75));
#3964=CARTESIAN_POINT('',(70.0790144979096,-71.0000010579824,25.5));
#3965=CARTESIAN_POINT('',(70.0790144979096,-61.2500009089708,25.5));
#3966=CARTESIAN_POINT('',(71.5790144979096,-72.5000010579824,24.));
#3967=CARTESIAN_POINT('',(70.0790144979096,-71.0000010579824,25.5));
#3968=CARTESIAN_POINT('',(71.5790144979096,-61.2500009089708,24.));
#3969=CARTESIAN_POINT('Origin',(26.2697537585879,-71.7500010579824,24.75));
#3970=CARTESIAN_POINT('',(26.2697537585879,-72.5000010579824,24.));
#3971=CARTESIAN_POINT('',(26.2697537585879,-71.0000010579824,25.5));
#3972=CARTESIAN_POINT('Origin',(11.5000001788139,-72.5000010579824,23.5));
#3973=CARTESIAN_POINT('',(10.5000001788139,-72.5000010579824,23.5));
#3974=CARTESIAN_POINT('',(71.5790144979096,-72.5000010579824,23.5));
#3975=CARTESIAN_POINT('Origin',(10.5000001788139,-30.500000461936,23.5));
#3976=CARTESIAN_POINT('',(10.5000001788139,-29.500000461936,23.5));
#3977=CARTESIAN_POINT('Origin',(41.0395073383618,-51.0000007599592,25.5));
#3978=CARTESIAN_POINT('',(12.5000001788139,-31.500000461936,25.5));
#3979=CARTESIAN_POINT('',(69.5790144979096,-31.500000461936,25.5));
#3980=CARTESIAN_POINT('',(55.8092609181357,-31.500000461936,25.5));
#3981=CARTESIAN_POINT('',(69.5790144979096,-70.5000010579824,25.5));
#3982=CARTESIAN_POINT('',(69.5790144979096,-61.2500009089708,25.5));
#3983=CARTESIAN_POINT('',(12.5000001788139,-70.5000010579824,25.5));
#3984=CARTESIAN_POINT('',(26.2697537585879,-70.5000010579824,25.5));
#3985=CARTESIAN_POINT('',(12.5000001788139,-40.7500006109476,25.5));
#3986=CARTESIAN_POINT('Origin',(70.5790144979096,-31.500000461936,23.5));
#3987=CARTESIAN_POINT('',(69.5790144979096,-31.500000461936,23.5));
#3988=CARTESIAN_POINT('',(12.5000001788139,-31.500000461936,23.5));
#3989=CARTESIAN_POINT('',(55.8092609181357,-31.500000461936,23.5));
#3990=CARTESIAN_POINT('',(69.5790144979096,-31.500000461936,23.5));
#3991=CARTESIAN_POINT('',(12.5000001788139,-31.500000461936,23.5));
#3992=CARTESIAN_POINT('Origin',(69.5790144979096,-71.5000010579824,23.5));
#3993=CARTESIAN_POINT('',(69.5790144979096,-70.5000010579824,23.5));
#3994=CARTESIAN_POINT('',(69.5790144979096,-61.2500009089708,23.5));
#3995=CARTESIAN_POINT('',(69.5790144979096,-70.5000010579824,23.5));
#3996=CARTESIAN_POINT('Origin',(11.5000001788139,-70.5000010579824,23.5));
#3997=CARTESIAN_POINT('',(12.5000001788139,-70.5000010579824,23.5));
#3998=CARTESIAN_POINT('',(26.2697537585879,-70.5000010579824,23.5));
#3999=CARTESIAN_POINT('',(12.5000001788139,-70.5000010579824,23.5));
#4000=CARTESIAN_POINT('Origin',(12.5000001788139,-30.500000461936,23.5));
#4001=CARTESIAN_POINT('',(12.5000001788139,-40.7500006109476,23.5));
#4002=CARTESIAN_POINT('Origin',(70.5790144979096,-29.500000461936,23.5));
#4003=CARTESIAN_POINT('',(71.5790144979096,-29.500000461936,23.5));
#4004=CARTESIAN_POINT('Origin',(71.5790144979096,-71.5000010579824,23.5));
#4005=CARTESIAN_POINT('Origin',(41.0395073383618,-51.0000007599592,23.5));
#4006=CARTESIAN_POINT('Origin',(68.000001013279,-12.5000001862645,23.5));
#4007=CARTESIAN_POINT('',(71.750001013279,-12.5000001862645,26.));
#4008=CARTESIAN_POINT('Origin',(68.000001013279,-12.5000001862645,26.));
#4009=CARTESIAN_POINT('',(71.750001013279,-12.5000001862645,23.5));
#4010=CARTESIAN_POINT('Origin',(68.000001013279,-12.5000001862645,23.5));
#4011=CARTESIAN_POINT('',(72.250001013279,-12.5000001862645,26.));
#4012=CARTESIAN_POINT('Origin',(68.000001013279,-12.5000001862645,26.));
#4013=CARTESIAN_POINT('',(72.250001013279,-12.5000001862645,23.5));
#4014=CARTESIAN_POINT('Origin',(68.000001013279,-12.5000001862645,26.));
#4015=UNCERTAINTY_MEASURE_WITH_UNIT(LENGTH_MEASURE(0.01),#4019,
'DISTANCE_ACCURACY_VALUE',
'Maximum model space distance between geometric entities at asserted c
onnectivities');
#4016=UNCERTAINTY_MEASURE_WITH_UNIT(LENGTH_MEASURE(0.01),#4019,
'DISTANCE_ACCURACY_VALUE',
'Maximum model space distance between geometric entities at asserted c
onnectivities');
#4017=(
GEOMETRIC_REPRESENTATION_CONTEXT(3)
GLOBAL_UNCERTAINTY_ASSIGNED_CONTEXT((#4015))
GLOBAL_UNIT_ASSIGNED_CONTEXT((#4019,#4021,#4022))
REPRESENTATION_CONTEXT('','3D')
);
#4018=(
GEOMETRIC_REPRESENTATION_CONTEXT(3)
GLOBAL_UNCERTAINTY_ASSIGNED_CONTEXT((#4016))
GLOBAL_UNIT_ASSIGNED_CONTEXT((#4019,#4021,#4022))
REPRESENTATION_CONTEXT('','3D')
);
#4019=(
LENGTH_UNIT()
NAMED_UNIT(*)
SI_UNIT(.MILLI.,.METRE.)
);
#4020=(
LENGTH_UNIT()
NAMED_UNIT(*)
SI_UNIT($,.METRE.)
);
#4021=(
NAMED_UNIT(*)
PLANE_ANGLE_UNIT()
SI_UNIT($,.RADIAN.)
);
#4022=(
NAMED_UNIT(*)
SI_UNIT($,.STERADIAN.)
SOLID_ANGLE_UNIT()
);
#4023=SHAPE_DEFINITION_REPRESENTATION(#4024,#4025);
#4024=PRODUCT_DEFINITION_SHAPE('',$,#4027);
#4025=SHAPE_REPRESENTATION('',(#2331),#4017);
#4026=PRODUCT_DEFINITION_CONTEXT('part definition',#4031,'design');
#4027=PRODUCT_DEFINITION('2026-09-25-13-29-44-336','Top',#4028,#4026);
#4028=PRODUCT_DEFINITION_FORMATION('',$,#4033);
#4029=PRODUCT_RELATED_PRODUCT_CATEGORY('Top','Top',(#4033));
#4030=APPLICATION_PROTOCOL_DEFINITION('international standard',
'automotive_design',2009,#4031);
#4031=APPLICATION_CONTEXT(
'Core Data for Automotive Mechanical Design Process');
#4032=PRODUCT_CONTEXT('part definition',#4031,'mechanical');
#4033=PRODUCT('2026-09-25-13-29-44-336','Top',$,(#4032));
#4034=PRESENTATION_STYLE_ASSIGNMENT((#4037));
#4035=PRESENTATION_STYLE_ASSIGNMENT((#4038));
#4036=PRESENTATION_STYLE_ASSIGNMENT((#4039));
#4037=SURFACE_STYLE_USAGE(.BOTH.,#4040);
#4038=SURFACE_STYLE_USAGE(.BOTH.,#4041);
#4039=SURFACE_STYLE_USAGE(.BOTH.,#4042);
#4040=SURFACE_SIDE_STYLE('',(#4043));
#4041=SURFACE_SIDE_STYLE('',(#4044));
#4042=SURFACE_SIDE_STYLE('',(#4045));
#4043=SURFACE_STYLE_FILL_AREA(#4046);
#4044=SURFACE_STYLE_FILL_AREA(#4047);
#4045=SURFACE_STYLE_FILL_AREA(#4048);
#4046=FILL_AREA_STYLE('Steel - Satin',(#4049));
#4047=FILL_AREA_STYLE(
'PA 11 - Nylon- HP 11-30 (with EOS P 396 3D Printer)',(#4050));
#4048=FILL_AREA_STYLE('Polymide (Kapton)',(#4051));
#4049=FILL_AREA_STYLE_COLOUR('Steel - Satin',#4052);
#4050=FILL_AREA_STYLE_COLOUR(
'PA 11 - Nylon- HP 11-30 (with EOS P 396 3D Printer)',#4053);
#4051=FILL_AREA_STYLE_COLOUR('Polymide (Kapton)',#4054);
#4052=COLOUR_RGB('Steel - Satin',0.627450980392157,0.627450980392157,0.627450980392157);
#4053=COLOUR_RGB('PA 11 - Nylon- HP 11-30 (with EOS P 396 3D Printer)',
0.247058823529412,0.247058823529412,0.247058823529412);
#4054=COLOUR_RGB('Polymide (Kapton)',0.784313725490196,0.556862745098039,
0.0274509803921569);
ENDSEC;
END-ISO-10303-21;
